Ngay,Gio chot gia,Loai vang,Chi nhanh,Gia mua (VND/Luong),Gia ban (VND/Luong),Gia mua (VND/Chi),Gia ban (VND/Chi),Gia TB (VND/Luong),Gia TB (VND/Chi),Chenh lech (VND),Nguon
2015-01-01,08:29,"Vàng SJC 1L, 10L, 1KG (Vàng miếng 99.99%)",TP. Hồ Chí Minh,34930000,35130000,3493000,3513000,35030000,3503000,200000,Giavang Archive
2015-01-02,08:29,"Vàng SJC 1L, 10L, 1KG (Vàng miếng 99.99%)",TP. Hồ Chí Minh,34950000,35150000,3495000,3515000,35050000,3505000,200000,Giavang Archive
2015-01-03,08:29,"Vàng SJC 1L, 10L, 1KG (Vàng miếng 99.99%)",TP. Hồ Chí Minh,34950000,35150000,3495000,3515000,35050000,3505000,200000,Giavang Archive
2015-01-04,08:29,"Vàng SJC 1L, 10L, 1KG (Vàng miếng 99.99%)",TP. Hồ Chí Minh,34950000,35150000,3495000,3515000,35050000,3505000,200000,Giavang Archive
2015-01-05,14:23,"Vàng SJC 1L, 10L, 1KG (Vàng miếng 99.99%)",TP. Hồ Chí Minh,35070000,35170000,3507000,3517000,35120000,3512000,100000,Giavang Archive
2015-01-06,15:20,"Vàng SJC 1L, 10L, 1KG (Vàng miếng 99.99%)",TP. Hồ Chí Minh,35160000,35260000,3516000,3526000,35210000,3521000,100000,Giavang Archive
2015-01-07,16:38,"Vàng SJC 1L, 10L, 1KG (Vàng miếng 99.99%)",TP. Hồ Chí Minh,35190000,35290000,3519000,3529000,35240000,3524000,100000,Giavang Archive
2015-01-08,11:11,"Vàng SJC 1L, 10L, 1KG (Vàng miếng 99.99%)",TP. Hồ Chí Minh,35130000,35230000,3513000,3523000,35180000,3518000,100000,Giavang Archive
2015-01-09,14:39,"Vàng SJC 1L, 10L, 1KG (Vàng miếng 99.99%)",TP. Hồ Chí Minh,35100000,35200000,3510000,3520000,35150000,3515000,100000,Giavang Archive
2015-01-10,09:53,"Vàng SJC 1L, 10L, 1KG (Vàng miếng 99.99%)",TP. Hồ Chí Minh,35180000,35280000,3518000,3528000,35230000,3523000,100000,Giavang Archive
2015-01-11,09:53,"Vàng SJC 1L, 10L, 1KG (Vàng miếng 99.99%)",TP. Hồ Chí Minh,35170000,35270000,3517000,3527000,35220000,3522000,100000,Giavang Archive
2015-01-12,15:30,"Vàng SJC 1L, 10L, 1KG (Vàng miếng 99.99%)",TP. Hồ Chí Minh,35190000,35290000,3519000,3529000,35240000,3524000,100000,Giavang Archive
2015-01-13,15:22,"Vàng SJC 1L, 10L, 1KG (Vàng miếng 99.99%)",TP. Hồ Chí Minh,35270000,35370000,3527000,3537000,35320000,3532000,100000,Giavang Archive
2015-01-14,15:34,"Vàng SJC 1L, 10L, 1KG (Vàng miếng 99.99%)",TP. Hồ Chí Minh,35210000,35310000,3521000,3531000,35260000,3526000,100000,Giavang Archive
2015-01-15,16:49,"Vàng SJC 1L, 10L, 1KG (Vàng miếng 99.99%)",TP. Hồ Chí Minh,35180000,35280000,3518000,3528000,35230000,3523000,100000,Giavang Archive
2015-01-16,15:25,"Vàng SJC 1L, 10L, 1KG (Vàng miếng 99.99%)",TP. Hồ Chí Minh,35370000,35470000,3537000,3547000,35420000,3542000,100000,Giavang Archive
2015-01-17,08:27,"Vàng SJC 1L, 10L, 1KG (Vàng miếng 99.99%)",TP. Hồ Chí Minh,35470000,35570000,3547000,3557000,35520000,3552000,100000,Giavang Archive
2015-01-18,08:27,"Vàng SJC 1L, 10L, 1KG (Vàng miếng 99.99%)",TP. Hồ Chí Minh,35500000,35600000,3550000,3560000,35550000,3555000,100000,Giavang Archive
2015-01-19,11:11,"Vàng SJC 1L, 10L, 1KG (Vàng miếng 99.99%)",TP. Hồ Chí Minh,35470000,35570000,3547000,3557000,35520000,3552000,100000,Giavang Archive
2015-01-20,15:38,"Vàng SJC 1L, 10L, 1KG (Vàng miếng 99.99%)",TP. Hồ Chí Minh,35440000,35540000,3544000,3554000,35490000,3549000,100000,Giavang Archive
2015-01-21,16:10,"Vàng SJC 1L, 10L, 1KG (Vàng miếng 99.99%)",TP. Hồ Chí Minh,35740000,35840000,3574000,3584000,35790000,3579000,100000,Giavang Archive
2015-01-22,16:10,"Vàng SJC 1L, 10L, 1KG (Vàng miếng 99.99%)",TP. Hồ Chí Minh,35600000,35700000,3560000,3570000,35650000,3565000,100000,Giavang Archive
2015-01-23,15:50,"Vàng SJC 1L, 10L, 1KG (Vàng miếng 99.99%)",TP. Hồ Chí Minh,35600000,35700000,3560000,3570000,35650000,3565000,100000,Giavang Archive
2015-01-24,09:38,"Vàng SJC 1L, 10L, 1KG (Vàng miếng 99.99%)",TP. Hồ Chí Minh,35580000,35680000,3558000,3568000,35630000,3563000,100000,Giavang Archive
2015-01-25,09:38,"Vàng SJC 1L, 10L, 1KG (Vàng miếng 99.99%)",TP. Hồ Chí Minh,35570000,35670000,3557000,3567000,35620000,3562000,100000,Giavang Archive
2015-01-26,16:24,"Vàng SJC 1L, 10L, 1KG (Vàng miếng 99.99%)",TP. Hồ Chí Minh,35370000,35470000,3537000,3547000,35420000,3542000,100000,Giavang Archive
2015-01-27,16:56,"Vàng SJC 1L, 10L, 1KG (Vàng miếng 99.99%)",TP. Hồ Chí Minh,35310000,35410000,3531000,3541000,35360000,3536000,100000,Giavang Archive
2015-01-28,16:42,"Vàng SJC 1L, 10L, 1KG (Vàng miếng 99.99%)",TP. Hồ Chí Minh,35340000,35440000,3534000,3544000,35390000,3539000,100000,Giavang Archive
2015-01-29,16:24,"Vàng SJC 1L, 10L, 1KG (Vàng miếng 99.99%)",TP. Hồ Chí Minh,35320000,35420000,3532000,3542000,35370000,3537000,100000,Giavang Archive
2015-01-30,16:04,"Vàng SJC 1L, 10L, 1KG (Vàng miếng 99.99%)",TP. Hồ Chí Minh,35230000,35330000,3523000,3533000,35280000,3528000,100000,Giavang Archive
2015-01-31,09:06,"Vàng SJC 1L, 10L, 1KG (Vàng miếng 99.99%)",TP. Hồ Chí Minh,35350000,35450000,3535000,3545000,35400000,3540000,100000,Giavang Archive
2015-02-01,09:06,"Vàng SJC 1L, 10L, 1KG (Vàng miếng 99.99%)",TP. Hồ Chí Minh,35330000,35430000,3533000,3543000,35380000,3538000,100000,Giavang Archive
2015-02-02,16:22,"Vàng SJC 1L, 10L, 1KG (Vàng miếng 99.99%)",TP. Hồ Chí Minh,35260000,35360000,3526000,3536000,35310000,3531000,100000,Giavang Archive
2015-02-03,16:07,"Vàng SJC 1L, 10L, 1KG (Vàng miếng 99.99%)",TP. Hồ Chí Minh,35260000,35360000,3526000,3536000,35310000,3531000,100000,Giavang Archive
2015-02-04,14:36,"Vàng SJC 1L, 10L, 1KG (Vàng miếng 99.99%)",TP. Hồ Chí Minh,35200000,35300000,3520000,3530000,35250000,3525000,100000,Giavang Archive
2015-02-05,15:22,"Vàng SJC 1L, 10L, 1KG (Vàng miếng 99.99%)",TP. Hồ Chí Minh,35220000,35320000,3522000,3532000,35270000,3527000,100000,Giavang Archive
2015-02-06,15:19,"Vàng SJC 1L, 10L, 1KG (Vàng miếng 99.99%)",TP. Hồ Chí Minh,35240000,35340000,3524000,3534000,35290000,3529000,100000,Giavang Archive
2015-02-07,12:32,"Vàng SJC 1L, 10L, 1KG (Vàng miếng 99.99%)",TP. Hồ Chí Minh,35110000,35210000,3511000,3521000,35160000,3516000,100000,Giavang Archive
2015-02-08,12:32,"Vàng SJC 1L, 10L, 1KG (Vàng miếng 99.99%)",TP. Hồ Chí Minh,35120000,35220000,3512000,3522000,35170000,3517000,100000,Giavang Archive
2015-02-09,15:52,"Vàng SJC 1L, 10L, 1KG (Vàng miếng 99.99%)",TP. Hồ Chí Minh,35200000,35300000,3520000,3530000,35250000,3525000,100000,Giavang Archive
2015-02-10,13:31,"Vàng SJC 1L, 10L, 1KG (Vàng miếng 99.99%)",TP. Hồ Chí Minh,35190000,35290000,3519000,3529000,35240000,3524000,100000,Giavang Archive
2015-02-11,15:00,"Vàng SJC 1L, 10L, 1KG (Vàng miếng 99.99%)",TP. Hồ Chí Minh,35200000,35300000,3520000,3530000,35250000,3525000,100000,Giavang Archive
2015-02-12,15:42,"Vàng SJC 1L, 10L, 1KG (Vàng miếng 99.99%)",TP. Hồ Chí Minh,35240000,35340000,3524000,3534000,35290000,3529000,100000,Giavang Archive
2015-02-13,14:53,"Vàng SJC 1L, 10L, 1KG (Vàng miếng 99.99%)",TP. Hồ Chí Minh,35310000,35430000,3531000,3543000,35370000,3537000,120000,Giavang Archive
2015-02-14,15:39,"Vàng SJC 1L, 10L, 1KG (Vàng miếng 99.99%)",TP. Hồ Chí Minh,35350000,35470000,3535000,3547000,35410000,3541000,120000,Giavang Archive
2015-02-15,15:39,"Vàng SJC 1L, 10L, 1KG (Vàng miếng 99.99%)",TP. Hồ Chí Minh,35360000,35480000,3536000,3548000,35420000,3542000,120000,Giavang Archive
2015-02-16,09:30,"Vàng SJC 1L, 10L, 1KG (Vàng miếng 99.99%)",TP. Hồ Chí Minh,35580000,35780000,3558000,3578000,35680000,3568000,200000,Giavang Archive
2015-02-17,09:30,"Vàng SJC 1L, 10L, 1KG (Vàng miếng 99.99%)",TP. Hồ Chí Minh,35600000,35800000,3560000,3580000,35700000,3570000,200000,Giavang Archive
2015-02-18,09:30,"Vàng SJC 1L, 10L, 1KG (Vàng miếng 99.99%)",TP. Hồ Chí Minh,35600000,35800000,3560000,3580000,35700000,3570000,200000,Giavang Archive
2015-02-19,09:30,"Vàng SJC 1L, 10L, 1KG (Vàng miếng 99.99%)",TP. Hồ Chí Minh,35600000,35800000,3560000,3580000,35700000,3570000,200000,Giavang Archive
2015-02-20,09:30,"Vàng SJC 1L, 10L, 1KG (Vàng miếng 99.99%)",TP. Hồ Chí Minh,35600000,35800000,3560000,3580000,35700000,3570000,200000,Giavang Archive
2015-02-21,09:30,"Vàng SJC 1L, 10L, 1KG (Vàng miếng 99.99%)",TP. Hồ Chí Minh,35600000,35800000,3560000,3580000,35700000,3570000,200000,Giavang Archive
2015-02-22,09:30,"Vàng SJC 1L, 10L, 1KG (Vàng miếng 99.99%)",TP. Hồ Chí Minh,35600000,35800000,3560000,3580000,35700000,3570000,200000,Giavang Archive
2015-02-23,09:30,"Vàng SJC 1L, 10L, 1KG (Vàng miếng 99.99%)",TP. Hồ Chí Minh,35600000,35800000,3560000,3580000,35700000,3570000,200000,Giavang Archive
2015-02-24,16:36,"Vàng SJC 1L, 10L, 1KG (Vàng miếng 99.99%)",TP. Hồ Chí Minh,35260000,35360000,3526000,3536000,35310000,3531000,100000,Giavang Archive
2015-02-25,14:11,"Vàng SJC 1L, 10L, 1KG (Vàng miếng 99.99%)",TP. Hồ Chí Minh,35370000,35470000,3537000,3547000,35420000,3542000,100000,Giavang Archive
2015-02-26,17:01,"Vàng SJC 1L, 10L, 1KG (Vàng miếng 99.99%)",TP. Hồ Chí Minh,35570000,35670000,3557000,3567000,35620000,3562000,100000,Giavang Archive
2015-02-27,15:14,"Vàng SJC 1L, 10L, 1KG (Vàng miếng 99.99%)",TP. Hồ Chí Minh,35430000,35560000,3543000,3556000,35495000,3549500,130000,Giavang Archive
2015-02-28,13:59,"Vàng SJC 1L, 10L, 1KG (Vàng miếng 99.99%)",TP. Hồ Chí Minh,35450000,35700000,3545000,3570000,35575000,3557500,250000,Giavang Archive
2015-03-01,13:59,"Vàng SJC 1L, 10L, 1KG (Vàng miếng 99.99%)",TP. Hồ Chí Minh,35400000,35650000,3540000,3565000,35525000,3552500,250000,Giavang Archive
2015-03-02,16:26,"Vàng SJC 1L, 10L, 1KG (Vàng miếng 99.99%)",TP. Hồ Chí Minh,35430000,35530000,3543000,3553000,35480000,3548000,100000,Giavang Archive
2015-03-03,15:10,"Vàng SJC 1L, 10L, 1KG (Vàng miếng 99.99%)",TP. Hồ Chí Minh,35360000,35460000,3536000,3546000,35410000,3541000,100000,Giavang Archive
2015-03-04,15:46,"Vàng SJC 1L, 10L, 1KG (Vàng miếng 99.99%)",TP. Hồ Chí Minh,35330000,35430000,3533000,3543000,35380000,3538000,100000,Giavang Archive
2015-03-05,16:30,"Vàng SJC 1L, 10L, 1KG (Vàng miếng 99.99%)",TP. Hồ Chí Minh,35280000,35380000,3528000,3538000,35330000,3533000,100000,Giavang Archive
2015-03-06,15:41,"Vàng SJC 1L, 10L, 1KG (Vàng miếng 99.99%)",TP. Hồ Chí Minh,35280000,35380000,3528000,3538000,35330000,3533000,100000,Giavang Archive
2015-03-07,11:02,"Vàng SJC 1L, 10L, 1KG (Vàng miếng 99.99%)",TP. Hồ Chí Minh,35130000,35260000,3513000,3526000,35195000,3519500,130000,Giavang Archive
2015-03-08,11:02,"Vàng SJC 1L, 10L, 1KG (Vàng miếng 99.99%)",TP. Hồ Chí Minh,35120000,35250000,3512000,3525000,35185000,3518500,130000,Giavang Archive
2015-03-09,16:51,"Vàng SJC 1L, 10L, 1KG (Vàng miếng 99.99%)",TP. Hồ Chí Minh,35200000,35300000,3520000,3530000,35250000,3525000,100000,Giavang Archive
2015-03-10,16:32,"Vàng SJC 1L, 10L, 1KG (Vàng miếng 99.99%)",TP. Hồ Chí Minh,35160000,35260000,3516000,3526000,35210000,3521000,100000,Giavang Archive
2015-03-11,16:51,"Vàng SJC 1L, 10L, 1KG (Vàng miếng 99.99%)",TP. Hồ Chí Minh,35190000,35290000,3519000,3529000,35240000,3524000,100000,Giavang Archive
2015-03-12,15:20,"Vàng SJC 1L, 10L, 1KG (Vàng miếng 99.99%)",TP. Hồ Chí Minh,35210000,35310000,3521000,3531000,35260000,3526000,100000,Giavang Archive
2015-03-13,16:10,"Vàng SJC 1L, 10L, 1KG (Vàng miếng 99.99%)",TP. Hồ Chí Minh,35230000,35330000,3523000,3533000,35280000,3528000,100000,Giavang Archive
2015-03-14,09:55,"Vàng SJC 1L, 10L, 1KG (Vàng miếng 99.99%)",TP. Hồ Chí Minh,35300000,35400000,3530000,3540000,35350000,3535000,100000,Giavang Archive
2015-03-15,09:55,"Vàng SJC 1L, 10L, 1KG (Vàng miếng 99.99%)",TP. Hồ Chí Minh,35320000,35420000,3532000,3542000,35370000,3537000,100000,Giavang Archive
2015-03-16,16:42,"Vàng SJC 1L, 10L, 1KG (Vàng miếng 99.99%)",TP. Hồ Chí Minh,35260000,35360000,3526000,3536000,35310000,3531000,100000,Giavang Archive
2015-03-17,15:13,"Vàng SJC 1L, 10L, 1KG (Vàng miếng 99.99%)",TP. Hồ Chí Minh,35210000,35310000,3521000,3531000,35260000,3526000,100000,Giavang Archive
2015-03-18,15:13,"Vàng SJC 1L, 10L, 1KG (Vàng miếng 99.99%)",TP. Hồ Chí Minh,35170000,35270000,3517000,3527000,35220000,3522000,100000,Giavang Archive
2015-03-19,16:16,"Vàng SJC 1L, 10L, 1KG (Vàng miếng 99.99%)",TP. Hồ Chí Minh,35220000,35320000,3522000,3532000,35270000,3527000,100000,Giavang Archive
2015-03-20,13:30,"Vàng SJC 1L, 10L, 1KG (Vàng miếng 99.99%)",TP. Hồ Chí Minh,35240000,35340000,3524000,3534000,35290000,3529000,100000,Giavang Archive
2015-03-21,08:24,"Vàng SJC 1L, 10L, 1KG (Vàng miếng 99.99%)",TP. Hồ Chí Minh,35270000,35390000,3527000,3539000,35330000,3533000,120000,Giavang Archive
2015-03-22,08:24,"Vàng SJC 1L, 10L, 1KG (Vàng miếng 99.99%)",TP. Hồ Chí Minh,35260000,35380000,3526000,3538000,35320000,3532000,120000,Giavang Archive
2015-03-23,16:40,"Vàng SJC 1L, 10L, 1KG (Vàng miếng 99.99%)",TP. Hồ Chí Minh,35250000,35350000,3525000,3535000,35300000,3530000,100000,Giavang Archive
2015-03-24,16:10,"Vàng SJC 1L, 10L, 1KG (Vàng miếng 99.99%)",TP. Hồ Chí Minh,35250000,35350000,3525000,3535000,35300000,3530000,100000,Giavang Archive
2015-03-25,16:36,"Vàng SJC 1L, 10L, 1KG (Vàng miếng 99.99%)",TP. Hồ Chí Minh,35250000,35350000,3525000,3535000,35300000,3530000,100000,Giavang Archive
2015-03-26,15:10,"Vàng SJC 1L, 10L, 1KG (Vàng miếng 99.99%)",TP. Hồ Chí Minh,35280000,35380000,3528000,3538000,35330000,3533000,100000,Giavang Archive
2015-03-27,15:19,"Vàng SJC 1L, 10L, 1KG (Vàng miếng 99.99%)",TP. Hồ Chí Minh,35240000,35340000,3524000,3534000,35290000,3529000,100000,Giavang Archive
2015-03-28,08:09,"Vàng SJC 1L, 10L, 1KG (Vàng miếng 99.99%)",TP. Hồ Chí Minh,35230000,35330000,3523000,3533000,35280000,3528000,100000,Giavang Archive
2015-03-29,08:09,"Vàng SJC 1L, 10L, 1KG (Vàng miếng 99.99%)",TP. Hồ Chí Minh,35230000,35330000,3523000,3533000,35280000,3528000,100000,Giavang Archive
2015-03-30,16:32,"Vàng SJC 1L, 10L, 1KG (Vàng miếng 99.99%)",TP. Hồ Chí Minh,35150000,35230000,3515000,3523000,35190000,3519000,80000,Giavang Archive
2015-03-31,14:52,"Vàng SJC 1L, 10L, 1KG (Vàng miếng 99.99%)",TP. Hồ Chí Minh,35100000,35180000,3510000,3518000,35140000,3514000,80000,Giavang Archive
2015-04-01,15:51,"Vàng SJC 1L, 10L, 1KG (Vàng miếng 99.99%)",TP. Hồ Chí Minh,35130000,35210000,3513000,3521000,35170000,3517000,80000,Giavang Archive
2015-04-02,13:39,"Vàng SJC 1L, 10L, 1KG (Vàng miếng 99.99%)",TP. Hồ Chí Minh,35180000,35280000,3518000,3528000,35230000,3523000,100000,Giavang Archive
2015-04-03,13:37,"Vàng SJC 1L, 10L, 1KG (Vàng miếng 99.99%)",TP. Hồ Chí Minh,35150000,35250000,3515000,3525000,35200000,3520000,100000,Giavang Archive
2015-04-04,10:23,"Vàng SJC 1L, 10L, 1KG (Vàng miếng 99.99%)",TP. Hồ Chí Minh,35220000,35320000,3522000,3532000,35270000,3527000,100000,Giavang Archive
2015-04-05,10:23,"Vàng SJC 1L, 10L, 1KG (Vàng miếng 99.99%)",TP. Hồ Chí Minh,35210000,35310000,3521000,3531000,35260000,3526000,100000,Giavang Archive
2015-04-06,17:13,"Vàng SJC 1L, 10L, 1KG (Vàng miếng 99.99%)",TP. Hồ Chí Minh,35270000,35370000,3527000,3537000,35320000,3532000,100000,Giavang Archive
2015-04-07,15:34,"Vàng SJC 1L, 10L, 1KG (Vàng miếng 99.99%)",TP. Hồ Chí Minh,35190000,35290000,3519000,3529000,35240000,3524000,100000,Giavang Archive
2015-04-08,15:29,"Vàng SJC 1L, 10L, 1KG (Vàng miếng 99.99%)",TP. Hồ Chí Minh,35170000,35270000,3517000,3527000,35220000,3522000,100000,Giavang Archive
2015-04-09,16:39,"Vàng SJC 1L, 10L, 1KG (Vàng miếng 99.99%)",TP. Hồ Chí Minh,35120000,35220000,3512000,3522000,35170000,3517000,100000,Giavang Archive
2015-04-10,16:16,"Vàng SJC 1L, 10L, 1KG (Vàng miếng 99.99%)",TP. Hồ Chí Minh,35150000,35250000,3515000,3525000,35200000,3520000,100000,Giavang Archive
2015-04-11,09:15,"Vàng SJC 1L, 10L, 1KG (Vàng miếng 99.99%)",TP. Hồ Chí Minh,35160000,35260000,3516000,3526000,35210000,3521000,100000,Giavang Archive
2015-04-12,09:15,"Vàng SJC 1L, 10L, 1KG (Vàng miếng 99.99%)",TP. Hồ Chí Minh,35170000,35270000,3517000,3527000,35220000,3522000,100000,Giavang Archive
2015-04-13,15:55,"Vàng SJC 1L, 10L, 1KG (Vàng miếng 99.99%)",TP. Hồ Chí Minh,35130000,35230000,3513000,3523000,35180000,3518000,100000,Giavang Archive
2015-04-14,15:07,"Vàng SJC 1L, 10L, 1KG (Vàng miếng 99.99%)",TP. Hồ Chí Minh,35100000,35200000,3510000,3520000,35150000,3515000,100000,Giavang Archive
2015-04-15,13:45,"Vàng SJC 1L, 10L, 1KG (Vàng miếng 99.99%)",TP. Hồ Chí Minh,35100000,35200000,3510000,3520000,35150000,3515000,100000,Giavang Archive
2015-04-16,14:56,"Vàng SJC 1L, 10L, 1KG (Vàng miếng 99.99%)",TP. Hồ Chí Minh,35120000,35220000,3512000,3522000,35170000,3517000,100000,Giavang Archive
2015-04-17,15:56,"Vàng SJC 1L, 10L, 1KG (Vàng miếng 99.99%)",TP. Hồ Chí Minh,35100000,35200000,3510000,3520000,35150000,3515000,100000,Giavang Archive
2015-04-18,08:13,"Vàng SJC 1L, 10L, 1KG (Vàng miếng 99.99%)",TP. Hồ Chí Minh,35090000,35190000,3509000,3519000,35140000,3514000,100000,Giavang Archive
2015-04-19,08:13,"Vàng SJC 1L, 10L, 1KG (Vàng miếng 99.99%)",TP. Hồ Chí Minh,35100000,35200000,3510000,3520000,35150000,3515000,100000,Giavang Archive
2015-04-20,15:48,"Vàng SJC 1L, 10L, 1KG (Vàng miếng 99.99%)",TP. Hồ Chí Minh,35060000,35160000,3506000,3516000,35110000,3511000,100000,Giavang Archive
2015-04-21,16:27,"Vàng SJC 1L, 10L, 1KG (Vàng miếng 99.99%)",TP. Hồ Chí Minh,34990000,35090000,3499000,3509000,35040000,3504000,100000,Giavang Archive
2015-04-22,17:20,"Vàng SJC 1L, 10L, 1KG (Vàng miếng 99.99%)",TP. Hồ Chí Minh,35030000,35130000,3503000,3513000,35080000,3508000,100000,Giavang Archive
2015-04-23,14:43,"Vàng SJC 1L, 10L, 1KG (Vàng miếng 99.99%)",TP. Hồ Chí Minh,34970000,35070000,3497000,3507000,35020000,3502000,100000,Giavang Archive
2015-04-24,16:57,"Vàng SJC 1L, 10L, 1KG (Vàng miếng 99.99%)",TP. Hồ Chí Minh,35010000,35110000,3501000,3511000,35060000,3506000,100000,Giavang Archive
2015-04-25,14:29,"Vàng SJC 1L, 10L, 1KG (Vàng miếng 99.99%)",TP. Hồ Chí Minh,34970000,35070000,3497000,3507000,35020000,3502000,100000,Giavang Archive
2015-04-26,14:29,"Vàng SJC 1L, 10L, 1KG (Vàng miếng 99.99%)",TP. Hồ Chí Minh,34960000,35060000,3496000,3506000,35010000,3501000,100000,Giavang Archive
2015-04-27,13:31,"Vàng SJC 1L, 10L, 1KG (Vàng miếng 99.99%)",TP. Hồ Chí Minh,34990000,35090000,3499000,3509000,35040000,3504000,100000,Giavang Archive
2015-04-28,13:31,"Vàng SJC 1L, 10L, 1KG (Vàng miếng 99.99%)",TP. Hồ Chí Minh,34970000,35070000,3497000,3507000,35020000,3502000,100000,Giavang Archive
2015-04-29,13:31,"Vàng SJC 1L, 10L, 1KG (Vàng miếng 99.99%)",TP. Hồ Chí Minh,34970000,35070000,3497000,3507000,35020000,3502000,100000,Giavang Archive
2015-04-30,13:31,"Vàng SJC 1L, 10L, 1KG (Vàng miếng 99.99%)",TP. Hồ Chí Minh,34970000,35070000,3497000,3507000,35020000,3502000,100000,Giavang Archive
2015-05-01,13:31,"Vàng SJC 1L, 10L, 1KG (Vàng miếng 99.99%)",TP. Hồ Chí Minh,34970000,35070000,3497000,3507000,35020000,3502000,100000,Giavang Archive
2015-05-02,08:23,"Vàng SJC 1L, 10L, 1KG (Vàng miếng 99.99%)",TP. Hồ Chí Minh,34970000,35070000,3497000,3507000,35020000,3502000,100000,Giavang Archive
2015-05-03,08:23,"Vàng SJC 1L, 10L, 1KG (Vàng miếng 99.99%)",TP. Hồ Chí Minh,35000000,35130000,3500000,3513000,35065000,3506500,130000,Giavang Archive
2015-05-04,16:10,"Vàng SJC 1L, 10L, 1KG (Vàng miếng 99.99%)",TP. Hồ Chí Minh,34990000,35040000,3499000,3504000,35015000,3501500,50000,Giavang Archive
2015-05-05,13:35,"Vàng SJC 1L, 10L, 1KG (Vàng miếng 99.99%)",TP. Hồ Chí Minh,34930000,34990000,3493000,3499000,34960000,3496000,60000,Giavang Archive
2015-05-06,16:09,"Vàng SJC 1L, 10L, 1KG (Vàng miếng 99.99%)",TP. Hồ Chí Minh,34970000,35030000,3497000,3503000,35000000,3500000,60000,Giavang Archive
2015-05-07,14:03,"Vàng SJC 1L, 10L, 1KG (Vàng miếng 99.99%)",TP. Hồ Chí Minh,34980000,35040000,3498000,3504000,35010000,3501000,60000,Giavang Archive
2015-05-08,15:00,"Vàng SJC 1L, 10L, 1KG (Vàng miếng 99.99%)",TP. Hồ Chí Minh,34980000,35030000,3498000,3503000,35005000,3500500,50000,Giavang Archive
2015-05-09,09:43,"Vàng SJC 1L, 10L, 1KG (Vàng miếng 99.99%)",TP. Hồ Chí Minh,35000000,35060000,3500000,3506000,35030000,3503000,60000,Giavang Archive
2015-05-10,09:43,"Vàng SJC 1L, 10L, 1KG (Vàng miếng 99.99%)",TP. Hồ Chí Minh,34980000,35040000,3498000,3504000,35010000,3501000,60000,Giavang Archive
2015-05-11,14:04,"Vàng SJC 1L, 10L, 1KG (Vàng miếng 99.99%)",TP. Hồ Chí Minh,34980000,35040000,3498000,3504000,35010000,3501000,60000,Giavang Archive
2015-05-12,17:02,"Vàng SJC 1L, 10L, 1KG (Vàng miếng 99.99%)",TP. Hồ Chí Minh,34940000,35000000,3494000,3500000,34970000,3497000,60000,Giavang Archive
2015-05-13,10:21,"Vàng SJC 1L, 10L, 1KG (Vàng miếng 99.99%)",TP. Hồ Chí Minh,34980000,35040000,3498000,3504000,35010000,3501000,60000,Giavang Archive
2015-05-14,15:12,"Vàng SJC 1L, 10L, 1KG (Vàng miếng 99.99%)",TP. Hồ Chí Minh,35040000,35100000,3504000,3510000,35070000,3507000,60000,Giavang Archive
2015-05-15,14:22,"Vàng SJC 1L, 10L, 1KG (Vàng miếng 99.99%)",TP. Hồ Chí Minh,35030000,35090000,3503000,3509000,35060000,3506000,60000,Giavang Archive
2015-05-16,09:28,"Vàng SJC 1L, 10L, 1KG (Vàng miếng 99.99%)",TP. Hồ Chí Minh,35050000,35110000,3505000,3511000,35080000,3508000,60000,Giavang Archive
2015-05-17,09:28,"Vàng SJC 1L, 10L, 1KG (Vàng miếng 99.99%)",TP. Hồ Chí Minh,35040000,35100000,3504000,3510000,35070000,3507000,60000,Giavang Archive
2015-05-18,14:27,"Vàng SJC 1L, 10L, 1KG (Vàng miếng 99.99%)",TP. Hồ Chí Minh,35040000,35100000,3504000,3510000,35070000,3507000,60000,Giavang Archive
2015-05-19,16:15,"Vàng SJC 1L, 10L, 1KG (Vàng miếng 99.99%)",TP. Hồ Chí Minh,34970000,35030000,3497000,3503000,35000000,3500000,60000,Giavang Archive
2015-05-20,15:20,"Vàng SJC 1L, 10L, 1KG (Vàng miếng 99.99%)",TP. Hồ Chí Minh,34960000,35020000,3496000,3502000,34990000,3499000,60000,Giavang Archive
2015-05-21,13:48,"Vàng SJC 1L, 10L, 1KG (Vàng miếng 99.99%)",TP. Hồ Chí Minh,34960000,35020000,3496000,3502000,34990000,3499000,60000,Giavang Archive
2015-05-22,14:47,"Vàng SJC 1L, 10L, 1KG (Vàng miếng 99.99%)",TP. Hồ Chí Minh,34960000,35100000,3496000,3510000,35030000,3503000,140000,Giavang Archive
2015-05-23,08:56,"Vàng SJC 1L, 10L, 1KG (Vàng miếng 99.99%)",TP. Hồ Chí Minh,34920000,34980000,3492000,3498000,34950000,3495000,60000,Giavang Archive
2015-05-24,08:56,"Vàng SJC 1L, 10L, 1KG (Vàng miếng 99.99%)",TP. Hồ Chí Minh,34930000,34990000,3493000,3499000,34960000,3496000,60000,Giavang Archive
2015-05-25,15:12,"Vàng SJC 1L, 10L, 1KG (Vàng miếng 99.99%)",TP. Hồ Chí Minh,34920000,34980000,3492000,3498000,34950000,3495000,60000,Giavang Archive
2015-05-26,14:21,"Vàng SJC 1L, 10L, 1KG (Vàng miếng 99.99%)",TP. Hồ Chí Minh,34890000,34950000,3489000,3495000,34920000,3492000,60000,Giavang Archive
2015-05-27,16:53,"Vàng SJC 1L, 10L, 1KG (Vàng miếng 99.99%)",TP. Hồ Chí Minh,34850000,34910000,3485000,3491000,34880000,3488000,60000,Giavang Archive
2015-05-28,15:18,"Vàng SJC 1L, 10L, 1KG (Vàng miếng 99.99%)",TP. Hồ Chí Minh,34850000,34910000,3485000,3491000,34880000,3488000,60000,Giavang Archive
2015-05-29,15:02,"Vàng SJC 1L, 10L, 1KG (Vàng miếng 99.99%)",TP. Hồ Chí Minh,34870000,34930000,3487000,3493000,34900000,3490000,60000,Giavang Archive
2015-05-30,08:31,"Vàng SJC 1L, 10L, 1KG (Vàng miếng 99.99%)",TP. Hồ Chí Minh,34880000,34940000,3488000,3494000,34910000,3491000,60000,Giavang Archive
2015-05-31,08:31,"Vàng SJC 1L, 10L, 1KG (Vàng miếng 99.99%)",TP. Hồ Chí Minh,34890000,34950000,3489000,3495000,34920000,3492000,60000,Giavang Archive
2015-06-01,14:29,"Vàng SJC 1L, 10L, 1KG (Vàng miếng 99.99%)",TP. Hồ Chí Minh,34880000,34940000,3488000,3494000,34910000,3491000,60000,Giavang Archive
2015-06-02,13:32,"Vàng SJC 1L, 10L, 1KG (Vàng miếng 99.99%)",TP. Hồ Chí Minh,34840000,34900000,3484000,3490000,34870000,3487000,60000,Giavang Archive
2015-06-03,14:04,"Vàng SJC 1L, 10L, 1KG (Vàng miếng 99.99%)",TP. Hồ Chí Minh,34880000,34940000,3488000,3494000,34910000,3491000,60000,Giavang Archive
2015-06-04,14:35,"Vàng SJC 1L, 10L, 1KG (Vàng miếng 99.99%)",TP. Hồ Chí Minh,34810000,34870000,3481000,3487000,34840000,3484000,60000,Giavang Archive
2015-06-05,15:28,"Vàng SJC 1L, 10L, 1KG (Vàng miếng 99.99%)",TP. Hồ Chí Minh,34770000,34830000,3477000,3483000,34800000,3480000,60000,Giavang Archive
2015-06-06,08:25,"Vàng SJC 1L, 10L, 1KG (Vàng miếng 99.99%)",TP. Hồ Chí Minh,34760000,34820000,3476000,3482000,34790000,3479000,60000,Giavang Archive
2015-06-07,08:25,"Vàng SJC 1L, 10L, 1KG (Vàng miếng 99.99%)",TP. Hồ Chí Minh,34750000,34810000,3475000,3481000,34780000,3478000,60000,Giavang Archive
2015-06-08,16:35,"Vàng SJC 1L, 10L, 1KG (Vàng miếng 99.99%)",TP. Hồ Chí Minh,34720000,34780000,3472000,3478000,34750000,3475000,60000,Giavang Archive
2015-06-09,15:53,"Vàng SJC 1L, 10L, 1KG (Vàng miếng 99.99%)",TP. Hồ Chí Minh,34700000,34760000,3470000,3476000,34730000,3473000,60000,Giavang Archive
2015-06-10,16:39,"Vàng SJC 1L, 10L, 1KG (Vàng miếng 99.99%)",TP. Hồ Chí Minh,34670000,34730000,3467000,3473000,34700000,3470000,60000,Giavang Archive
2015-06-11,16:27,"Vàng SJC 1L, 10L, 1KG (Vàng miếng 99.99%)",TP. Hồ Chí Minh,34670000,34730000,3467000,3473000,34700000,3470000,60000,Giavang Archive
2015-06-12,13:44,"Vàng SJC 1L, 10L, 1KG (Vàng miếng 99.99%)",TP. Hồ Chí Minh,34680000,34740000,3468000,3474000,34710000,3471000,60000,Giavang Archive
2015-06-13,08:09,"Vàng SJC 1L, 10L, 1KG (Vàng miếng 99.99%)",TP. Hồ Chí Minh,34670000,34730000,3467000,3473000,34700000,3470000,60000,Giavang Archive
2015-06-14,08:09,"Vàng SJC 1L, 10L, 1KG (Vàng miếng 99.99%)",TP. Hồ Chí Minh,34680000,34740000,3468000,3474000,34710000,3471000,60000,Giavang Archive
2015-06-15,14:49,"Vàng SJC 1L, 10L, 1KG (Vàng miếng 99.99%)",TP. Hồ Chí Minh,34670000,34730000,3467000,3473000,34700000,3470000,60000,Giavang Archive
2015-06-16,14:01,"Vàng SJC 1L, 10L, 1KG (Vàng miếng 99.99%)",TP. Hồ Chí Minh,34680000,34740000,3468000,3474000,34710000,3471000,60000,Giavang Archive
2015-06-17,13:38,"Vàng SJC 1L, 10L, 1KG (Vàng miếng 99.99%)",TP. Hồ Chí Minh,34660000,34720000,3466000,3472000,34690000,3469000,60000,Giavang Archive
2015-06-18,15:30,"Vàng SJC 1L, 10L, 1KG (Vàng miếng 99.99%)",TP. Hồ Chí Minh,34670000,34730000,3467000,3473000,34700000,3470000,60000,Giavang Archive
2015-06-19,10:23,"Vàng SJC 1L, 10L, 1KG (Vàng miếng 99.99%)",TP. Hồ Chí Minh,34670000,34770000,3467000,3477000,34720000,3472000,100000,Giavang Archive
2015-06-20,10:23,"Vàng SJC 1L, 10L, 1KG (Vàng miếng 99.99%)",TP. Hồ Chí Minh,34660000,34760000,3466000,3476000,34710000,3471000,100000,Giavang Archive
2015-06-21,10:23,"Vàng SJC 1L, 10L, 1KG (Vàng miếng 99.99%)",TP. Hồ Chí Minh,34660000,34760000,3466000,3476000,34710000,3471000,100000,Giavang Archive
2015-06-22,14:46,"Vàng SJC 1L, 10L, 1KG (Vàng miếng 99.99%)",TP. Hồ Chí Minh,34630000,34690000,3463000,3469000,34660000,3466000,60000,Giavang Archive
2015-06-23,16:14,"Vàng SJC 1L, 10L, 1KG (Vàng miếng 99.99%)",TP. Hồ Chí Minh,34520000,34580000,3452000,3458000,34550000,3455000,60000,Giavang Archive
2015-06-24,14:28,"Vàng SJC 1L, 10L, 1KG (Vàng miếng 99.99%)",TP. Hồ Chí Minh,34390000,34450000,3439000,3445000,34420000,3442000,60000,Giavang Archive
2015-06-25,15:00,"Vàng SJC 1L, 10L, 1KG (Vàng miếng 99.99%)",TP. Hồ Chí Minh,34330000,34400000,3433000,3440000,34365000,3436500,70000,Giavang Archive
2015-06-26,15:54,"Vàng SJC 1L, 10L, 1KG (Vàng miếng 99.99%)",TP. Hồ Chí Minh,34340000,34400000,3434000,3440000,34370000,3437000,60000,Giavang Archive
2015-06-27,09:37,"Vàng SJC 1L, 10L, 1KG (Vàng miếng 99.99%)",TP. Hồ Chí Minh,34350000,34430000,3435000,3443000,34390000,3439000,80000,Giavang Archive
2015-06-28,09:37,"Vàng SJC 1L, 10L, 1KG (Vàng miếng 99.99%)",TP. Hồ Chí Minh,34350000,34430000,3435000,3443000,34390000,3439000,80000,Giavang Archive
2015-06-29,15:58,"Vàng SJC 1L, 10L, 1KG (Vàng miếng 99.99%)",TP. Hồ Chí Minh,34390000,34460000,3439000,3446000,34425000,3442500,70000,Giavang Archive
2015-06-30,15:38,"Vàng SJC 1L, 10L, 1KG (Vàng miếng 99.99%)",TP. Hồ Chí Minh,34390000,34460000,3439000,3446000,34425000,3442500,70000,Giavang Archive
2015-07-01,16:42,"Vàng SJC 1L, 10L, 1KG (Vàng miếng 99.99%)",TP. Hồ Chí Minh,34340000,34420000,3434000,3442000,34380000,3438000,80000,Giavang Archive
2015-07-02,16:38,"Vàng SJC 1L, 10L, 1KG (Vàng miếng 99.99%)",TP. Hồ Chí Minh,34270000,34340000,3427000,3434000,34305000,3430500,70000,Giavang Archive
2015-07-03,14:31,"Vàng SJC 1L, 10L, 1KG (Vàng miếng 99.99%)",TP. Hồ Chí Minh,34270000,34340000,3427000,3434000,34305000,3430500,70000,Giavang Archive
2015-07-04,09:35,"Vàng SJC 1L, 10L, 1KG (Vàng miếng 99.99%)",TP. Hồ Chí Minh,34270000,34350000,3427000,3435000,34310000,3431000,80000,Giavang Archive
2015-07-05,09:35,"Vàng SJC 1L, 10L, 1KG (Vàng miếng 99.99%)",TP. Hồ Chí Minh,34270000,34350000,3427000,3435000,34310000,3431000,80000,Giavang Archive
2015-07-06,14:15,"Vàng SJC 1L, 10L, 1KG (Vàng miếng 99.99%)",TP. Hồ Chí Minh,34250000,34320000,3425000,3432000,34285000,3428500,70000,Giavang Archive
2015-07-07,13:40,"Vàng SJC 1L, 10L, 1KG (Vàng miếng 99.99%)",TP. Hồ Chí Minh,34220000,34300000,3422000,3430000,34260000,3426000,80000,Giavang Archive
2015-07-08,14:45,"Vàng SJC 1L, 10L, 1KG (Vàng miếng 99.99%)",TP. Hồ Chí Minh,34050000,34130000,3405000,3413000,34090000,3409000,80000,Giavang Archive
2015-07-09,16:13,"Vàng SJC 1L, 10L, 1KG (Vàng miếng 99.99%)",TP. Hồ Chí Minh,33980000,34060000,3398000,3406000,34020000,3402000,80000,Giavang Archive
2015-07-10,13:33,"Vàng SJC 1L, 10L, 1KG (Vàng miếng 99.99%)",TP. Hồ Chí Minh,33950000,34040000,3395000,3404000,33995000,3399500,90000,Giavang Archive
2015-07-11,09:44,"Vàng SJC 1L, 10L, 1KG (Vàng miếng 99.99%)",TP. Hồ Chí Minh,33980000,34070000,3398000,3407000,34025000,3402500,90000,Giavang Archive
2015-07-12,09:44,"Vàng SJC 1L, 10L, 1KG (Vàng miếng 99.99%)",TP. Hồ Chí Minh,33980000,34070000,3398000,3407000,34025000,3402500,90000,Giavang Archive
2015-07-13,14:58,"Vàng SJC 1L, 10L, 1KG (Vàng miếng 99.99%)",TP. Hồ Chí Minh,33930000,34000000,3393000,3400000,33965000,3396500,70000,Giavang Archive
2015-07-14,14:17,"Vàng SJC 1L, 10L, 1KG (Vàng miếng 99.99%)",TP. Hồ Chí Minh,33870000,33940000,3387000,3394000,33905000,3390500,70000,Giavang Archive
2015-07-15,14:43,"Vàng SJC 1L, 10L, 1KG (Vàng miếng 99.99%)",TP. Hồ Chí Minh,33650000,33730000,3365000,3373000,33690000,3369000,80000,Giavang Archive
2015-07-16,16:22,"Vàng SJC 1L, 10L, 1KG (Vàng miếng 99.99%)",TP. Hồ Chí Minh,32820000,33020000,3282000,3302000,32920000,3292000,200000,Giavang Archive
2015-07-17,16:25,"Vàng SJC 1L, 10L, 1KG (Vàng miếng 99.99%)",TP. Hồ Chí Minh,33250000,33500000,3325000,3350000,33375000,3337500,250000,Giavang Archive
2015-07-18,10:11,"Vàng SJC 1L, 10L, 1KG (Vàng miếng 99.99%)",TP. Hồ Chí Minh,33000000,33300000,3300000,3330000,33150000,3315000,300000,Giavang Archive
2015-07-19,10:11,"Vàng SJC 1L, 10L, 1KG (Vàng miếng 99.99%)",TP. Hồ Chí Minh,33000000,33300000,3300000,3330000,33150000,3315000,300000,Giavang Archive
2015-07-20,14:44,"Vàng SJC 1L, 10L, 1KG (Vàng miếng 99.99%)",TP. Hồ Chí Minh,32900000,33200000,3290000,3320000,33050000,3305000,300000,Giavang Archive
2015-07-21,15:38,"Vàng SJC 1L, 10L, 1KG (Vàng miếng 99.99%)",TP. Hồ Chí Minh,32930000,33180000,3293000,3318000,33055000,3305500,250000,Giavang Archive
2015-07-22,13:33,"Vàng SJC 1L, 10L, 1KG (Vàng miếng 99.99%)",TP. Hồ Chí Minh,32920000,33100000,3292000,3310000,33010000,3301000,180000,Giavang Archive
2015-07-23,15:04,"Vàng SJC 1L, 10L, 1KG (Vàng miếng 99.99%)",TP. Hồ Chí Minh,33050000,33200000,3305000,3320000,33125000,3312500,150000,Giavang Archive
2015-07-24,13:37,"Vàng SJC 1L, 10L, 1KG (Vàng miếng 99.99%)",TP. Hồ Chí Minh,32880000,33060000,3288000,3306000,32970000,3297000,180000,Giavang Archive
2015-07-25,08:12,"Vàng SJC 1L, 10L, 1KG (Vàng miếng 99.99%)",TP. Hồ Chí Minh,32980000,33180000,3298000,3318000,33080000,3308000,200000,Giavang Archive
2015-07-26,08:12,"Vàng SJC 1L, 10L, 1KG (Vàng miếng 99.99%)",TP. Hồ Chí Minh,32980000,33180000,3298000,3318000,33080000,3308000,200000,Giavang Archive
2015-07-27,16:22,"Vàng SJC 1L, 10L, 1KG (Vàng miếng 99.99%)",TP. Hồ Chí Minh,32960000,33090000,3296000,3309000,33025000,3302500,130000,Giavang Archive
2015-07-28,14:39,"Vàng SJC 1L, 10L, 1KG (Vàng miếng 99.99%)",TP. Hồ Chí Minh,32930000,33050000,3293000,3305000,32990000,3299000,120000,Giavang Archive
2015-07-29,15:58,"Vàng SJC 1L, 10L, 1KG (Vàng miếng 99.99%)",TP. Hồ Chí Minh,32980000,33080000,3298000,3308000,33030000,3303000,100000,Giavang Archive
2015-07-30,15:47,"Vàng SJC 1L, 10L, 1KG (Vàng miếng 99.99%)",TP. Hồ Chí Minh,32950000,33050000,3295000,3305000,33000000,3300000,100000,Giavang Archive
2015-07-31,15:53,"Vàng SJC 1L, 10L, 1KG (Vàng miếng 99.99%)",TP. Hồ Chí Minh,32940000,33040000,3294000,3304000,32990000,3299000,100000,Giavang Archive
2015-08-01,09:02,"Vàng SJC 1L, 10L, 1KG (Vàng miếng 99.99%)",TP. Hồ Chí Minh,32980000,33120000,3298000,3312000,33050000,3305000,140000,Giavang Archive
2015-08-02,09:02,"Vàng SJC 1L, 10L, 1KG (Vàng miếng 99.99%)",TP. Hồ Chí Minh,32980000,33120000,3298000,3312000,33050000,3305000,140000,Giavang Archive
2015-08-03,15:08,"Vàng SJC 1L, 10L, 1KG (Vàng miếng 99.99%)",TP. Hồ Chí Minh,32930000,33030000,3293000,3303000,32980000,3298000,100000,Giavang Archive
2015-08-04,16:41,"Vàng SJC 1L, 10L, 1KG (Vàng miếng 99.99%)",TP. Hồ Chí Minh,32860000,32960000,3286000,3296000,32910000,3291000,100000,Giavang Archive
2015-08-05,15:09,"Vàng SJC 1L, 10L, 1KG (Vàng miếng 99.99%)",TP. Hồ Chí Minh,32800000,32920000,3280000,3292000,32860000,3286000,120000,Giavang Archive
2015-08-06,13:44,"Vàng SJC 1L, 10L, 1KG (Vàng miếng 99.99%)",TP. Hồ Chí Minh,32750000,32870000,3275000,3287000,32810000,3281000,120000,Giavang Archive
2015-08-07,16:03,"Vàng SJC 1L, 10L, 1KG (Vàng miếng 99.99%)",TP. Hồ Chí Minh,32780000,32900000,3278000,3290000,32840000,3284000,120000,Giavang Archive
2015-08-08,08:46,"Vàng SJC 1L, 10L, 1KG (Vàng miếng 99.99%)",TP. Hồ Chí Minh,32780000,32900000,3278000,3290000,32840000,3284000,120000,Giavang Archive
2015-08-09,08:46,"Vàng SJC 1L, 10L, 1KG (Vàng miếng 99.99%)",TP. Hồ Chí Minh,32780000,32900000,3278000,3290000,32840000,3284000,120000,Giavang Archive
2015-08-10,16:29,"Vàng SJC 1L, 10L, 1KG (Vàng miếng 99.99%)",TP. Hồ Chí Minh,32820000,32920000,3282000,3292000,32870000,3287000,100000,Giavang Archive
2015-08-11,15:43,"Vàng SJC 1L, 10L, 1KG (Vàng miếng 99.99%)",TP. Hồ Chí Minh,32920000,33060000,3292000,3306000,32990000,3299000,140000,Giavang Archive
2015-08-12,16:07,"Vàng SJC 1L, 10L, 1KG (Vàng miếng 99.99%)",TP. Hồ Chí Minh,33370000,33720000,3337000,3372000,33545000,3354500,350000,Giavang Archive
2015-08-13,15:52,"Vàng SJC 1L, 10L, 1KG (Vàng miếng 99.99%)",TP. Hồ Chí Minh,34100000,34800000,3410000,3480000,34450000,3445000,700000,Giavang Archive
2015-08-14,17:12,"Vàng SJC 1L, 10L, 1KG (Vàng miếng 99.99%)",TP. Hồ Chí Minh,33700000,34200000,3370000,3420000,33950000,3395000,500000,Giavang Archive
2015-08-15,11:11,"Vàng SJC 1L, 10L, 1KG (Vàng miếng 99.99%)",TP. Hồ Chí Minh,33750000,34250000,3375000,3425000,34000000,3400000,500000,Giavang Archive
2015-08-16,11:11,"Vàng SJC 1L, 10L, 1KG (Vàng miếng 99.99%)",TP. Hồ Chí Minh,33750000,34250000,3375000,3425000,34000000,3400000,500000,Giavang Archive
2015-08-17,15:58,"Vàng SJC 1L, 10L, 1KG (Vàng miếng 99.99%)",TP. Hồ Chí Minh,33880000,34180000,3388000,3418000,34030000,3403000,300000,Giavang Archive
2015-08-18,15:31,"Vàng SJC 1L, 10L, 1KG (Vàng miếng 99.99%)",TP. Hồ Chí Minh,33800000,34100000,3380000,3410000,33950000,3395000,300000,Giavang Archive
2015-08-19,14:33,"Vàng SJC 1L, 10L, 1KG (Vàng miếng 99.99%)",TP. Hồ Chí Minh,33900000,34600000,3390000,3460000,34250000,3425000,700000,Giavang Archive
2015-08-20,10:27,"Vàng SJC 1L, 10L, 1KG (Vàng miếng 99.99%)",TP. Hồ Chí Minh,33900000,34550000,3390000,3455000,34225000,3422500,650000,Giavang Archive
2015-08-21,14:34,"Vàng SJC 1L, 10L, 1KG (Vàng miếng 99.99%)",TP. Hồ Chí Minh,34400000,35300000,3440000,3530000,34850000,3485000,900000,Giavang Archive
2015-08-22,10:44,"Vàng SJC 1L, 10L, 1KG (Vàng miếng 99.99%)",TP. Hồ Chí Minh,34600000,35300000,3460000,3530000,34950000,3495000,700000,Giavang Archive
2015-08-23,10:44,"Vàng SJC 1L, 10L, 1KG (Vàng miếng 99.99%)",TP. Hồ Chí Minh,34600000,35300000,3460000,3530000,34950000,3495000,700000,Giavang Archive
2015-08-24,14:47,"Vàng SJC 1L, 10L, 1KG (Vàng miếng 99.99%)",TP. Hồ Chí Minh,34700000,35300000,3470000,3530000,35000000,3500000,600000,Giavang Archive
2015-08-25,16:17,"Vàng SJC 1L, 10L, 1KG (Vàng miếng 99.99%)",TP. Hồ Chí Minh,34600000,35150000,3460000,3515000,34875000,3487500,550000,Giavang Archive
2015-08-26,15:43,"Vàng SJC 1L, 10L, 1KG (Vàng miếng 99.99%)",TP. Hồ Chí Minh,33950000,34500000,3395000,3450000,34225000,3422500,550000,Giavang Archive
2015-08-27,13:41,"Vàng SJC 1L, 10L, 1KG (Vàng miếng 99.99%)",TP. Hồ Chí Minh,33750000,34250000,3375000,3425000,34000000,3400000,500000,Giavang Archive
2015-08-28,15:17,"Vàng SJC 1L, 10L, 1KG (Vàng miếng 99.99%)",TP. Hồ Chí Minh,33980000,34450000,3398000,3445000,34215000,3421500,470000,Giavang Archive
2015-08-29,10:04,"Vàng SJC 1L, 10L, 1KG (Vàng miếng 99.99%)",TP. Hồ Chí Minh,34050000,34550000,3405000,3455000,34300000,3430000,500000,Giavang Archive
2015-08-30,10:04,"Vàng SJC 1L, 10L, 1KG (Vàng miếng 99.99%)",TP. Hồ Chí Minh,34050000,34550000,3405000,3455000,34300000,3430000,500000,Giavang Archive
2015-08-31,14:11,"Vàng SJC 1L, 10L, 1KG (Vàng miếng 99.99%)",TP. Hồ Chí Minh,34000000,34400000,3400000,3440000,34200000,3420000,400000,Giavang Archive
2015-09-01,13:38,"Vàng SJC 1L, 10L, 1KG (Vàng miếng 99.99%)",TP. Hồ Chí Minh,34150000,34450000,3415000,3445000,34300000,3430000,300000,Giavang Archive
2015-09-02,13:38,"Vàng SJC 1L, 10L, 1KG (Vàng miếng 99.99%)",TP. Hồ Chí Minh,34150000,34450000,3415000,3445000,34300000,3430000,300000,Giavang Archive
2015-09-03,16:26,"Vàng SJC 1L, 10L, 1KG (Vàng miếng 99.99%)",TP. Hồ Chí Minh,33970000,34250000,3397000,3425000,34110000,3411000,280000,Giavang Archive
2015-09-04,16:05,"Vàng SJC 1L, 10L, 1KG (Vàng miếng 99.99%)",TP. Hồ Chí Minh,33890000,34210000,3389000,3421000,34050000,3405000,320000,Giavang Archive
2015-09-05,08:15,"Vàng SJC 1L, 10L, 1KG (Vàng miếng 99.99%)",TP. Hồ Chí Minh,33890000,34210000,3389000,3421000,34050000,3405000,320000,Giavang Archive
2015-09-06,08:15,"Vàng SJC 1L, 10L, 1KG (Vàng miếng 99.99%)",TP. Hồ Chí Minh,33890000,34210000,3389000,3421000,34050000,3405000,320000,Giavang Archive
2015-09-07,14:25,"Vàng SJC 1L, 10L, 1KG (Vàng miếng 99.99%)",TP. Hồ Chí Minh,33920000,34180000,3392000,3418000,34050000,3405000,260000,Giavang Archive
2015-09-08,14:20,"Vàng SJC 1L, 10L, 1KG (Vàng miếng 99.99%)",TP. Hồ Chí Minh,33880000,34130000,3388000,3413000,34005000,3400500,250000,Giavang Archive
2015-09-09,14:58,"Vàng SJC 1L, 10L, 1KG (Vàng miếng 99.99%)",TP. Hồ Chí Minh,33920000,34170000,3392000,3417000,34045000,3404500,250000,Giavang Archive
2015-09-10,15:31,"Vàng SJC 1L, 10L, 1KG (Vàng miếng 99.99%)",TP. Hồ Chí Minh,33900000,34100000,3390000,3410000,34000000,3400000,200000,Giavang Archive
2015-09-11,15:38,"Vàng SJC 1L, 10L, 1KG (Vàng miếng 99.99%)",TP. Hồ Chí Minh,33930000,34130000,3393000,3413000,34030000,3403000,200000,Giavang Archive
2015-09-12,09:37,"Vàng SJC 1L, 10L, 1KG (Vàng miếng 99.99%)",TP. Hồ Chí Minh,33880000,34130000,3388000,3413000,34005000,3400500,250000,Giavang Archive
2015-09-13,09:37,"Vàng SJC 1L, 10L, 1KG (Vàng miếng 99.99%)",TP. Hồ Chí Minh,33880000,34130000,3388000,3413000,34005000,3400500,250000,Giavang Archive
2015-09-14,15:53,"Vàng SJC 1L, 10L, 1KG (Vàng miếng 99.99%)",TP. Hồ Chí Minh,33860000,34060000,3386000,3406000,33960000,3396000,200000,Giavang Archive
2015-09-15,14:20,"Vàng SJC 1L, 10L, 1KG (Vàng miếng 99.99%)",TP. Hồ Chí Minh,33850000,34070000,3385000,3407000,33960000,3396000,220000,Giavang Archive
2015-09-16,14:42,"Vàng SJC 1L, 10L, 1KG (Vàng miếng 99.99%)",TP. Hồ Chí Minh,33850000,34080000,3385000,3408000,33965000,3396500,230000,Giavang Archive
2015-09-17,14:26,"Vàng SJC 1L, 10L, 1KG (Vàng miếng 99.99%)",TP. Hồ Chí Minh,33940000,34160000,3394000,3416000,34050000,3405000,220000,Giavang Archive
2015-09-18,16:19,"Vàng SJC 1L, 10L, 1KG (Vàng miếng 99.99%)",TP. Hồ Chí Minh,34050000,34270000,3405000,3427000,34160000,3416000,220000,Giavang Archive
2015-09-19,10:40,"Vàng SJC 1L, 10L, 1KG (Vàng miếng 99.99%)",TP. Hồ Chí Minh,34050000,34290000,3405000,3429000,34170000,3417000,240000,Giavang Archive
2015-09-20,10:40,"Vàng SJC 1L, 10L, 1KG (Vàng miếng 99.99%)",TP. Hồ Chí Minh,34050000,34290000,3405000,3429000,34170000,3417000,240000,Giavang Archive
2015-09-21,13:36,"Vàng SJC 1L, 10L, 1KG (Vàng miếng 99.99%)",TP. Hồ Chí Minh,34020000,34250000,3402000,3425000,34135000,3413500,230000,Giavang Archive
2015-09-22,16:38,"Vàng SJC 1L, 10L, 1KG (Vàng miếng 99.99%)",TP. Hồ Chí Minh,33920000,34140000,3392000,3414000,34030000,3403000,220000,Giavang Archive
2015-09-23,16:42,"Vàng SJC 1L, 10L, 1KG (Vàng miếng 99.99%)",TP. Hồ Chí Minh,33830000,34050000,3383000,3405000,33940000,3394000,220000,Giavang Archive
2015-09-24,15:28,"Vàng SJC 1L, 10L, 1KG (Vàng miếng 99.99%)",TP. Hồ Chí Minh,33880000,34100000,3388000,3410000,33990000,3399000,220000,Giavang Archive
2015-09-25,15:35,"Vàng SJC 1L, 10L, 1KG (Vàng miếng 99.99%)",TP. Hồ Chí Minh,33920000,34140000,3392000,3414000,34030000,3403000,220000,Giavang Archive
2015-09-26,08:06,"Vàng SJC 1L, 10L, 1KG (Vàng miếng 99.99%)",TP. Hồ Chí Minh,33900000,34150000,3390000,3415000,34025000,3402500,250000,Giavang Archive
2015-09-27,08:06,"Vàng SJC 1L, 10L, 1KG (Vàng miếng 99.99%)",TP. Hồ Chí Minh,33900000,34150000,3390000,3415000,34025000,3402500,250000,Giavang Archive
2015-09-28,15:39,"Vàng SJC 1L, 10L, 1KG (Vàng miếng 99.99%)",TP. Hồ Chí Minh,33760000,33980000,3376000,3398000,33870000,3387000,220000,Giavang Archive
2015-09-29,16:10,"Vàng SJC 1L, 10L, 1KG (Vàng miếng 99.99%)",TP. Hồ Chí Minh,33660000,33880000,3366000,3388000,33770000,3377000,220000,Giavang Archive
2015-09-30,13:55,"Vàng SJC 1L, 10L, 1KG (Vàng miếng 99.99%)",TP. Hồ Chí Minh,33670000,33900000,3367000,3390000,33785000,3378500,230000,Giavang Archive
2015-10-01,15:32,"Vàng SJC 1L, 10L, 1KG (Vàng miếng 99.99%)",TP. Hồ Chí Minh,33620000,33840000,3362000,3384000,33730000,3373000,220000,Giavang Archive
2015-10-02,16:46,"Vàng SJC 1L, 10L, 1KG (Vàng miếng 99.99%)",TP. Hồ Chí Minh,33590000,33810000,3359000,3381000,33700000,3370000,220000,Giavang Archive
2015-10-03,09:16,"Vàng SJC 1L, 10L, 1KG (Vàng miếng 99.99%)",TP. Hồ Chí Minh,33750000,34000000,3375000,3400000,33875000,3387500,250000,Giavang Archive
2015-10-04,09:16,"Vàng SJC 1L, 10L, 1KG (Vàng miếng 99.99%)",TP. Hồ Chí Minh,33750000,34000000,3375000,3400000,33875000,3387500,250000,Giavang Archive
2015-10-05,16:32,"Vàng SJC 1L, 10L, 1KG (Vàng miếng 99.99%)",TP. Hồ Chí Minh,33690000,33910000,3369000,3391000,33800000,3380000,220000,Giavang Archive
2015-10-06,14:35,"Vàng SJC 1L, 10L, 1KG (Vàng miếng 99.99%)",TP. Hồ Chí Minh,33650000,33870000,3365000,3387000,33760000,3376000,220000,Giavang Archive
2015-10-07,16:05,"Vàng SJC 1L, 10L, 1KG (Vàng miếng 99.99%)",TP. Hồ Chí Minh,33700000,33920000,3370000,3392000,33810000,3381000,220000,Giavang Archive
2015-10-08,14:21,"Vàng SJC 1L, 10L, 1KG (Vàng miếng 99.99%)",TP. Hồ Chí Minh,33650000,33870000,3365000,3387000,33760000,3376000,220000,Giavang Archive
2015-10-09,15:13,"Vàng SJC 1L, 10L, 1KG (Vàng miếng 99.99%)",TP. Hồ Chí Minh,33720000,33940000,3372000,3394000,33830000,3383000,220000,Giavang Archive
2015-10-10,08:12,"Vàng SJC 1L, 10L, 1KG (Vàng miếng 99.99%)",TP. Hồ Chí Minh,33730000,33960000,3373000,3396000,33845000,3384500,230000,Giavang Archive
2015-10-11,08:12,"Vàng SJC 1L, 10L, 1KG (Vàng miếng 99.99%)",TP. Hồ Chí Minh,33730000,33960000,3373000,3396000,33845000,3384500,230000,Giavang Archive
2015-10-12,16:11,"Vàng SJC 1L, 10L, 1KG (Vàng miếng 99.99%)",TP. Hồ Chí Minh,33820000,34040000,3382000,3404000,33930000,3393000,220000,Giavang Archive
2015-10-13,15:38,"Vàng SJC 1L, 10L, 1KG (Vàng miếng 99.99%)",TP. Hồ Chí Minh,33750000,33970000,3375000,3397000,33860000,3386000,220000,Giavang Archive
2015-10-14,16:49,"Vàng SJC 1L, 10L, 1KG (Vàng miếng 99.99%)",TP. Hồ Chí Minh,33840000,34060000,3384000,3406000,33950000,3395000,220000,Giavang Archive
2015-10-15,11:41,"Vàng SJC 1L, 10L, 1KG (Vàng miếng 99.99%)",TP. Hồ Chí Minh,33940000,34170000,3394000,3417000,34055000,3405500,230000,Giavang Archive
2015-10-16,14:14,"Vàng SJC 1L, 10L, 1KG (Vàng miếng 99.99%)",TP. Hồ Chí Minh,33890000,34120000,3389000,3412000,34005000,3400500,230000,Giavang Archive
2015-10-17,09:37,"Vàng SJC 1L, 10L, 1KG (Vàng miếng 99.99%)",TP. Hồ Chí Minh,33850000,34080000,3385000,3408000,33965000,3396500,230000,Giavang Archive
2015-10-18,09:37,"Vàng SJC 1L, 10L, 1KG (Vàng miếng 99.99%)",TP. Hồ Chí Minh,33850000,34080000,3385000,3408000,33965000,3396500,230000,Giavang Archive
2015-10-19,14:14,"Vàng SJC 1L, 10L, 1KG (Vàng miếng 99.99%)",TP. Hồ Chí Minh,33760000,33980000,3376000,3398000,33870000,3387000,220000,Giavang Archive
2015-10-20,15:43,"Vàng SJC 1L, 10L, 1KG (Vàng miếng 99.99%)",TP. Hồ Chí Minh,33740000,33960000,3374000,3396000,33850000,3385000,220000,Giavang Archive
2015-10-21,15:55,"Vàng SJC 1L, 10L, 1KG (Vàng miếng 99.99%)",TP. Hồ Chí Minh,33760000,33980000,3376000,3398000,33870000,3387000,220000,Giavang Archive
2015-10-22,15:53,"Vàng SJC 1L, 10L, 1KG (Vàng miếng 99.99%)",TP. Hồ Chí Minh,33750000,33970000,3375000,3397000,33860000,3386000,220000,Giavang Archive
2015-10-23,13:35,"Vàng SJC 1L, 10L, 1KG (Vàng miếng 99.99%)",TP. Hồ Chí Minh,33780000,34000000,3378000,3400000,33890000,3389000,220000,Giavang Archive
2015-10-24,08:12,"Vàng SJC 1L, 10L, 1KG (Vàng miếng 99.99%)",TP. Hồ Chí Minh,33710000,33960000,3371000,3396000,33835000,3383500,250000,Giavang Archive
2015-10-25,08:12,"Vàng SJC 1L, 10L, 1KG (Vàng miếng 99.99%)",TP. Hồ Chí Minh,33710000,33960000,3371000,3396000,33835000,3383500,250000,Giavang Archive
2015-10-26,13:40,"Vàng SJC 1L, 10L, 1KG (Vàng miếng 99.99%)",TP. Hồ Chí Minh,33730000,33950000,3373000,3395000,33840000,3384000,220000,Giavang Archive
2015-10-27,13:37,"Vàng SJC 1L, 10L, 1KG (Vàng miếng 99.99%)",TP. Hồ Chí Minh,33730000,33950000,3373000,3395000,33840000,3384000,220000,Giavang Archive
2015-10-28,13:58,"Vàng SJC 1L, 10L, 1KG (Vàng miếng 99.99%)",TP. Hồ Chí Minh,33730000,33950000,3373000,3395000,33840000,3384000,220000,Giavang Archive
2015-10-29,14:52,"Vàng SJC 1L, 10L, 1KG (Vàng miếng 99.99%)",TP. Hồ Chí Minh,33650000,33870000,3365000,3387000,33760000,3376000,220000,Giavang Archive
2015-10-30,14:36,"Vàng SJC 1L, 10L, 1KG (Vàng miếng 99.99%)",TP. Hồ Chí Minh,33570000,33800000,3357000,3380000,33685000,3368500,230000,Giavang Archive
2015-10-31,09:13,"Vàng SJC 1L, 10L, 1KG (Vàng miếng 99.99%)",TP. Hồ Chí Minh,33560000,33790000,3356000,3379000,33675000,3367500,230000,Giavang Archive
2015-11-01,09:13,"Vàng SJC 1L, 10L, 1KG (Vàng miếng 99.99%)",TP. Hồ Chí Minh,33560000,33790000,3356000,3379000,33675000,3367500,230000,Giavang Archive
2015-11-02,15:35,"Vàng SJC 1L, 10L, 1KG (Vàng miếng 99.99%)",TP. Hồ Chí Minh,33560000,33780000,3356000,3378000,33670000,3367000,220000,Giavang Archive
2015-11-03,16:02,"Vàng SJC 1L, 10L, 1KG (Vàng miếng 99.99%)",TP. Hồ Chí Minh,33520000,33730000,3352000,3373000,33625000,3362500,210000,Giavang Archive
2015-11-04,15:43,"Vàng SJC 1L, 10L, 1KG (Vàng miếng 99.99%)",TP. Hồ Chí Minh,33330000,33560000,3333000,3356000,33445000,3344500,230000,Giavang Archive
2015-11-05,16:07,"Vàng SJC 1L, 10L, 1KG (Vàng miếng 99.99%)",TP. Hồ Chí Minh,33150000,33380000,3315000,3338000,33265000,3326500,230000,Giavang Archive
2015-11-06,16:20,"Vàng SJC 1L, 10L, 1KG (Vàng miếng 99.99%)",TP. Hồ Chí Minh,33280000,33500000,3328000,3350000,33390000,3339000,220000,Giavang Archive
2015-11-07,10:20,"Vàng SJC 1L, 10L, 1KG (Vàng miếng 99.99%)",TP. Hồ Chí Minh,33210000,33440000,3321000,3344000,33325000,3332500,230000,Giavang Archive
2015-11-08,10:20,"Vàng SJC 1L, 10L, 1KG (Vàng miếng 99.99%)",TP. Hồ Chí Minh,33210000,33440000,3321000,3344000,33325000,3332500,230000,Giavang Archive
2015-11-09,16:48,"Vàng SJC 1L, 10L, 1KG (Vàng miếng 99.99%)",TP. Hồ Chí Minh,33220000,33440000,3322000,3344000,33330000,3333000,220000,Giavang Archive
2015-11-10,15:57,"Vàng SJC 1L, 10L, 1KG (Vàng miếng 99.99%)",TP. Hồ Chí Minh,33250000,33470000,3325000,3347000,33360000,3336000,220000,Giavang Archive
2015-11-11,16:07,"Vàng SJC 1L, 10L, 1KG (Vàng miếng 99.99%)",TP. Hồ Chí Minh,33220000,33440000,3322000,3344000,33330000,3333000,220000,Giavang Archive
2015-11-12,16:07,"Vàng SJC 1L, 10L, 1KG (Vàng miếng 99.99%)",TP. Hồ Chí Minh,33200000,33420000,3320000,3342000,33310000,3331000,220000,Giavang Archive
2015-11-13,14:54,"Vàng SJC 1L, 10L, 1KG (Vàng miếng 99.99%)",TP. Hồ Chí Minh,33140000,33360000,3314000,3336000,33250000,3325000,220000,Giavang Archive
2015-11-14,08:24,"Vàng SJC 1L, 10L, 1KG (Vàng miếng 99.99%)",TP. Hồ Chí Minh,33140000,33360000,3314000,3336000,33250000,3325000,220000,Giavang Archive
2015-11-15,08:24,"Vàng SJC 1L, 10L, 1KG (Vàng miếng 99.99%)",TP. Hồ Chí Minh,33140000,33360000,3314000,3336000,33250000,3325000,220000,Giavang Archive
2015-11-16,15:56,"Vàng SJC 1L, 10L, 1KG (Vàng miếng 99.99%)",TP. Hồ Chí Minh,33260000,33490000,3326000,3349000,33375000,3337500,230000,Giavang Archive
2015-11-17,15:23,"Vàng SJC 1L, 10L, 1KG (Vàng miếng 99.99%)",TP. Hồ Chí Minh,33190000,33420000,3319000,3342000,33305000,3330500,230000,Giavang Archive
2015-11-18,15:44,"Vàng SJC 1L, 10L, 1KG (Vàng miếng 99.99%)",TP. Hồ Chí Minh,33070000,33300000,3307000,3330000,33185000,3318500,230000,Giavang Archive
2015-11-19,14:49,"Vàng SJC 1L, 10L, 1KG (Vàng miếng 99.99%)",TP. Hồ Chí Minh,33140000,33370000,3314000,3337000,33255000,3325500,230000,Giavang Archive
2015-11-20,15:26,"Vàng SJC 1L, 10L, 1KG (Vàng miếng 99.99%)",TP. Hồ Chí Minh,33170000,33400000,3317000,3340000,33285000,3328500,230000,Giavang Archive
2015-11-21,10:09,"Vàng SJC 1L, 10L, 1KG (Vàng miếng 99.99%)",TP. Hồ Chí Minh,33150000,33380000,3315000,3338000,33265000,3326500,230000,Giavang Archive
2015-11-22,10:09,"Vàng SJC 1L, 10L, 1KG (Vàng miếng 99.99%)",TP. Hồ Chí Minh,33150000,33380000,3315000,3338000,33265000,3326500,230000,Giavang Archive
2015-11-23,15:50,"Vàng SJC 1L, 10L, 1KG (Vàng miếng 99.99%)",TP. Hồ Chí Minh,33060000,33300000,3306000,3330000,33180000,3318000,240000,Giavang Archive
2015-11-24,16:52,"Vàng SJC 1L, 10L, 1KG (Vàng miếng 99.99%)",TP. Hồ Chí Minh,33060000,33290000,3306000,3329000,33175000,3317500,230000,Giavang Archive
2015-11-25,15:02,"Vàng SJC 1L, 10L, 1KG (Vàng miếng 99.99%)",TP. Hồ Chí Minh,33050000,33290000,3305000,3329000,33170000,3317000,240000,Giavang Archive
2015-11-26,14:35,"Vàng SJC 1L, 10L, 1KG (Vàng miếng 99.99%)",TP. Hồ Chí Minh,33050000,33290000,3305000,3329000,33170000,3317000,240000,Giavang Archive
2015-11-27,14:10,"Vàng SJC 1L, 10L, 1KG (Vàng miếng 99.99%)",TP. Hồ Chí Minh,33000000,33250000,3300000,3325000,33125000,3312500,250000,Giavang Archive
2015-11-28,09:01,"Vàng SJC 1L, 10L, 1KG (Vàng miếng 99.99%)",TP. Hồ Chí Minh,32940000,33210000,3294000,3321000,33075000,3307500,270000,Giavang Archive
2015-11-29,09:01,"Vàng SJC 1L, 10L, 1KG (Vàng miếng 99.99%)",TP. Hồ Chí Minh,32940000,33210000,3294000,3321000,33075000,3307500,270000,Giavang Archive
2015-11-30,13:49,"Vàng SJC 1L, 10L, 1KG (Vàng miếng 99.99%)",TP. Hồ Chí Minh,32840000,33080000,3284000,3308000,32960000,3296000,240000,Giavang Archive
2015-12-01,15:08,"Vàng SJC 1L, 10L, 1KG (Vàng miếng 99.99%)",TP. Hồ Chí Minh,32890000,33130000,3289000,3313000,33010000,3301000,240000,Giavang Archive
2015-12-02,15:46,"Vàng SJC 1L, 10L, 1KG (Vàng miếng 99.99%)",TP. Hồ Chí Minh,32850000,33090000,3285000,3309000,32970000,3297000,240000,Giavang Archive
2015-12-03,14:56,"Vàng SJC 1L, 10L, 1KG (Vàng miếng 99.99%)",TP. Hồ Chí Minh,32710000,32950000,3271000,3295000,32830000,3283000,240000,Giavang Archive
2015-12-04,16:27,"Vàng SJC 1L, 10L, 1KG (Vàng miếng 99.99%)",TP. Hồ Chí Minh,32780000,33020000,3278000,3302000,32900000,3290000,240000,Giavang Archive
2015-12-05,10:41,"Vàng SJC 1L, 10L, 1KG (Vàng miếng 99.99%)",TP. Hồ Chí Minh,33000000,33250000,3300000,3325000,33125000,3312500,250000,Giavang Archive
2015-12-06,10:41,"Vàng SJC 1L, 10L, 1KG (Vàng miếng 99.99%)",TP. Hồ Chí Minh,33000000,33250000,3300000,3325000,33125000,3312500,250000,Giavang Archive
2015-12-07,09:07,"Vàng SJC 1L, 10L, 1KG (Vàng miếng 99.99%)",TP. Hồ Chí Minh,32990000,33240000,3299000,3324000,33115000,3311500,250000,Giavang Archive
2015-12-08,15:08,"Vàng SJC 1L, 10L, 1KG (Vàng miếng 99.99%)",TP. Hồ Chí Minh,32950000,33200000,3295000,3320000,33075000,3307500,250000,Giavang Archive
2015-12-09,14:35,"Vàng SJC 1L, 10L, 1KG (Vàng miếng 99.99%)",TP. Hồ Chí Minh,32990000,33240000,3299000,3324000,33115000,3311500,250000,Giavang Archive
2015-12-10,15:45,"Vàng SJC 1L, 10L, 1KG (Vàng miếng 99.99%)",TP. Hồ Chí Minh,32930000,33180000,3293000,3318000,33055000,3305500,250000,Giavang Archive
2015-12-11,15:27,"Vàng SJC 1L, 10L, 1KG (Vàng miếng 99.99%)",TP. Hồ Chí Minh,32890000,33140000,3289000,3314000,33015000,3301500,250000,Giavang Archive
2015-12-12,10:19,"Vàng SJC 1L, 10L, 1KG (Vàng miếng 99.99%)",TP. Hồ Chí Minh,32920000,33170000,3292000,3317000,33045000,3304500,250000,Giavang Archive
2015-12-13,10:19,"Vàng SJC 1L, 10L, 1KG (Vàng miếng 99.99%)",TP. Hồ Chí Minh,32920000,33170000,3292000,3317000,33045000,3304500,250000,Giavang Archive
2015-12-14,14:42,"Vàng SJC 1L, 10L, 1KG (Vàng miếng 99.99%)",TP. Hồ Chí Minh,32870000,33120000,3287000,3312000,32995000,3299500,250000,Giavang Archive
2015-12-15,14:27,"Vàng SJC 1L, 10L, 1KG (Vàng miếng 99.99%)",TP. Hồ Chí Minh,32800000,33050000,3280000,3305000,32925000,3292500,250000,Giavang Archive
2015-12-16,16:36,"Vàng SJC 1L, 10L, 1KG (Vàng miếng 99.99%)",TP. Hồ Chí Minh,32830000,33080000,3283000,3308000,32955000,3295500,250000,Giavang Archive
2015-12-17,10:54,"Vàng SJC 1L, 10L, 1KG (Vàng miếng 99.99%)",TP. Hồ Chí Minh,32790000,33060000,3279000,3306000,32925000,3292500,270000,Giavang Archive
2015-12-18,09:28,"Vàng SJC 1L, 10L, 1KG (Vàng miếng 99.99%)",TP. Hồ Chí Minh,32710000,32990000,3271000,3299000,32850000,3285000,280000,Giavang Archive
2015-12-19,11:18,"Vàng SJC 1L, 10L, 1KG (Vàng miếng 99.99%)",TP. Hồ Chí Minh,32780000,33050000,3278000,3305000,32915000,3291500,270000,Giavang Archive
2015-12-20,11:18,"Vàng SJC 1L, 10L, 1KG (Vàng miếng 99.99%)",TP. Hồ Chí Minh,32780000,33050000,3278000,3305000,32915000,3291500,270000,Giavang Archive
2015-12-21,15:15,"Vàng SJC 1L, 10L, 1KG (Vàng miếng 99.99%)",TP. Hồ Chí Minh,32810000,33080000,3281000,3308000,32945000,3294500,270000,Giavang Archive
2015-12-22,09:05,"Vàng SJC 1L, 10L, 1KG (Vàng miếng 99.99%)",TP. Hồ Chí Minh,32810000,33080000,3281000,3308000,32945000,3294500,270000,Giavang Archive
2015-12-23,09:27,"Vàng SJC 1L, 10L, 1KG (Vàng miếng 99.99%)",TP. Hồ Chí Minh,32770000,33050000,3277000,3305000,32910000,3291000,280000,Giavang Archive
2015-12-24,18:30,"Vàng SJC 1L, 10L, 1KG (Vàng miếng 99.99%)",TP. Hồ Chí Minh,32800000,33080000,3280000,3308000,32940000,3294000,280000,Giavang Archive
2015-12-25,14:47,"Vàng SJC 1L, 10L, 1KG (Vàng miếng 99.99%)",TP. Hồ Chí Minh,32800000,33080000,3280000,3308000,32940000,3294000,280000,Giavang Archive
2015-12-26,08:41,"Vàng SJC 1L, 10L, 1KG (Vàng miếng 99.99%)",TP. Hồ Chí Minh,32800000,33080000,3280000,3308000,32940000,3294000,280000,Giavang Archive
2015-12-27,08:41,"Vàng SJC 1L, 10L, 1KG (Vàng miếng 99.99%)",TP. Hồ Chí Minh,32800000,33080000,3280000,3308000,32940000,3294000,280000,Giavang Archive
2015-12-28,17:11,"Vàng SJC 1L, 10L, 1KG (Vàng miếng 99.99%)",TP. Hồ Chí Minh,32800000,33080000,3280000,3308000,32940000,3294000,280000,Giavang Archive
2015-12-29,16:39,"Vàng SJC 1L, 10L, 1KG (Vàng miếng 99.99%)",TP. Hồ Chí Minh,32800000,33080000,3280000,3308000,32940000,3294000,280000,Giavang Archive
2015-12-30,16:32,"Vàng SJC 1L, 10L, 1KG (Vàng miếng 99.99%)",TP. Hồ Chí Minh,32800000,33080000,3280000,3308000,32940000,3294000,280000,Giavang Archive
2015-12-31,15:51,"Vàng SJC 1L, 10L, 1KG (Vàng miếng 99.99%)",TP. Hồ Chí Minh,32380000,32730000,3238000,3273000,32555000,3255500,350000,Giavang Archive
2016-01-01,08:32,"Vàng SJC 1L, 10L, 1KG (Vàng miếng 99.99%)",TP. Hồ Chí Minh,32380000,32730000,3238000,3273000,32555000,3255500,350000,Giavang Archive
2016-01-02,08:23,"Vàng SJC 1L, 10L, 1KG (Vàng miếng 99.99%)",TP. Hồ Chí Minh,32380000,32730000,3238000,3273000,32555000,3255500,350000,Giavang Archive
2016-01-03,08:23,"Vàng SJC 1L, 10L, 1KG (Vàng miếng 99.99%)",TP. Hồ Chí Minh,32380000,32730000,3238000,3273000,32555000,3255500,350000,Giavang Archive
2016-01-04,15:31,"Vàng SJC 1L, 10L, 1KG (Vàng miếng 99.99%)",TP. Hồ Chí Minh,32670000,32920000,3267000,3292000,32795000,3279500,250000,Giavang Archive
2016-01-05,15:44,"Vàng SJC 1L, 10L, 1KG (Vàng miếng 99.99%)",TP. Hồ Chí Minh,32610000,32890000,3261000,3289000,32750000,3275000,280000,Giavang Archive
2016-01-06,15:59,"Vàng SJC 1L, 10L, 1KG (Vàng miếng 99.99%)",TP. Hồ Chí Minh,32610000,32890000,3261000,3289000,32750000,3275000,280000,Giavang Archive
2016-01-07,16:21,"Vàng SJC 1L, 10L, 1KG (Vàng miếng 99.99%)",TP. Hồ Chí Minh,32740000,33020000,3274000,3302000,32880000,3288000,280000,Giavang Archive
2016-01-08,16:10,"Vàng SJC 1L, 10L, 1KG (Vàng miếng 99.99%)",TP. Hồ Chí Minh,32780000,33080000,3278000,3308000,32930000,3293000,300000,Giavang Archive
2016-01-09,11:39,"Vàng SJC 1L, 10L, 1KG (Vàng miếng 99.99%)",TP. Hồ Chí Minh,32840000,33140000,3284000,3314000,32990000,3299000,300000,Giavang Archive
2016-01-10,11:39,"Vàng SJC 1L, 10L, 1KG (Vàng miếng 99.99%)",TP. Hồ Chí Minh,32840000,33140000,3284000,3314000,32990000,3299000,300000,Giavang Archive
2016-01-11,15:50,"Vàng SJC 1L, 10L, 1KG (Vàng miếng 99.99%)",TP. Hồ Chí Minh,32850000,33150000,3285000,3315000,33000000,3300000,300000,Giavang Archive
2016-01-12,15:40,"Vàng SJC 1L, 10L, 1KG (Vàng miếng 99.99%)",TP. Hồ Chí Minh,32760000,33060000,3276000,3306000,32910000,3291000,300000,Giavang Archive
2016-01-13,15:16,"Vàng SJC 1L, 10L, 1KG (Vàng miếng 99.99%)",TP. Hồ Chí Minh,32620000,32880000,3262000,3288000,32750000,3275000,260000,Giavang Archive
2016-01-14,16:07,"Vàng SJC 1L, 10L, 1KG (Vàng miếng 99.99%)",TP. Hồ Chí Minh,32660000,32920000,3266000,3292000,32790000,3279000,260000,Giavang Archive
2016-01-15,14:33,"Vàng SJC 1L, 10L, 1KG (Vàng miếng 99.99%)",TP. Hồ Chí Minh,32610000,32870000,3261000,3287000,32740000,3274000,260000,Giavang Archive
2016-01-16,09:57,"Vàng SJC 1L, 10L, 1KG (Vàng miếng 99.99%)",TP. Hồ Chí Minh,32650000,32920000,3265000,3292000,32785000,3278500,270000,Giavang Archive
2016-01-17,09:57,"Vàng SJC 1L, 10L, 1KG (Vàng miếng 99.99%)",TP. Hồ Chí Minh,32650000,32920000,3265000,3292000,32785000,3278500,270000,Giavang Archive
2016-01-18,16:06,"Vàng SJC 1L, 10L, 1KG (Vàng miếng 99.99%)",TP. Hồ Chí Minh,32570000,32830000,3257000,3283000,32700000,3270000,260000,Giavang Archive
2016-01-19,16:46,"Vàng SJC 1L, 10L, 1KG (Vàng miếng 99.99%)",TP. Hồ Chí Minh,32590000,32850000,3259000,3285000,32720000,3272000,260000,Giavang Archive
2016-01-20,15:26,"Vàng SJC 1L, 10L, 1KG (Vàng miếng 99.99%)",TP. Hồ Chí Minh,32580000,32840000,3258000,3284000,32710000,3271000,260000,Giavang Archive
2016-01-21,16:17,"Vàng SJC 1L, 10L, 1KG (Vàng miếng 99.99%)",TP. Hồ Chí Minh,32640000,32900000,3264000,3290000,32770000,3277000,260000,Giavang Archive
2016-01-22,14:33,"Vàng SJC 1L, 10L, 1KG (Vàng miếng 99.99%)",TP. Hồ Chí Minh,32600000,32860000,3260000,3286000,32730000,3273000,260000,Giavang Archive
2016-01-23,08:37,"Vàng SJC 1L, 10L, 1KG (Vàng miếng 99.99%)",TP. Hồ Chí Minh,32640000,32910000,3264000,3291000,32775000,3277500,270000,Giavang Archive
2016-01-24,08:37,"Vàng SJC 1L, 10L, 1KG (Vàng miếng 99.99%)",TP. Hồ Chí Minh,32640000,32910000,3264000,3291000,32775000,3277500,270000,Giavang Archive
2016-01-25,16:25,"Vàng SJC 1L, 10L, 1KG (Vàng miếng 99.99%)",TP. Hồ Chí Minh,32590000,32860000,3259000,3286000,32725000,3272500,270000,Giavang Archive
2016-01-26,15:40,"Vàng SJC 1L, 10L, 1KG (Vàng miếng 99.99%)",TP. Hồ Chí Minh,32660000,32920000,3266000,3292000,32790000,3279000,260000,Giavang Archive
2016-01-27,14:12,"Vàng SJC 1L, 10L, 1KG (Vàng miếng 99.99%)",TP. Hồ Chí Minh,32680000,32950000,3268000,3295000,32815000,3281500,270000,Giavang Archive
2016-01-28,14:46,"Vàng SJC 1L, 10L, 1KG (Vàng miếng 99.99%)",TP. Hồ Chí Minh,32690000,32950000,3269000,3295000,32820000,3282000,260000,Giavang Archive
2016-01-29,14:58,"Vàng SJC 1L, 10L, 1KG (Vàng miếng 99.99%)",TP. Hồ Chí Minh,32620000,32890000,3262000,3289000,32755000,3275500,270000,Giavang Archive
2016-01-30,09:31,"Vàng SJC 1L, 10L, 1KG (Vàng miếng 99.99%)",TP. Hồ Chí Minh,32650000,32920000,3265000,3292000,32785000,3278500,270000,Giavang Archive
2016-01-31,09:31,"Vàng SJC 1L, 10L, 1KG (Vàng miếng 99.99%)",TP. Hồ Chí Minh,32650000,32920000,3265000,3292000,32785000,3278500,270000,Giavang Archive
2016-02-01,15:39,"Vàng SJC 1L, 10L, 1KG (Vàng miếng 99.99%)",TP. Hồ Chí Minh,32670000,32940000,3267000,3294000,32805000,3280500,270000,Giavang Archive
2016-02-02,14:24,"Vàng SJC 1L, 10L, 1KG (Vàng miếng 99.99%)",TP. Hồ Chí Minh,32730000,33000000,3273000,3300000,32865000,3286500,270000,Giavang Archive
2016-02-03,13:57,"Vàng SJC 1L, 10L, 1KG (Vàng miếng 99.99%)",TP. Hồ Chí Minh,32800000,33070000,3280000,3307000,32935000,3293500,270000,Giavang Archive
2016-02-04,16:05,"Vàng SJC 1L, 10L, 1KG (Vàng miếng 99.99%)",TP. Hồ Chí Minh,32970000,33250000,3297000,3325000,33110000,3311000,280000,Giavang Archive
2016-02-05,15:09,"Vàng SJC 1L, 10L, 1KG (Vàng miếng 99.99%)",TP. Hồ Chí Minh,33080000,33380000,3308000,3338000,33230000,3323000,300000,Giavang Archive
2016-02-06,15:09,"Vàng SJC 1L, 10L, 1KG (Vàng miếng 99.99%)",TP. Hồ Chí Minh,33080000,33380000,3308000,3338000,33230000,3323000,300000,Giavang Archive
2016-02-07,15:09,"Vàng SJC 1L, 10L, 1KG (Vàng miếng 99.99%)",TP. Hồ Chí Minh,33080000,33380000,3308000,3338000,33230000,3323000,300000,Giavang Archive
2016-02-08,15:09,"Vàng SJC 1L, 10L, 1KG (Vàng miếng 99.99%)",TP. Hồ Chí Minh,33080000,33380000,3308000,3338000,33230000,3323000,300000,Giavang Archive
2016-02-09,15:09,"Vàng SJC 1L, 10L, 1KG (Vàng miếng 99.99%)",TP. Hồ Chí Minh,33080000,33380000,3308000,3338000,33230000,3323000,300000,Giavang Archive
2016-02-10,15:09,"Vàng SJC 1L, 10L, 1KG (Vàng miếng 99.99%)",TP. Hồ Chí Minh,33080000,33380000,3308000,3338000,33230000,3323000,300000,Giavang Archive
2016-02-11,15:09,"Vàng SJC 1L, 10L, 1KG (Vàng miếng 99.99%)",TP. Hồ Chí Minh,33080000,33380000,3308000,3338000,33230000,3323000,300000,Giavang Archive
2016-02-12,08:35,"Vàng SJC 1L, 10L, 1KG (Vàng miếng 99.99%)",TP. Hồ Chí Minh,33500000,34400000,3350000,3440000,33950000,3395000,900000,Giavang Archive
2016-02-13,08:35,"Vàng SJC 1L, 10L, 1KG (Vàng miếng 99.99%)",TP. Hồ Chí Minh,33500000,34400000,3350000,3440000,33950000,3395000,900000,Giavang Archive
2016-02-14,08:35,"Vàng SJC 1L, 10L, 1KG (Vàng miếng 99.99%)",TP. Hồ Chí Minh,33500000,34400000,3350000,3440000,33950000,3395000,900000,Giavang Archive
2016-02-15,16:41,"Vàng SJC 1L, 10L, 1KG (Vàng miếng 99.99%)",TP. Hồ Chí Minh,33380000,33730000,3338000,3373000,33555000,3355500,350000,Giavang Archive
2016-02-16,16:58,"Vàng SJC 1L, 10L, 1KG (Vàng miếng 99.99%)",TP. Hồ Chí Minh,33450000,33800000,3345000,3380000,33625000,3362500,350000,Giavang Archive
2016-02-17,18:00,"Vàng SJC 1L, 10L, 1KG (Vàng miếng 99.99%)",TP. Hồ Chí Minh,33130000,33580000,3313000,3358000,33355000,3335500,450000,Giavang Archive
2016-02-18,14:16,"Vàng SJC 1L, 10L, 1KG (Vàng miếng 99.99%)",TP. Hồ Chí Minh,33130000,33450000,3313000,3345000,33290000,3329000,320000,Giavang Archive
2016-02-19,17:10,"Vàng SJC 1L, 10L, 1KG (Vàng miếng 99.99%)",TP. Hồ Chí Minh,33270000,33630000,3327000,3363000,33450000,3345000,360000,Giavang Archive
2016-02-20,09:48,"Vàng SJC 1L, 10L, 1KG (Vàng miếng 99.99%)",TP. Hồ Chí Minh,33300000,33650000,3330000,3365000,33475000,3347500,350000,Giavang Archive
2016-02-21,09:48,"Vàng SJC 1L, 10L, 1KG (Vàng miếng 99.99%)",TP. Hồ Chí Minh,33300000,33650000,3330000,3365000,33475000,3347500,350000,Giavang Archive
2016-02-22,15:57,"Vàng SJC 1L, 10L, 1KG (Vàng miếng 99.99%)",TP. Hồ Chí Minh,33120000,33420000,3312000,3342000,33270000,3327000,300000,Giavang Archive
2016-02-23,15:38,"Vàng SJC 1L, 10L, 1KG (Vàng miếng 99.99%)",TP. Hồ Chí Minh,33220000,33520000,3322000,3352000,33370000,3337000,300000,Giavang Archive
2016-02-24,17:14,"Vàng SJC 1L, 10L, 1KG (Vàng miếng 99.99%)",TP. Hồ Chí Minh,33360000,33660000,3336000,3366000,33510000,3351000,300000,Giavang Archive
2016-02-25,15:52,"Vàng SJC 1L, 10L, 1KG (Vàng miếng 99.99%)",TP. Hồ Chí Minh,33350000,33650000,3335000,3365000,33500000,3350000,300000,Giavang Archive
2016-02-26,16:33,"Vàng SJC 1L, 10L, 1KG (Vàng miếng 99.99%)",TP. Hồ Chí Minh,33300000,33600000,3330000,3360000,33450000,3345000,300000,Giavang Archive
2016-02-27,08:58,"Vàng SJC 1L, 10L, 1KG (Vàng miếng 99.99%)",TP. Hồ Chí Minh,33200000,33500000,3320000,3350000,33350000,3335000,300000,Giavang Archive
2016-02-28,08:58,"Vàng SJC 1L, 10L, 1KG (Vàng miếng 99.99%)",TP. Hồ Chí Minh,33200000,33500000,3320000,3350000,33350000,3335000,300000,Giavang Archive
2016-02-29,16:06,"Vàng SJC 1L, 10L, 1KG (Vàng miếng 99.99%)",TP. Hồ Chí Minh,33290000,33590000,3329000,3359000,33440000,3344000,300000,Giavang Archive
2016-03-01,16:16,"Vàng SJC 1L, 10L, 1KG (Vàng miếng 99.99%)",TP. Hồ Chí Minh,33370000,33670000,3337000,3367000,33520000,3352000,300000,Giavang Archive
2016-03-02,15:45,"Vàng SJC 1L, 10L, 1KG (Vàng miếng 99.99%)",TP. Hồ Chí Minh,33240000,33540000,3324000,3354000,33390000,3339000,300000,Giavang Archive
2016-03-03,16:20,"Vàng SJC 1L, 10L, 1KG (Vàng miếng 99.99%)",TP. Hồ Chí Minh,33310000,33610000,3331000,3361000,33460000,3346000,300000,Giavang Archive
2016-03-04,16:36,"Vàng SJC 1L, 10L, 1KG (Vàng miếng 99.99%)",TP. Hồ Chí Minh,33820000,34070000,3382000,3407000,33945000,3394500,250000,Giavang Archive
2016-03-05,11:18,"Vàng SJC 1L, 10L, 1KG (Vàng miếng 99.99%)",TP. Hồ Chí Minh,33730000,34030000,3373000,3403000,33880000,3388000,300000,Giavang Archive
2016-03-06,11:18,"Vàng SJC 1L, 10L, 1KG (Vàng miếng 99.99%)",TP. Hồ Chí Minh,33730000,34030000,3373000,3403000,33880000,3388000,300000,Giavang Archive
2016-03-07,16:49,"Vàng SJC 1L, 10L, 1KG (Vàng miếng 99.99%)",TP. Hồ Chí Minh,33800000,34050000,3380000,3405000,33925000,3392500,250000,Giavang Archive
2016-03-08,16:21,"Vàng SJC 1L, 10L, 1KG (Vàng miếng 99.99%)",TP. Hồ Chí Minh,33900000,34150000,3390000,3415000,34025000,3402500,250000,Giavang Archive
2016-03-09,15:38,"Vàng SJC 1L, 10L, 1KG (Vàng miếng 99.99%)",TP. Hồ Chí Minh,33680000,33930000,3368000,3393000,33805000,3380500,250000,Giavang Archive
2016-03-10,15:49,"Vàng SJC 1L, 10L, 1KG (Vàng miếng 99.99%)",TP. Hồ Chí Minh,33550000,33800000,3355000,3380000,33675000,3367500,250000,Giavang Archive
2016-03-11,15:50,"Vàng SJC 1L, 10L, 1KG (Vàng miếng 99.99%)",TP. Hồ Chí Minh,33730000,34030000,3373000,3403000,33880000,3388000,300000,Giavang Archive
2016-03-12,10:18,"Vàng SJC 1L, 10L, 1KG (Vàng miếng 99.99%)",TP. Hồ Chí Minh,33620000,33920000,3362000,3392000,33770000,3377000,300000,Giavang Archive
2016-03-13,10:18,"Vàng SJC 1L, 10L, 1KG (Vàng miếng 99.99%)",TP. Hồ Chí Minh,33620000,33920000,3362000,3392000,33770000,3377000,300000,Giavang Archive
2016-03-14,16:56,"Vàng SJC 1L, 10L, 1KG (Vàng miếng 99.99%)",TP. Hồ Chí Minh,33680000,33960000,3368000,3396000,33820000,3382000,280000,Giavang Archive
2016-03-15,16:02,"Vàng SJC 1L, 10L, 1KG (Vàng miếng 99.99%)",TP. Hồ Chí Minh,33480000,33780000,3348000,3378000,33630000,3363000,300000,Giavang Archive
2016-03-16,16:12,"Vàng SJC 1L, 10L, 1KG (Vàng miếng 99.99%)",TP. Hồ Chí Minh,33400000,33700000,3340000,3370000,33550000,3355000,300000,Giavang Archive
2016-03-17,16:39,"Vàng SJC 1L, 10L, 1KG (Vàng miếng 99.99%)",TP. Hồ Chí Minh,33650000,33920000,3365000,3392000,33785000,3378500,270000,Giavang Archive
2016-03-18,16:53,"Vàng SJC 1L, 10L, 1KG (Vàng miếng 99.99%)",TP. Hồ Chí Minh,33650000,33870000,3365000,3387000,33760000,3376000,220000,Giavang Archive
2016-03-19,09:57,"Vàng SJC 1L, 10L, 1KG (Vàng miếng 99.99%)",TP. Hồ Chí Minh,33660000,33880000,3366000,3388000,33770000,3377000,220000,Giavang Archive
2016-03-20,09:57,"Vàng SJC 1L, 10L, 1KG (Vàng miếng 99.99%)",TP. Hồ Chí Minh,33660000,33880000,3366000,3388000,33770000,3377000,220000,Giavang Archive
2016-03-21,16:24,"Vàng SJC 1L, 10L, 1KG (Vàng miếng 99.99%)",TP. Hồ Chí Minh,33470000,33720000,3347000,3372000,33595000,3359500,250000,Giavang Archive
2016-03-22,16:13,"Vàng SJC 1L, 10L, 1KG (Vàng miếng 99.99%)",TP. Hồ Chí Minh,33500000,33750000,3350000,3375000,33625000,3362500,250000,Giavang Archive
2016-03-23,16:25,"Vàng SJC 1L, 10L, 1KG (Vàng miếng 99.99%)",TP. Hồ Chí Minh,33390000,33640000,3339000,3364000,33515000,3351500,250000,Giavang Archive
2016-03-24,15:23,"Vàng SJC 1L, 10L, 1KG (Vàng miếng 99.99%)",TP. Hồ Chí Minh,33150000,33400000,3315000,3340000,33275000,3327500,250000,Giavang Archive
2016-03-25,14:13,"Vàng SJC 1L, 10L, 1KG (Vàng miếng 99.99%)",TP. Hồ Chí Minh,33150000,33400000,3315000,3340000,33275000,3327500,250000,Giavang Archive
2016-03-26,10:03,"Vàng SJC 1L, 10L, 1KG (Vàng miếng 99.99%)",TP. Hồ Chí Minh,33150000,33420000,3315000,3342000,33285000,3328500,270000,Giavang Archive
2016-03-27,10:03,"Vàng SJC 1L, 10L, 1KG (Vàng miếng 99.99%)",TP. Hồ Chí Minh,33150000,33420000,3315000,3342000,33285000,3328500,270000,Giavang Archive
2016-03-28,16:17,"Vàng SJC 1L, 10L, 1KG (Vàng miếng 99.99%)",TP. Hồ Chí Minh,33040000,33290000,3304000,3329000,33165000,3316500,250000,Giavang Archive
2016-03-29,16:53,"Vàng SJC 1L, 10L, 1KG (Vàng miếng 99.99%)",TP. Hồ Chí Minh,33010000,33260000,3301000,3326000,33135000,3313500,250000,Giavang Archive
2016-03-30,15:53,"Vàng SJC 1L, 10L, 1KG (Vàng miếng 99.99%)",TP. Hồ Chí Minh,33100000,33350000,3310000,3335000,33225000,3322500,250000,Giavang Archive
2016-03-31,16:23,"Vàng SJC 1L, 10L, 1KG (Vàng miếng 99.99%)",TP. Hồ Chí Minh,33090000,33340000,3309000,3334000,33215000,3321500,250000,Giavang Archive
2016-04-01,13:57,"Vàng SJC 1L, 10L, 1KG (Vàng miếng 99.99%)",TP. Hồ Chí Minh,33080000,33330000,3308000,3333000,33205000,3320500,250000,Giavang Archive
2016-04-02,08:24,"Vàng SJC 1L, 10L, 1KG (Vàng miếng 99.99%)",TP. Hồ Chí Minh,33000000,33270000,3300000,3327000,33135000,3313500,270000,Giavang Archive
2016-04-03,08:24,"Vàng SJC 1L, 10L, 1KG (Vàng miếng 99.99%)",TP. Hồ Chí Minh,33000000,33270000,3300000,3327000,33135000,3313500,270000,Giavang Archive
2016-04-04,15:38,"Vàng SJC 1L, 10L, 1KG (Vàng miếng 99.99%)",TP. Hồ Chí Minh,32990000,33240000,3299000,3324000,33115000,3311500,250000,Giavang Archive
2016-04-05,17:01,"Vàng SJC 1L, 10L, 1KG (Vàng miếng 99.99%)",TP. Hồ Chí Minh,33030000,33280000,3303000,3328000,33155000,3315500,250000,Giavang Archive
2016-04-06,14:20,"Vàng SJC 1L, 10L, 1KG (Vàng miếng 99.99%)",TP. Hồ Chí Minh,32980000,33230000,3298000,3323000,33105000,3310500,250000,Giavang Archive
2016-04-07,16:10,"Vàng SJC 1L, 10L, 1KG (Vàng miếng 99.99%)",TP. Hồ Chí Minh,33080000,33330000,3308000,3333000,33205000,3320500,250000,Giavang Archive
2016-04-08,15:23,"Vàng SJC 1L, 10L, 1KG (Vàng miếng 99.99%)",TP. Hồ Chí Minh,33050000,33250000,3305000,3325000,33150000,3315000,200000,Giavang Archive
2016-04-09,08:36,"Vàng SJC 1L, 10L, 1KG (Vàng miếng 99.99%)",TP. Hồ Chí Minh,33050000,33280000,3305000,3328000,33165000,3316500,230000,Giavang Archive
2016-04-10,08:36,"Vàng SJC 1L, 10L, 1KG (Vàng miếng 99.99%)",TP. Hồ Chí Minh,33050000,33280000,3305000,3328000,33165000,3316500,230000,Giavang Archive
2016-04-11,15:38,"Vàng SJC 1L, 10L, 1KG (Vàng miếng 99.99%)",TP. Hồ Chí Minh,33200000,33430000,3320000,3343000,33315000,3331500,230000,Giavang Archive
2016-04-12,16:10,"Vàng SJC 1L, 10L, 1KG (Vàng miếng 99.99%)",TP. Hồ Chí Minh,33370000,33620000,3337000,3362000,33495000,3349500,250000,Giavang Archive
2016-04-13,15:55,"Vàng SJC 1L, 10L, 1KG (Vàng miếng 99.99%)",TP. Hồ Chí Minh,33200000,33450000,3320000,3345000,33325000,3332500,250000,Giavang Archive
2016-04-14,15:20,"Vàng SJC 1L, 10L, 1KG (Vàng miếng 99.99%)",TP. Hồ Chí Minh,33120000,33370000,3312000,3337000,33245000,3324500,250000,Giavang Archive
2016-04-15,15:30,"Vàng SJC 1L, 10L, 1KG (Vàng miếng 99.99%)",TP. Hồ Chí Minh,33050000,33300000,3305000,3330000,33175000,3317500,250000,Giavang Archive
2016-04-16,15:30,"Vàng SJC 1L, 10L, 1KG (Vàng miếng 99.99%)",TP. Hồ Chí Minh,33050000,33300000,3305000,3330000,33175000,3317500,250000,Giavang Archive
2016-04-17,15:30,"Vàng SJC 1L, 10L, 1KG (Vàng miếng 99.99%)",TP. Hồ Chí Minh,33050000,33300000,3305000,3330000,33175000,3317500,250000,Giavang Archive
2016-04-18,08:11,"Vàng SJC 1L, 10L, 1KG (Vàng miếng 99.99%)",TP. Hồ Chí Minh,33100000,33400000,3310000,3340000,33250000,3325000,300000,Giavang Archive
2016-04-19,15:11,"Vàng SJC 1L, 10L, 1KG (Vàng miếng 99.99%)",TP. Hồ Chí Minh,33120000,33340000,3312000,3334000,33230000,3323000,220000,Giavang Archive
2016-04-20,16:07,"Vàng SJC 1L, 10L, 1KG (Vàng miếng 99.99%)",TP. Hồ Chí Minh,33210000,33430000,3321000,3343000,33320000,3332000,220000,Giavang Archive
2016-04-21,16:23,"Vàng SJC 1L, 10L, 1KG (Vàng miếng 99.99%)",TP. Hồ Chí Minh,33300000,33520000,3330000,3352000,33410000,3341000,220000,Giavang Archive
2016-04-22,15:55,"Vàng SJC 1L, 10L, 1KG (Vàng miếng 99.99%)",TP. Hồ Chí Minh,33200000,33430000,3320000,3343000,33315000,3331500,230000,Giavang Archive
2016-04-23,09:58,"Vàng SJC 1L, 10L, 1KG (Vàng miếng 99.99%)",TP. Hồ Chí Minh,33120000,33370000,3312000,3337000,33245000,3324500,250000,Giavang Archive
2016-04-24,09:58,"Vàng SJC 1L, 10L, 1KG (Vàng miếng 99.99%)",TP. Hồ Chí Minh,33120000,33370000,3312000,3337000,33245000,3324500,250000,Giavang Archive
2016-04-25,16:10,"Vàng SJC 1L, 10L, 1KG (Vàng miếng 99.99%)",TP. Hồ Chí Minh,33070000,33320000,3307000,3332000,33195000,3319500,250000,Giavang Archive
2016-04-26,16:27,"Vàng SJC 1L, 10L, 1KG (Vàng miếng 99.99%)",TP. Hồ Chí Minh,33050000,33300000,3305000,3330000,33175000,3317500,250000,Giavang Archive
2016-04-27,16:23,"Vàng SJC 1L, 10L, 1KG (Vàng miếng 99.99%)",TP. Hồ Chí Minh,33170000,33340000,3317000,3334000,33255000,3325500,170000,Giavang Archive
2016-04-28,16:21,"Vàng SJC 1L, 10L, 1KG (Vàng miếng 99.99%)",TP. Hồ Chí Minh,33250000,33500000,3325000,3350000,33375000,3337500,250000,Giavang Archive
2016-04-29,15:39,"Vàng SJC 1L, 10L, 1KG (Vàng miếng 99.99%)",TP. Hồ Chí Minh,33600000,33800000,3360000,3380000,33700000,3370000,200000,Giavang Archive
2016-04-30,15:15,"Vàng SJC 1L, 10L, 1KG (Vàng miếng 99.99%)",TP. Hồ Chí Minh,33950000,34350000,3395000,3435000,34150000,3415000,400000,Giavang Archive
2016-05-01,15:15,"Vàng SJC 1L, 10L, 1KG (Vàng miếng 99.99%)",TP. Hồ Chí Minh,33950000,34350000,3395000,3435000,34150000,3415000,400000,Giavang Archive
2016-05-02,15:15,"Vàng SJC 1L, 10L, 1KG (Vàng miếng 99.99%)",TP. Hồ Chí Minh,33950000,34350000,3395000,3435000,34150000,3415000,400000,Giavang Archive
2016-05-03,15:15,"Vàng SJC 1L, 10L, 1KG (Vàng miếng 99.99%)",TP. Hồ Chí Minh,33950000,34350000,3395000,3435000,34150000,3415000,400000,Giavang Archive
2016-05-04,15:56,"Vàng SJC 1L, 10L, 1KG (Vàng miếng 99.99%)",TP. Hồ Chí Minh,33780000,33980000,3378000,3398000,33880000,3388000,200000,Giavang Archive
2016-05-05,15:48,"Vàng SJC 1L, 10L, 1KG (Vàng miếng 99.99%)",TP. Hồ Chí Minh,33740000,33940000,3374000,3394000,33840000,3384000,200000,Giavang Archive
2016-05-06,15:56,"Vàng SJC 1L, 10L, 1KG (Vàng miếng 99.99%)",TP. Hồ Chí Minh,33830000,34030000,3383000,3403000,33930000,3393000,200000,Giavang Archive
2016-05-07,10:27,"Vàng SJC 1L, 10L, 1KG (Vàng miếng 99.99%)",TP. Hồ Chí Minh,33950000,34170000,3395000,3417000,34060000,3406000,220000,Giavang Archive
2016-05-08,10:27,"Vàng SJC 1L, 10L, 1KG (Vàng miếng 99.99%)",TP. Hồ Chí Minh,33950000,34170000,3395000,3417000,34060000,3406000,220000,Giavang Archive
2016-05-09,16:41,"Vàng SJC 1L, 10L, 1KG (Vàng miếng 99.99%)",TP. Hồ Chí Minh,33820000,34020000,3382000,3402000,33920000,3392000,200000,Giavang Archive
2016-05-10,15:35,"Vàng SJC 1L, 10L, 1KG (Vàng miếng 99.99%)",TP. Hồ Chí Minh,33680000,33880000,3368000,3388000,33780000,3378000,200000,Giavang Archive
2016-05-11,16:28,"Vàng SJC 1L, 10L, 1KG (Vàng miếng 99.99%)",TP. Hồ Chí Minh,33830000,34030000,3383000,3403000,33930000,3393000,200000,Giavang Archive
2016-05-12,16:20,"Vàng SJC 1L, 10L, 1KG (Vàng miếng 99.99%)",TP. Hồ Chí Minh,33800000,34000000,3380000,3400000,33900000,3390000,200000,Giavang Archive
2016-05-13,15:54,"Vàng SJC 1L, 10L, 1KG (Vàng miếng 99.99%)",TP. Hồ Chí Minh,33900000,34100000,3390000,3410000,34000000,3400000,200000,Giavang Archive
2016-05-14,09:26,"Vàng SJC 1L, 10L, 1KG (Vàng miếng 99.99%)",TP. Hồ Chí Minh,33840000,34070000,3384000,3407000,33955000,3395500,230000,Giavang Archive
2016-05-15,09:26,"Vàng SJC 1L, 10L, 1KG (Vàng miếng 99.99%)",TP. Hồ Chí Minh,33840000,34070000,3384000,3407000,33955000,3395500,230000,Giavang Archive
2016-05-16,15:04,"Vàng SJC 1L, 10L, 1KG (Vàng miếng 99.99%)",TP. Hồ Chí Minh,33970000,34200000,3397000,3420000,34085000,3408500,230000,Giavang Archive
2016-05-17,16:45,"Vàng SJC 1L, 10L, 1KG (Vàng miếng 99.99%)",TP. Hồ Chí Minh,33930000,34160000,3393000,3416000,34045000,3404500,230000,Giavang Archive
2016-05-18,16:54,"Vàng SJC 1L, 10L, 1KG (Vàng miếng 99.99%)",TP. Hồ Chí Minh,33920000,34150000,3392000,3415000,34035000,3403500,230000,Giavang Archive
2016-05-19,16:49,"Vàng SJC 1L, 10L, 1KG (Vàng miếng 99.99%)",TP. Hồ Chí Minh,33740000,33970000,3374000,3397000,33855000,3385500,230000,Giavang Archive
2016-05-20,15:43,"Vàng SJC 1L, 10L, 1KG (Vàng miếng 99.99%)",TP. Hồ Chí Minh,33780000,34010000,3378000,3401000,33895000,3389500,230000,Giavang Archive
2016-05-21,10:50,"Vàng SJC 1L, 10L, 1KG (Vàng miếng 99.99%)",TP. Hồ Chí Minh,33730000,33960000,3373000,3396000,33845000,3384500,230000,Giavang Archive
2016-05-22,10:50,"Vàng SJC 1L, 10L, 1KG (Vàng miếng 99.99%)",TP. Hồ Chí Minh,33730000,33960000,3373000,3396000,33845000,3384500,230000,Giavang Archive
2016-05-23,15:10,"Vàng SJC 1L, 10L, 1KG (Vàng miếng 99.99%)",TP. Hồ Chí Minh,33660000,33890000,3366000,3389000,33775000,3377500,230000,Giavang Archive
2016-05-24,16:05,"Vàng SJC 1L, 10L, 1KG (Vàng miếng 99.99%)",TP. Hồ Chí Minh,33520000,33740000,3352000,3374000,33630000,3363000,220000,Giavang Archive
2016-05-25,16:09,"Vàng SJC 1L, 10L, 1KG (Vàng miếng 99.99%)",TP. Hồ Chí Minh,33190000,33440000,3319000,3344000,33315000,3331500,250000,Giavang Archive
2016-05-26,13:46,"Vàng SJC 1L, 10L, 1KG (Vàng miếng 99.99%)",TP. Hồ Chí Minh,33270000,33500000,3327000,3350000,33385000,3338500,230000,Giavang Archive
2016-05-27,14:43,"Vàng SJC 1L, 10L, 1KG (Vàng miếng 99.99%)",TP. Hồ Chí Minh,33200000,33430000,3320000,3343000,33315000,3331500,230000,Giavang Archive
2016-05-28,10:27,"Vàng SJC 1L, 10L, 1KG (Vàng miếng 99.99%)",TP. Hồ Chí Minh,33140000,33390000,3314000,3339000,33265000,3326500,250000,Giavang Archive
2016-05-29,10:27,"Vàng SJC 1L, 10L, 1KG (Vàng miếng 99.99%)",TP. Hồ Chí Minh,33140000,33390000,3314000,3339000,33265000,3326500,250000,Giavang Archive
2016-05-30,16:19,"Vàng SJC 1L, 10L, 1KG (Vàng miếng 99.99%)",TP. Hồ Chí Minh,33080000,33330000,3308000,3333000,33205000,3320500,250000,Giavang Archive
2016-05-31,13:45,"Vàng SJC 1L, 10L, 1KG (Vàng miếng 99.99%)",TP. Hồ Chí Minh,33110000,33350000,3311000,3335000,33230000,3323000,240000,Giavang Archive
2016-06-01,15:52,"Vàng SJC 1L, 10L, 1KG (Vàng miếng 99.99%)",TP. Hồ Chí Minh,33220000,33460000,3322000,3346000,33340000,3334000,240000,Giavang Archive
2016-06-02,14:28,"Vàng SJC 1L, 10L, 1KG (Vàng miếng 99.99%)",TP. Hồ Chí Minh,33220000,33460000,3322000,3346000,33340000,3334000,240000,Giavang Archive
2016-06-03,14:54,"Vàng SJC 1L, 10L, 1KG (Vàng miếng 99.99%)",TP. Hồ Chí Minh,33160000,33400000,3316000,3340000,33280000,3328000,240000,Giavang Archive
2016-06-04,11:18,"Vàng SJC 1L, 10L, 1KG (Vàng miếng 99.99%)",TP. Hồ Chí Minh,33430000,33680000,3343000,3368000,33555000,3355500,250000,Giavang Archive
2016-06-05,11:18,"Vàng SJC 1L, 10L, 1KG (Vàng miếng 99.99%)",TP. Hồ Chí Minh,33430000,33680000,3343000,3368000,33555000,3355500,250000,Giavang Archive
2016-06-06,14:38,"Vàng SJC 1L, 10L, 1KG (Vàng miếng 99.99%)",TP. Hồ Chí Minh,33390000,33630000,3339000,3363000,33510000,3351000,240000,Giavang Archive
2016-06-07,15:44,"Vàng SJC 1L, 10L, 1KG (Vàng miếng 99.99%)",TP. Hồ Chí Minh,33340000,33580000,3334000,3358000,33460000,3346000,240000,Giavang Archive
2016-06-08,14:02,"Vàng SJC 1L, 10L, 1KG (Vàng miếng 99.99%)",TP. Hồ Chí Minh,33430000,33670000,3343000,3367000,33550000,3355000,240000,Giavang Archive
2016-06-09,14:44,"Vàng SJC 1L, 10L, 1KG (Vàng miếng 99.99%)",TP. Hồ Chí Minh,33560000,33800000,3356000,3380000,33680000,3368000,240000,Giavang Archive
2016-06-10,15:44,"Vàng SJC 1L, 10L, 1KG (Vàng miếng 99.99%)",TP. Hồ Chí Minh,33690000,33930000,3369000,3393000,33810000,3381000,240000,Giavang Archive
2016-06-11,10:04,"Vàng SJC 1L, 10L, 1KG (Vàng miếng 99.99%)",TP. Hồ Chí Minh,33810000,34060000,3381000,3406000,33935000,3393500,250000,Giavang Archive
2016-06-12,10:04,"Vàng SJC 1L, 10L, 1KG (Vàng miếng 99.99%)",TP. Hồ Chí Minh,33810000,34060000,3381000,3406000,33935000,3393500,250000,Giavang Archive
2016-06-13,15:56,"Vàng SJC 1L, 10L, 1KG (Vàng miếng 99.99%)",TP. Hồ Chí Minh,34020000,34270000,3402000,3427000,34145000,3414500,250000,Giavang Archive
2016-06-14,15:36,"Vàng SJC 1L, 10L, 1KG (Vàng miếng 99.99%)",TP. Hồ Chí Minh,33900000,34150000,3390000,3415000,34025000,3402500,250000,Giavang Archive
2016-06-15,16:17,"Vàng SJC 1L, 10L, 1KG (Vàng miếng 99.99%)",TP. Hồ Chí Minh,33990000,34240000,3399000,3424000,34115000,3411500,250000,Giavang Archive
2016-06-16,16:52,"Vàng SJC 1L, 10L, 1KG (Vàng miếng 99.99%)",TP. Hồ Chí Minh,34510000,34810000,3451000,3481000,34660000,3466000,300000,Giavang Archive
2016-06-17,14:43,"Vàng SJC 1L, 10L, 1KG (Vàng miếng 99.99%)",TP. Hồ Chí Minh,34080000,34380000,3408000,3438000,34230000,3423000,300000,Giavang Archive
2016-06-18,14:13,"Vàng SJC 1L, 10L, 1KG (Vàng miếng 99.99%)",TP. Hồ Chí Minh,34370000,34670000,3437000,3467000,34520000,3452000,300000,Giavang Archive
2016-06-19,14:13,"Vàng SJC 1L, 10L, 1KG (Vàng miếng 99.99%)",TP. Hồ Chí Minh,34370000,34670000,3437000,3467000,34520000,3452000,300000,Giavang Archive
2016-06-20,16:05,"Vàng SJC 1L, 10L, 1KG (Vàng miếng 99.99%)",TP. Hồ Chí Minh,34170000,34470000,3417000,3447000,34320000,3432000,300000,Giavang Archive
2016-06-21,15:56,"Vàng SJC 1L, 10L, 1KG (Vàng miếng 99.99%)",TP. Hồ Chí Minh,34060000,34360000,3406000,3436000,34210000,3421000,300000,Giavang Archive
2016-06-22,16:36,"Vàng SJC 1L, 10L, 1KG (Vàng miếng 99.99%)",TP. Hồ Chí Minh,33690000,33990000,3369000,3399000,33840000,3384000,300000,Giavang Archive
2016-06-23,16:15,"Vàng SJC 1L, 10L, 1KG (Vàng miếng 99.99%)",TP. Hồ Chí Minh,33800000,34100000,3380000,3410000,33950000,3395000,300000,Giavang Archive
2016-06-24,16:52,"Vàng SJC 1L, 10L, 1KG (Vàng miếng 99.99%)",TP. Hồ Chí Minh,34600000,35100000,3460000,3510000,34850000,3485000,500000,Giavang Archive
2016-06-25,17:00,"Vàng SJC 1L, 10L, 1KG (Vàng miếng 99.99%)",TP. Hồ Chí Minh,34650000,35150000,3465000,3515000,34900000,3490000,500000,Giavang Archive
2016-06-26,17:00,"Vàng SJC 1L, 10L, 1KG (Vàng miếng 99.99%)",TP. Hồ Chí Minh,34650000,35150000,3465000,3515000,34900000,3490000,500000,Giavang Archive
2016-06-27,14:01,"Vàng SJC 1L, 10L, 1KG (Vàng miếng 99.99%)",TP. Hồ Chí Minh,34850000,35350000,3485000,3535000,35100000,3510000,500000,Giavang Archive
2016-06-28,16:05,"Vàng SJC 1L, 10L, 1KG (Vàng miếng 99.99%)",TP. Hồ Chí Minh,34640000,35040000,3464000,3504000,34840000,3484000,400000,Giavang Archive
2016-06-29,16:32,"Vàng SJC 1L, 10L, 1KG (Vàng miếng 99.99%)",TP. Hồ Chí Minh,34900000,35220000,3490000,3522000,35060000,3506000,320000,Giavang Archive
2016-06-30,16:41,"Vàng SJC 1L, 10L, 1KG (Vàng miếng 99.99%)",TP. Hồ Chí Minh,34900000,35220000,3490000,3522000,35060000,3506000,320000,Giavang Archive
2016-07-01,16:27,"Vàng SJC 1L, 10L, 1KG (Vàng miếng 99.99%)",TP. Hồ Chí Minh,35230000,35580000,3523000,3558000,35405000,3540500,350000,Giavang Archive
2016-07-02,11:40,"Vàng SJC 1L, 10L, 1KG (Vàng miếng 99.99%)",TP. Hồ Chí Minh,35450000,35850000,3545000,3585000,35650000,3565000,400000,Giavang Archive
2016-07-03,11:40,"Vàng SJC 1L, 10L, 1KG (Vàng miếng 99.99%)",TP. Hồ Chí Minh,35450000,35850000,3545000,3585000,35650000,3565000,400000,Giavang Archive
2016-07-04,17:31,"Vàng SJC 1L, 10L, 1KG (Vàng miếng 99.99%)",TP. Hồ Chí Minh,36350000,36900000,3635000,3690000,36625000,3662500,550000,Giavang Archive
2016-07-05,16:39,"Vàng SJC 1L, 10L, 1KG (Vàng miếng 99.99%)",TP. Hồ Chí Minh,36350000,36900000,3635000,3690000,36625000,3662500,550000,Giavang Archive
2016-07-06,16:30,"Vàng SJC 1L, 10L, 1KG (Vàng miếng 99.99%)",TP. Hồ Chí Minh,38700000,39700000,3870000,3970000,39200000,3920000,1000000,Giavang Archive
2016-07-07,16:06,"Vàng SJC 1L, 10L, 1KG (Vàng miếng 99.99%)",TP. Hồ Chí Minh,36500000,37500000,3650000,3750000,37000000,3700000,1000000,Giavang Archive
2016-07-08,16:50,"Vàng SJC 1L, 10L, 1KG (Vàng miếng 99.99%)",TP. Hồ Chí Minh,36600000,37300000,3660000,3730000,36950000,3695000,700000,Giavang Archive
2016-07-09,09:19,"Vàng SJC 1L, 10L, 1KG (Vàng miếng 99.99%)",TP. Hồ Chí Minh,36900000,37600000,3690000,3760000,37250000,3725000,700000,Giavang Archive
2016-07-10,09:19,"Vàng SJC 1L, 10L, 1KG (Vàng miếng 99.99%)",TP. Hồ Chí Minh,36900000,37600000,3690000,3760000,37250000,3725000,700000,Giavang Archive
2016-07-11,15:52,"Vàng SJC 1L, 10L, 1KG (Vàng miếng 99.99%)",TP. Hồ Chí Minh,36900000,37500000,3690000,3750000,37200000,3720000,600000,Giavang Archive
2016-07-12,16:50,"Vàng SJC 1L, 10L, 1KG (Vàng miếng 99.99%)",TP. Hồ Chí Minh,36700000,37300000,3670000,3730000,37000000,3700000,600000,Giavang Archive
2016-07-13,16:26,"Vàng SJC 1L, 10L, 1KG (Vàng miếng 99.99%)",TP. Hồ Chí Minh,36650000,37050000,3665000,3705000,36850000,3685000,400000,Giavang Archive
2016-07-14,15:15,"Vàng SJC 1L, 10L, 1KG (Vàng miếng 99.99%)",TP. Hồ Chí Minh,36420000,36860000,3642000,3686000,36640000,3664000,440000,Giavang Archive
2016-07-15,16:23,"Vàng SJC 1L, 10L, 1KG (Vàng miếng 99.99%)",TP. Hồ Chí Minh,36490000,36870000,3649000,3687000,36680000,3668000,380000,Giavang Archive
2016-07-16,08:34,"Vàng SJC 1L, 10L, 1KG (Vàng miếng 99.99%)",TP. Hồ Chí Minh,36680000,37100000,3668000,3710000,36890000,3689000,420000,Giavang Archive
2016-07-17,08:34,"Vàng SJC 1L, 10L, 1KG (Vàng miếng 99.99%)",TP. Hồ Chí Minh,36680000,37100000,3668000,3710000,36890000,3689000,420000,Giavang Archive
2016-07-18,14:34,"Vàng SJC 1L, 10L, 1KG (Vàng miếng 99.99%)",TP. Hồ Chí Minh,36450000,36830000,3645000,3683000,36640000,3664000,380000,Giavang Archive
2016-07-19,15:20,"Vàng SJC 1L, 10L, 1KG (Vàng miếng 99.99%)",TP. Hồ Chí Minh,36440000,36820000,3644000,3682000,36630000,3663000,380000,Giavang Archive
2016-07-20,15:53,"Vàng SJC 1L, 10L, 1KG (Vàng miếng 99.99%)",TP. Hồ Chí Minh,36420000,36780000,3642000,3678000,36600000,3660000,360000,Giavang Archive
2016-07-21,16:18,"Vàng SJC 1L, 10L, 1KG (Vàng miếng 99.99%)",TP. Hồ Chí Minh,36330000,36660000,3633000,3666000,36495000,3649500,330000,Giavang Archive
2016-07-22,13:56,"Vàng SJC 1L, 10L, 1KG (Vàng miếng 99.99%)",TP. Hồ Chí Minh,36350000,36680000,3635000,3668000,36515000,3651500,330000,Giavang Archive
2016-07-23,08:22,"Vàng SJC 1L, 10L, 1KG (Vàng miếng 99.99%)",TP. Hồ Chí Minh,36310000,36650000,3631000,3665000,36480000,3648000,340000,Giavang Archive
2016-07-24,08:22,"Vàng SJC 1L, 10L, 1KG (Vàng miếng 99.99%)",TP. Hồ Chí Minh,36310000,36650000,3631000,3665000,36480000,3648000,340000,Giavang Archive
2016-07-25,15:37,"Vàng SJC 1L, 10L, 1KG (Vàng miếng 99.99%)",TP. Hồ Chí Minh,36220000,36530000,3622000,3653000,36375000,3637500,310000,Giavang Archive
2016-07-26,16:16,"Vàng SJC 1L, 10L, 1KG (Vàng miếng 99.99%)",TP. Hồ Chí Minh,36300000,36580000,3630000,3658000,36440000,3644000,280000,Giavang Archive
2016-07-27,15:20,"Vàng SJC 1L, 10L, 1KG (Vàng miếng 99.99%)",TP. Hồ Chí Minh,36240000,36500000,3624000,3650000,36370000,3637000,260000,Giavang Archive
2016-07-28,15:45,"Vàng SJC 1L, 10L, 1KG (Vàng miếng 99.99%)",TP. Hồ Chí Minh,36460000,36720000,3646000,3672000,36590000,3659000,260000,Giavang Archive
2016-07-29,16:36,"Vàng SJC 1L, 10L, 1KG (Vàng miếng 99.99%)",TP. Hồ Chí Minh,36320000,36570000,3632000,3657000,36445000,3644500,250000,Giavang Archive
2016-07-30,10:16,"Vàng SJC 1L, 10L, 1KG (Vàng miếng 99.99%)",TP. Hồ Chí Minh,36470000,36750000,3647000,3675000,36610000,3661000,280000,Giavang Archive
2016-07-31,10:16,"Vàng SJC 1L, 10L, 1KG (Vàng miếng 99.99%)",TP. Hồ Chí Minh,36470000,36750000,3647000,3675000,36610000,3661000,280000,Giavang Archive
2016-08-01,15:17,"Vàng SJC 1L, 10L, 1KG (Vàng miếng 99.99%)",TP. Hồ Chí Minh,36470000,36740000,3647000,3674000,36605000,3660500,270000,Giavang Archive
2016-08-02,16:17,"Vàng SJC 1L, 10L, 1KG (Vàng miếng 99.99%)",TP. Hồ Chí Minh,36590000,36850000,3659000,3685000,36720000,3672000,260000,Giavang Archive
2016-08-03,16:25,"Vàng SJC 1L, 10L, 1KG (Vàng miếng 99.99%)",TP. Hồ Chí Minh,36700000,36970000,3670000,3697000,36835000,3683500,270000,Giavang Archive
2016-08-04,14:32,"Vàng SJC 1L, 10L, 1KG (Vàng miếng 99.99%)",TP. Hồ Chí Minh,36600000,36850000,3660000,3685000,36725000,3672500,250000,Giavang Archive
2016-08-05,15:05,"Vàng SJC 1L, 10L, 1KG (Vàng miếng 99.99%)",TP. Hồ Chí Minh,36660000,36910000,3666000,3691000,36785000,3678500,250000,Giavang Archive
2016-08-06,08:30,"Vàng SJC 1L, 10L, 1KG (Vàng miếng 99.99%)",TP. Hồ Chí Minh,36330000,36620000,3633000,3662000,36475000,3647500,290000,Giavang Archive
2016-08-07,08:30,"Vàng SJC 1L, 10L, 1KG (Vàng miếng 99.99%)",TP. Hồ Chí Minh,36330000,36620000,3633000,3662000,36475000,3647500,290000,Giavang Archive
2016-08-08,16:09,"Vàng SJC 1L, 10L, 1KG (Vàng miếng 99.99%)",TP. Hồ Chí Minh,36320000,36580000,3632000,3658000,36450000,3645000,260000,Giavang Archive
2016-08-09,15:34,"Vàng SJC 1L, 10L, 1KG (Vàng miếng 99.99%)",TP. Hồ Chí Minh,36380000,36630000,3638000,3663000,36505000,3650500,250000,Giavang Archive
2016-08-10,14:14,"Vàng SJC 1L, 10L, 1KG (Vàng miếng 99.99%)",TP. Hồ Chí Minh,36540000,36800000,3654000,3680000,36670000,3667000,260000,Giavang Archive
2016-08-11,14:27,"Vàng SJC 1L, 10L, 1KG (Vàng miếng 99.99%)",TP. Hồ Chí Minh,36460000,36720000,3646000,3672000,36590000,3659000,260000,Giavang Archive
2016-08-12,16:07,"Vàng SJC 1L, 10L, 1KG (Vàng miếng 99.99%)",TP. Hồ Chí Minh,36390000,36650000,3639000,3665000,36520000,3652000,260000,Giavang Archive
2016-08-13,09:40,"Vàng SJC 1L, 10L, 1KG (Vàng miếng 99.99%)",TP. Hồ Chí Minh,36380000,36650000,3638000,3665000,36515000,3651500,270000,Giavang Archive
2016-08-14,09:40,"Vàng SJC 1L, 10L, 1KG (Vàng miếng 99.99%)",TP. Hồ Chí Minh,36380000,36650000,3638000,3665000,36515000,3651500,270000,Giavang Archive
2016-08-15,15:06,"Vàng SJC 1L, 10L, 1KG (Vàng miếng 99.99%)",TP. Hồ Chí Minh,36450000,36700000,3645000,3670000,36575000,3657500,250000,Giavang Archive
2016-08-16,16:17,"Vàng SJC 1L, 10L, 1KG (Vàng miếng 99.99%)",TP. Hồ Chí Minh,36540000,36780000,3654000,3678000,36660000,3666000,240000,Giavang Archive
2016-08-17,15:29,"Vàng SJC 1L, 10L, 1KG (Vàng miếng 99.99%)",TP. Hồ Chí Minh,36460000,36710000,3646000,3671000,36585000,3658500,250000,Giavang Archive
2016-08-18,16:35,"Vàng SJC 1L, 10L, 1KG (Vàng miếng 99.99%)",TP. Hồ Chí Minh,36490000,36750000,3649000,3675000,36620000,3662000,260000,Giavang Archive
2016-08-19,13:44,"Vàng SJC 1L, 10L, 1KG (Vàng miếng 99.99%)",TP. Hồ Chí Minh,36480000,36730000,3648000,3673000,36605000,3660500,250000,Giavang Archive
2016-08-20,08:50,"Vàng SJC 1L, 10L, 1KG (Vàng miếng 99.99%)",TP. Hồ Chí Minh,36400000,36670000,3640000,3667000,36535000,3653500,270000,Giavang Archive
2016-08-21,08:50,"Vàng SJC 1L, 10L, 1KG (Vàng miếng 99.99%)",TP. Hồ Chí Minh,36400000,36670000,3640000,3667000,36535000,3653500,270000,Giavang Archive
2016-08-22,16:23,"Vàng SJC 1L, 10L, 1KG (Vàng miếng 99.99%)",TP. Hồ Chí Minh,36350000,36610000,3635000,3661000,36480000,3648000,260000,Giavang Archive
2016-08-23,14:44,"Vàng SJC 1L, 10L, 1KG (Vàng miếng 99.99%)",TP. Hồ Chí Minh,36390000,36650000,3639000,3665000,36520000,3652000,260000,Giavang Archive
2016-08-24,15:22,"Vàng SJC 1L, 10L, 1KG (Vàng miếng 99.99%)",TP. Hồ Chí Minh,36370000,36630000,3637000,3663000,36500000,3650000,260000,Giavang Archive
2016-08-25,15:40,"Vàng SJC 1L, 10L, 1KG (Vàng miếng 99.99%)",TP. Hồ Chí Minh,36300000,36560000,3630000,3656000,36430000,3643000,260000,Giavang Archive
2016-08-26,16:22,"Vàng SJC 1L, 10L, 1KG (Vàng miếng 99.99%)",TP. Hồ Chí Minh,36330000,36580000,3633000,3658000,36455000,3645500,250000,Giavang Archive
2016-08-27,08:20,"Vàng SJC 1L, 10L, 1KG (Vàng miếng 99.99%)",TP. Hồ Chí Minh,36290000,36550000,3629000,3655000,36420000,3642000,260000,Giavang Archive
2016-08-28,08:20,"Vàng SJC 1L, 10L, 1KG (Vàng miếng 99.99%)",TP. Hồ Chí Minh,36290000,36550000,3629000,3655000,36420000,3642000,260000,Giavang Archive
2016-08-29,16:02,"Vàng SJC 1L, 10L, 1KG (Vàng miếng 99.99%)",TP. Hồ Chí Minh,36240000,36500000,3624000,3650000,36370000,3637000,260000,Giavang Archive
2016-08-30,14:26,"Vàng SJC 1L, 10L, 1KG (Vàng miếng 99.99%)",TP. Hồ Chí Minh,36220000,36490000,3622000,3649000,36355000,3635500,270000,Giavang Archive
2016-08-31,14:53,"Vàng SJC 1L, 10L, 1KG (Vàng miếng 99.99%)",TP. Hồ Chí Minh,36130000,36390000,3613000,3639000,36260000,3626000,260000,Giavang Archive
2016-09-01,15:08,"Vàng SJC 1L, 10L, 1KG (Vàng miếng 99.99%)",TP. Hồ Chí Minh,35930000,36200000,3593000,3620000,36065000,3606500,270000,Giavang Archive
2016-09-02,15:08,"Vàng SJC 1L, 10L, 1KG (Vàng miếng 99.99%)",TP. Hồ Chí Minh,35930000,36200000,3593000,3620000,36065000,3606500,270000,Giavang Archive
2016-09-03,15:08,"Vàng SJC 1L, 10L, 1KG (Vàng miếng 99.99%)",TP. Hồ Chí Minh,35930000,36200000,3593000,3620000,36065000,3606500,270000,Giavang Archive
2016-09-04,15:08,"Vàng SJC 1L, 10L, 1KG (Vàng miếng 99.99%)",TP. Hồ Chí Minh,35930000,36200000,3593000,3620000,36065000,3606500,270000,Giavang Archive
2016-09-05,16:33,"Vàng SJC 1L, 10L, 1KG (Vàng miếng 99.99%)",TP. Hồ Chí Minh,36150000,36380000,3615000,3638000,36265000,3626500,230000,Giavang Archive
2016-09-06,16:27,"Vàng SJC 1L, 10L, 1KG (Vàng miếng 99.99%)",TP. Hồ Chí Minh,36150000,36390000,3615000,3639000,36270000,3627000,240000,Giavang Archive
2016-09-07,16:31,"Vàng SJC 1L, 10L, 1KG (Vàng miếng 99.99%)",TP. Hồ Chí Minh,36310000,36570000,3631000,3657000,36440000,3644000,260000,Giavang Archive
2016-09-08,13:32,"Vàng SJC 1L, 10L, 1KG (Vàng miếng 99.99%)",TP. Hồ Chí Minh,36300000,36550000,3630000,3655000,36425000,3642500,250000,Giavang Archive
2016-09-09,14:39,"Vàng SJC 1L, 10L, 1KG (Vàng miếng 99.99%)",TP. Hồ Chí Minh,36170000,36420000,3617000,3642000,36295000,3629500,250000,Giavang Archive
2016-09-10,09:58,"Vàng SJC 1L, 10L, 1KG (Vàng miếng 99.99%)",TP. Hồ Chí Minh,36090000,36360000,3609000,3636000,36225000,3622500,270000,Giavang Archive
2016-09-11,09:58,"Vàng SJC 1L, 10L, 1KG (Vàng miếng 99.99%)",TP. Hồ Chí Minh,36090000,36360000,3609000,3636000,36225000,3622500,270000,Giavang Archive
2016-09-12,15:22,"Vàng SJC 1L, 10L, 1KG (Vàng miếng 99.99%)",TP. Hồ Chí Minh,36060000,36310000,3606000,3631000,36185000,3618500,250000,Giavang Archive
2016-09-13,13:25,"Vàng SJC 1L, 10L, 1KG (Vàng miếng 99.99%)",TP. Hồ Chí Minh,36080000,36330000,3608000,3633000,36205000,3620500,250000,Giavang Archive
2016-09-14,16:48,"Vàng SJC 1L, 10L, 1KG (Vàng miếng 99.99%)",TP. Hồ Chí Minh,36050000,36290000,3605000,3629000,36170000,3617000,240000,Giavang Archive
2016-09-15,14:49,"Vàng SJC 1L, 10L, 1KG (Vàng miếng 99.99%)",TP. Hồ Chí Minh,36010000,36250000,3601000,3625000,36130000,3613000,240000,Giavang Archive
2016-09-16,15:51,"Vàng SJC 1L, 10L, 1KG (Vàng miếng 99.99%)",TP. Hồ Chí Minh,35960000,36210000,3596000,3621000,36085000,3608500,250000,Giavang Archive
2016-09-17,08:12,"Vàng SJC 1L, 10L, 1KG (Vàng miếng 99.99%)",TP. Hồ Chí Minh,35950000,36200000,3595000,3620000,36075000,3607500,250000,Giavang Archive
2016-09-18,08:12,"Vàng SJC 1L, 10L, 1KG (Vàng miếng 99.99%)",TP. Hồ Chí Minh,35950000,36200000,3595000,3620000,36075000,3607500,250000,Giavang Archive
2016-09-19,14:07,"Vàng SJC 1L, 10L, 1KG (Vàng miếng 99.99%)",TP. Hồ Chí Minh,36000000,36250000,3600000,3625000,36125000,3612500,250000,Giavang Archive
2016-09-20,16:13,"Vàng SJC 1L, 10L, 1KG (Vàng miếng 99.99%)",TP. Hồ Chí Minh,35990000,36240000,3599000,3624000,36115000,3611500,250000,Giavang Archive
2016-09-21,15:03,"Vàng SJC 1L, 10L, 1KG (Vàng miếng 99.99%)",TP. Hồ Chí Minh,36050000,36300000,3605000,3630000,36175000,3617500,250000,Giavang Archive
2016-09-22,15:18,"Vàng SJC 1L, 10L, 1KG (Vàng miếng 99.99%)",TP. Hồ Chí Minh,36100000,36360000,3610000,3636000,36230000,3623000,260000,Giavang Archive
2016-09-23,16:57,"Vàng SJC 1L, 10L, 1KG (Vàng miếng 99.99%)",TP. Hồ Chí Minh,36100000,36340000,3610000,3634000,36220000,3622000,240000,Giavang Archive
2016-09-24,09:08,"Vàng SJC 1L, 10L, 1KG (Vàng miếng 99.99%)",TP. Hồ Chí Minh,36100000,36350000,3610000,3635000,36225000,3622500,250000,Giavang Archive
2016-09-25,09:08,"Vàng SJC 1L, 10L, 1KG (Vàng miếng 99.99%)",TP. Hồ Chí Minh,36100000,36340000,3610000,3634000,36220000,3622000,240000,Giavang Archive
2016-09-26,15:25,"Vàng SJC 1L, 10L, 1KG (Vàng miếng 99.99%)",TP. Hồ Chí Minh,36040000,36280000,3604000,3628000,36160000,3616000,240000,Giavang Archive
2016-09-27,15:40,"Vàng SJC 1L, 10L, 1KG (Vàng miếng 99.99%)",TP. Hồ Chí Minh,36020000,36240000,3602000,3624000,36130000,3613000,220000,Giavang Archive
2016-09-28,15:46,"Vàng SJC 1L, 10L, 1KG (Vàng miếng 99.99%)",TP. Hồ Chí Minh,35920000,36140000,3592000,3614000,36030000,3603000,220000,Giavang Archive
2016-09-29,15:48,"Vàng SJC 1L, 10L, 1KG (Vàng miếng 99.99%)",TP. Hồ Chí Minh,35910000,36130000,3591000,3613000,36020000,3602000,220000,Giavang Archive
2016-09-30,15:52,"Vàng SJC 1L, 10L, 1KG (Vàng miếng 99.99%)",TP. Hồ Chí Minh,35980000,36230000,3598000,3623000,36105000,3610500,250000,Giavang Archive
2016-10-01,10:30,"Vàng SJC 1L, 10L, 1KG (Vàng miếng 99.99%)",TP. Hồ Chí Minh,35920000,36170000,3592000,3617000,36045000,3604500,250000,Giavang Archive
2016-10-02,10:30,"Vàng SJC 1L, 10L, 1KG (Vàng miếng 99.99%)",TP. Hồ Chí Minh,35920000,36170000,3592000,3617000,36045000,3604500,250000,Giavang Archive
2016-10-03,16:24,"Vàng SJC 1L, 10L, 1KG (Vàng miếng 99.99%)",TP. Hồ Chí Minh,35900000,36120000,3590000,3612000,36010000,3601000,220000,Giavang Archive
2016-10-04,15:39,"Vàng SJC 1L, 10L, 1KG (Vàng miếng 99.99%)",TP. Hồ Chí Minh,35830000,36050000,3583000,3605000,35940000,3594000,220000,Giavang Archive
2016-10-05,16:38,"Vàng SJC 1L, 10L, 1KG (Vàng miếng 99.99%)",TP. Hồ Chí Minh,35270000,35520000,3527000,3552000,35395000,3539500,250000,Giavang Archive
2016-10-06,16:19,"Vàng SJC 1L, 10L, 1KG (Vàng miếng 99.99%)",TP. Hồ Chí Minh,35250000,35500000,3525000,3550000,35375000,3537500,250000,Giavang Archive
2016-10-07,16:08,"Vàng SJC 1L, 10L, 1KG (Vàng miếng 99.99%)",TP. Hồ Chí Minh,35250000,35500000,3525000,3550000,35375000,3537500,250000,Giavang Archive
2016-10-08,10:47,"Vàng SJC 1L, 10L, 1KG (Vàng miếng 99.99%)",TP. Hồ Chí Minh,35340000,35590000,3534000,3559000,35465000,3546500,250000,Giavang Archive
2016-10-09,10:47,"Vàng SJC 1L, 10L, 1KG (Vàng miếng 99.99%)",TP. Hồ Chí Minh,35340000,35590000,3534000,3559000,35465000,3546500,250000,Giavang Archive
2016-10-10,16:58,"Vàng SJC 1L, 10L, 1KG (Vàng miếng 99.99%)",TP. Hồ Chí Minh,35500000,35750000,3550000,3575000,35625000,3562500,250000,Giavang Archive
2016-10-11,15:28,"Vàng SJC 1L, 10L, 1KG (Vàng miếng 99.99%)",TP. Hồ Chí Minh,35450000,35700000,3545000,3570000,35575000,3557500,250000,Giavang Archive
2016-10-12,16:05,"Vàng SJC 1L, 10L, 1KG (Vàng miếng 99.99%)",TP. Hồ Chí Minh,35400000,35640000,3540000,3564000,35520000,3552000,240000,Giavang Archive
2016-10-13,14:14,"Vàng SJC 1L, 10L, 1KG (Vàng miếng 99.99%)",TP. Hồ Chí Minh,35430000,35670000,3543000,3567000,35550000,3555000,240000,Giavang Archive
2016-10-14,15:42,"Vàng SJC 1L, 10L, 1KG (Vàng miếng 99.99%)",TP. Hồ Chí Minh,35420000,35670000,3542000,3567000,35545000,3554500,250000,Giavang Archive
2016-10-15,09:05,"Vàng SJC 1L, 10L, 1KG (Vàng miếng 99.99%)",TP. Hồ Chí Minh,35400000,35650000,3540000,3565000,35525000,3552500,250000,Giavang Archive
2016-10-16,09:05,"Vàng SJC 1L, 10L, 1KG (Vàng miếng 99.99%)",TP. Hồ Chí Minh,35400000,35650000,3540000,3565000,35525000,3552500,250000,Giavang Archive
2016-10-17,15:20,"Vàng SJC 1L, 10L, 1KG (Vàng miếng 99.99%)",TP. Hồ Chí Minh,35370000,35620000,3537000,3562000,35495000,3549500,250000,Giavang Archive
2016-10-18,16:08,"Vàng SJC 1L, 10L, 1KG (Vàng miếng 99.99%)",TP. Hồ Chí Minh,35430000,35650000,3543000,3565000,35540000,3554000,220000,Giavang Archive
2016-10-19,16:35,"Vàng SJC 1L, 10L, 1KG (Vàng miếng 99.99%)",TP. Hồ Chí Minh,35500000,35730000,3550000,3573000,35615000,3561500,230000,Giavang Archive
2016-10-20,16:42,"Vàng SJC 1L, 10L, 1KG (Vàng miếng 99.99%)",TP. Hồ Chí Minh,35480000,35710000,3548000,3571000,35595000,3559500,230000,Giavang Archive
2016-10-21,14:59,"Vàng SJC 1L, 10L, 1KG (Vàng miếng 99.99%)",TP. Hồ Chí Minh,35450000,35670000,3545000,3567000,35560000,3556000,220000,Giavang Archive
2016-10-22,08:05,"Vàng SJC 1L, 10L, 1KG (Vàng miếng 99.99%)",TP. Hồ Chí Minh,35470000,35700000,3547000,3570000,35585000,3558500,230000,Giavang Archive
2016-10-23,08:05,"Vàng SJC 1L, 10L, 1KG (Vàng miếng 99.99%)",TP. Hồ Chí Minh,35470000,35700000,3547000,3570000,35585000,3558500,230000,Giavang Archive
2016-10-24,15:57,"Vàng SJC 1L, 10L, 1KG (Vàng miếng 99.99%)",TP. Hồ Chí Minh,35470000,35700000,3547000,3570000,35585000,3558500,230000,Giavang Archive
2016-10-25,16:22,"Vàng SJC 1L, 10L, 1KG (Vàng miếng 99.99%)",TP. Hồ Chí Minh,35510000,35750000,3551000,3575000,35630000,3563000,240000,Giavang Archive
2016-10-26,14:04,"Vàng SJC 1L, 10L, 1KG (Vàng miếng 99.99%)",TP. Hồ Chí Minh,35550000,35780000,3555000,3578000,35665000,3566500,230000,Giavang Archive
2016-10-27,16:36,"Vàng SJC 1L, 10L, 1KG (Vàng miếng 99.99%)",TP. Hồ Chí Minh,35550000,35780000,3555000,3578000,35665000,3566500,230000,Giavang Archive
2016-10-28,15:10,"Vàng SJC 1L, 10L, 1KG (Vàng miếng 99.99%)",TP. Hồ Chí Minh,35550000,35780000,3555000,3578000,35665000,3566500,230000,Giavang Archive
2016-10-29,08:39,"Vàng SJC 1L, 10L, 1KG (Vàng miếng 99.99%)",TP. Hồ Chí Minh,35610000,35850000,3561000,3585000,35730000,3573000,240000,Giavang Archive
2016-10-30,08:39,"Vàng SJC 1L, 10L, 1KG (Vàng miếng 99.99%)",TP. Hồ Chí Minh,35610000,35850000,3561000,3585000,35730000,3573000,240000,Giavang Archive
2016-10-31,16:19,"Vàng SJC 1L, 10L, 1KG (Vàng miếng 99.99%)",TP. Hồ Chí Minh,35590000,35820000,3559000,3582000,35705000,3570500,230000,Giavang Archive
2016-11-01,16:15,"Vàng SJC 1L, 10L, 1KG (Vàng miếng 99.99%)",TP. Hồ Chí Minh,35720000,35950000,3572000,3595000,35835000,3583500,230000,Giavang Archive
2016-11-02,15:42,"Vàng SJC 1L, 10L, 1KG (Vàng miếng 99.99%)",TP. Hồ Chí Minh,36200000,36650000,3620000,3665000,36425000,3642500,450000,Giavang Archive
2016-11-03,15:53,"Vàng SJC 1L, 10L, 1KG (Vàng miếng 99.99%)",TP. Hồ Chí Minh,35900000,36400000,3590000,3640000,36150000,3615000,500000,Giavang Archive
2016-11-04,15:13,"Vàng SJC 1L, 10L, 1KG (Vàng miếng 99.99%)",TP. Hồ Chí Minh,36050000,36500000,3605000,3650000,36275000,3627500,450000,Giavang Archive
2016-11-05,09:35,"Vàng SJC 1L, 10L, 1KG (Vàng miếng 99.99%)",TP. Hồ Chí Minh,36050000,36550000,3605000,3655000,36300000,3630000,500000,Giavang Archive
2016-11-06,09:35,"Vàng SJC 1L, 10L, 1KG (Vàng miếng 99.99%)",TP. Hồ Chí Minh,36050000,36550000,3605000,3655000,36300000,3630000,500000,Giavang Archive
2016-11-07,15:42,"Vàng SJC 1L, 10L, 1KG (Vàng miếng 99.99%)",TP. Hồ Chí Minh,35900000,36300000,3590000,3630000,36100000,3610000,400000,Giavang Archive
2016-11-08,16:17,"Vàng SJC 1L, 10L, 1KG (Vàng miếng 99.99%)",TP. Hồ Chí Minh,35900000,36280000,3590000,3628000,36090000,3609000,380000,Giavang Archive
2016-11-09,16:23,"Vàng SJC 1L, 10L, 1KG (Vàng miếng 99.99%)",TP. Hồ Chí Minh,36450000,37100000,3645000,3710000,36775000,3677500,650000,Giavang Archive
2016-11-10,16:20,"Vàng SJC 1L, 10L, 1KG (Vàng miếng 99.99%)",TP. Hồ Chí Minh,36150000,36500000,3615000,3650000,36325000,3632500,350000,Giavang Archive
2016-11-11,16:05,"Vàng SJC 1L, 10L, 1KG (Vàng miếng 99.99%)",TP. Hồ Chí Minh,35880000,36150000,3588000,3615000,36015000,3601500,270000,Giavang Archive
2016-11-12,10:50,"Vàng SJC 1L, 10L, 1KG (Vàng miếng 99.99%)",TP. Hồ Chí Minh,35450000,35800000,3545000,3580000,35625000,3562500,350000,Giavang Archive
2016-11-13,10:50,"Vàng SJC 1L, 10L, 1KG (Vàng miếng 99.99%)",TP. Hồ Chí Minh,35450000,35800000,3545000,3580000,35625000,3562500,350000,Giavang Archive
2016-11-14,16:45,"Vàng SJC 1L, 10L, 1KG (Vàng miếng 99.99%)",TP. Hồ Chí Minh,35700000,35950000,3570000,3595000,35825000,3582500,250000,Giavang Archive
2016-11-15,16:32,"Vàng SJC 1L, 10L, 1KG (Vàng miếng 99.99%)",TP. Hồ Chí Minh,35750000,36000000,3575000,3600000,35875000,3587500,250000,Giavang Archive
2016-11-16,14:15,"Vàng SJC 1L, 10L, 1KG (Vàng miếng 99.99%)",TP. Hồ Chí Minh,35750000,36000000,3575000,3600000,35875000,3587500,250000,Giavang Archive
2016-11-17,16:33,"Vàng SJC 1L, 10L, 1KG (Vàng miếng 99.99%)",TP. Hồ Chí Minh,35730000,35960000,3573000,3596000,35845000,3584500,230000,Giavang Archive
2016-11-18,15:00,"Vàng SJC 1L, 10L, 1KG (Vàng miếng 99.99%)",TP. Hồ Chí Minh,35600000,35800000,3560000,3580000,35700000,3570000,200000,Giavang Archive
2016-11-19,10:12,"Vàng SJC 1L, 10L, 1KG (Vàng miếng 99.99%)",TP. Hồ Chí Minh,35650000,35850000,3565000,3585000,35750000,3575000,200000,Giavang Archive
2016-11-20,10:12,"Vàng SJC 1L, 10L, 1KG (Vàng miếng 99.99%)",TP. Hồ Chí Minh,35650000,35850000,3565000,3585000,35750000,3575000,200000,Giavang Archive
2016-11-21,15:56,"Vàng SJC 1L, 10L, 1KG (Vàng miếng 99.99%)",TP. Hồ Chí Minh,35670000,35850000,3567000,3585000,35760000,3576000,180000,Giavang Archive
2016-11-22,15:35,"Vàng SJC 1L, 10L, 1KG (Vàng miếng 99.99%)",TP. Hồ Chí Minh,35720000,35880000,3572000,3588000,35800000,3580000,160000,Giavang Archive
2016-11-23,15:05,"Vàng SJC 1L, 10L, 1KG (Vàng miếng 99.99%)",TP. Hồ Chí Minh,35660000,35820000,3566000,3582000,35740000,3574000,160000,Giavang Archive
2016-11-24,15:04,"Vàng SJC 1L, 10L, 1KG (Vàng miếng 99.99%)",TP. Hồ Chí Minh,35430000,35620000,3543000,3562000,35525000,3552500,190000,Giavang Archive
2016-11-25,16:37,"Vàng SJC 1L, 10L, 1KG (Vàng miếng 99.99%)",TP. Hồ Chí Minh,35450000,35630000,3545000,3563000,35540000,3554000,180000,Giavang Archive
2016-11-26,09:37,"Vàng SJC 1L, 10L, 1KG (Vàng miếng 99.99%)",TP. Hồ Chí Minh,35510000,35710000,3551000,3571000,35610000,3561000,200000,Giavang Archive
2016-11-27,09:37,"Vàng SJC 1L, 10L, 1KG (Vàng miếng 99.99%)",TP. Hồ Chí Minh,35510000,35710000,3551000,3571000,35610000,3561000,200000,Giavang Archive
2016-11-28,15:43,"Vàng SJC 1L, 10L, 1KG (Vàng miếng 99.99%)",TP. Hồ Chí Minh,35630000,35830000,3563000,3583000,35730000,3573000,200000,Giavang Archive
2016-11-29,16:12,"Vàng SJC 1L, 10L, 1KG (Vàng miếng 99.99%)",TP. Hồ Chí Minh,35590000,35790000,3559000,3579000,35690000,3569000,200000,Giavang Archive
2016-11-30,15:56,"Vàng SJC 1L, 10L, 1KG (Vàng miếng 99.99%)",TP. Hồ Chí Minh,35620000,35820000,3562000,3582000,35720000,3572000,200000,Giavang Archive
2016-12-01,15:24,"Vàng SJC 1L, 10L, 1KG (Vàng miếng 99.99%)",TP. Hồ Chí Minh,35620000,35820000,3562000,3582000,35720000,3572000,200000,Giavang Archive
2016-12-02,15:38,"Vàng SJC 1L, 10L, 1KG (Vàng miếng 99.99%)",TP. Hồ Chí Minh,35950000,36200000,3595000,3620000,36075000,3607500,250000,Giavang Archive
2016-12-03,10:29,"Vàng SJC 1L, 10L, 1KG (Vàng miếng 99.99%)",TP. Hồ Chí Minh,36000000,36300000,3600000,3630000,36150000,3615000,300000,Giavang Archive
2016-12-04,10:29,"Vàng SJC 1L, 10L, 1KG (Vàng miếng 99.99%)",TP. Hồ Chí Minh,36000000,36300000,3600000,3630000,36150000,3615000,300000,Giavang Archive
2016-12-05,15:28,"Vàng SJC 1L, 10L, 1KG (Vàng miếng 99.99%)",TP. Hồ Chí Minh,36100000,36350000,3610000,3635000,36225000,3622500,250000,Giavang Archive
2016-12-06,15:50,"Vàng SJC 1L, 10L, 1KG (Vàng miếng 99.99%)",TP. Hồ Chí Minh,36250000,36650000,3625000,3665000,36450000,3645000,400000,Giavang Archive
2016-12-07,16:06,"Vàng SJC 1L, 10L, 1KG (Vàng miếng 99.99%)",TP. Hồ Chí Minh,36050000,36450000,3605000,3645000,36250000,3625000,400000,Giavang Archive
2016-12-08,13:26,"Vàng SJC 1L, 10L, 1KG (Vàng miếng 99.99%)",TP. Hồ Chí Minh,36080000,36480000,3608000,3648000,36280000,3628000,400000,Giavang Archive
2016-12-09,15:36,"Vàng SJC 1L, 10L, 1KG (Vàng miếng 99.99%)",TP. Hồ Chí Minh,35900000,36300000,3590000,3630000,36100000,3610000,400000,Giavang Archive
2016-12-10,08:13,"Vàng SJC 1L, 10L, 1KG (Vàng miếng 99.99%)",TP. Hồ Chí Minh,35850000,36250000,3585000,3625000,36050000,3605000,400000,Giavang Archive
2016-12-11,08:13,"Vàng SJC 1L, 10L, 1KG (Vàng miếng 99.99%)",TP. Hồ Chí Minh,35850000,36250000,3585000,3625000,36050000,3605000,400000,Giavang Archive
2016-12-12,16:11,"Vàng SJC 1L, 10L, 1KG (Vàng miếng 99.99%)",TP. Hồ Chí Minh,35940000,36390000,3594000,3639000,36165000,3616500,450000,Giavang Archive
2016-12-13,15:19,"Vàng SJC 1L, 10L, 1KG (Vàng miếng 99.99%)",TP. Hồ Chí Minh,36000000,36500000,3600000,3650000,36250000,3625000,500000,Giavang Archive
2016-12-14,13:48,"Vàng SJC 1L, 10L, 1KG (Vàng miếng 99.99%)",TP. Hồ Chí Minh,36100000,36600000,3610000,3660000,36350000,3635000,500000,Giavang Archive
2016-12-15,16:55,"Vàng SJC 1L, 10L, 1KG (Vàng miếng 99.99%)",TP. Hồ Chí Minh,35600000,36200000,3560000,3620000,35900000,3590000,600000,Giavang Archive
2016-12-16,15:02,"Vàng SJC 1L, 10L, 1KG (Vàng miếng 99.99%)",TP. Hồ Chí Minh,35550000,36150000,3555000,3615000,35850000,3585000,600000,Giavang Archive
2016-12-17,09:47,"Vàng SJC 1L, 10L, 1KG (Vàng miếng 99.99%)",TP. Hồ Chí Minh,35700000,36300000,3570000,3630000,36000000,3600000,600000,Giavang Archive
2016-12-18,09:47,"Vàng SJC 1L, 10L, 1KG (Vàng miếng 99.99%)",TP. Hồ Chí Minh,35700000,36300000,3570000,3630000,36000000,3600000,600000,Giavang Archive
2016-12-19,13:31,"Vàng SJC 1L, 10L, 1KG (Vàng miếng 99.99%)",TP. Hồ Chí Minh,35850000,36500000,3585000,3650000,36175000,3617500,650000,Giavang Archive
2016-12-20,15:29,"Vàng SJC 1L, 10L, 1KG (Vàng miếng 99.99%)",TP. Hồ Chí Minh,35830000,36480000,3583000,3648000,36155000,3615500,650000,Giavang Archive
2016-12-21,16:18,"Vàng SJC 1L, 10L, 1KG (Vàng miếng 99.99%)",TP. Hồ Chí Minh,35850000,36500000,3585000,3650000,36175000,3617500,650000,Giavang Archive
2016-12-22,15:14,"Vàng SJC 1L, 10L, 1KG (Vàng miếng 99.99%)",TP. Hồ Chí Minh,35580000,36280000,3558000,3628000,35930000,3593000,700000,Giavang Archive
2016-12-23,15:31,"Vàng SJC 1L, 10L, 1KG (Vàng miếng 99.99%)",TP. Hồ Chí Minh,35620000,36320000,3562000,3632000,35970000,3597000,700000,Giavang Archive
2016-12-24,10:26,"Vàng SJC 1L, 10L, 1KG (Vàng miếng 99.99%)",TP. Hồ Chí Minh,35760000,36460000,3576000,3646000,36110000,3611000,700000,Giavang Archive
2016-12-25,10:26,"Vàng SJC 1L, 10L, 1KG (Vàng miếng 99.99%)",TP. Hồ Chí Minh,35760000,36460000,3576000,3646000,36110000,3611000,700000,Giavang Archive
2016-12-26,13:58,"Vàng SJC 1L, 10L, 1KG (Vàng miếng 99.99%)",TP. Hồ Chí Minh,35620000,36320000,3562000,3632000,35970000,3597000,700000,Giavang Archive
2016-12-27,14:37,"Vàng SJC 1L, 10L, 1KG (Vàng miếng 99.99%)",TP. Hồ Chí Minh,35750000,36450000,3575000,3645000,36100000,3610000,700000,Giavang Archive
2016-12-28,16:00,"Vàng SJC 1L, 10L, 1KG (Vàng miếng 99.99%)",TP. Hồ Chí Minh,35670000,36420000,3567000,3642000,36045000,3604500,750000,Giavang Archive
2016-12-29,14:53,"Vàng SJC 1L, 10L, 1KG (Vàng miếng 99.99%)",TP. Hồ Chí Minh,35600000,36400000,3560000,3640000,36000000,3600000,800000,Giavang Archive
2016-12-30,15:27,"Vàng SJC 1L, 10L, 1KG (Vàng miếng 99.99%)",TP. Hồ Chí Minh,35730000,36450000,3573000,3645000,36090000,3609000,720000,Giavang Archive
2016-12-31,11:25,"Vàng SJC 1L, 10L, 1KG (Vàng miếng 99.99%)",TP. Hồ Chí Minh,35000000,36100000,3500000,3610000,35550000,3555000,1100000,Giavang Archive
2017-01-01,11:25,"Vàng SJC 1L, 10L, 1KG (Vàng miếng 99.99%)",TP. Hồ Chí Minh,35000000,36100000,3500000,3610000,35550000,3555000,1100000,Giavang Archive
2017-01-02,11:25,"Vàng SJC 1L, 10L, 1KG (Vàng miếng 99.99%)",TP. Hồ Chí Minh,35000000,36100000,3500000,3610000,35550000,3555000,1100000,Giavang Archive
2017-01-03,14:31,"Vàng SJC 1L, 10L, 1KG (Vàng miếng 99.99%)",TP. Hồ Chí Minh,36000000,36400000,3600000,3640000,36200000,3620000,400000,Giavang Archive
2017-01-04,16:14,"Vàng SJC 1L, 10L, 1KG (Vàng miếng 99.99%)",TP. Hồ Chí Minh,36220000,36520000,3622000,3652000,36370000,3637000,300000,Giavang Archive
2017-01-05,16:08,"Vàng SJC 1L, 10L, 1KG (Vàng miếng 99.99%)",TP. Hồ Chí Minh,36350000,36650000,3635000,3665000,36500000,3650000,300000,Giavang Archive
2017-01-06,15:14,"Vàng SJC 1L, 10L, 1KG (Vàng miếng 99.99%)",TP. Hồ Chí Minh,36270000,36570000,3627000,3657000,36420000,3642000,300000,Giavang Archive
2017-01-07,09:03,"Vàng SJC 1L, 10L, 1KG (Vàng miếng 99.99%)",TP. Hồ Chí Minh,36340000,36640000,3634000,3664000,36490000,3649000,300000,Giavang Archive
2017-01-08,09:03,"Vàng SJC 1L, 10L, 1KG (Vàng miếng 99.99%)",TP. Hồ Chí Minh,36340000,36640000,3634000,3664000,36490000,3649000,300000,Giavang Archive
2017-01-09,15:51,"Vàng SJC 1L, 10L, 1KG (Vàng miếng 99.99%)",TP. Hồ Chí Minh,36320000,36620000,3632000,3662000,36470000,3647000,300000,Giavang Archive
2017-01-10,14:38,"Vàng SJC 1L, 10L, 1KG (Vàng miếng 99.99%)",TP. Hồ Chí Minh,36310000,36610000,3631000,3661000,36460000,3646000,300000,Giavang Archive
2017-01-11,15:52,"Vàng SJC 1L, 10L, 1KG (Vàng miếng 99.99%)",TP. Hồ Chí Minh,36320000,36620000,3632000,3662000,36470000,3647000,300000,Giavang Archive
2017-01-12,16:28,"Vàng SJC 1L, 10L, 1KG (Vàng miếng 99.99%)",TP. Hồ Chí Minh,36470000,36770000,3647000,3677000,36620000,3662000,300000,Giavang Archive
2017-01-13,15:02,"Vàng SJC 1L, 10L, 1KG (Vàng miếng 99.99%)",TP. Hồ Chí Minh,36420000,36720000,3642000,3672000,36570000,3657000,300000,Giavang Archive
2017-01-14,08:09,"Vàng SJC 1L, 10L, 1KG (Vàng miếng 99.99%)",TP. Hồ Chí Minh,36430000,36730000,3643000,3673000,36580000,3658000,300000,Giavang Archive
2017-01-15,08:09,"Vàng SJC 1L, 10L, 1KG (Vàng miếng 99.99%)",TP. Hồ Chí Minh,36430000,36730000,3643000,3673000,36580000,3658000,300000,Giavang Archive
2017-01-16,14:59,"Vàng SJC 1L, 10L, 1KG (Vàng miếng 99.99%)",TP. Hồ Chí Minh,36450000,36750000,3645000,3675000,36600000,3660000,300000,Giavang Archive
2017-01-17,16:37,"Vàng SJC 1L, 10L, 1KG (Vàng miếng 99.99%)",TP. Hồ Chí Minh,36450000,36750000,3645000,3675000,36600000,3660000,300000,Giavang Archive
2017-01-18,10:05,"Vàng SJC 1L, 10L, 1KG (Vàng miếng 99.99%)",TP. Hồ Chí Minh,36430000,36730000,3643000,3673000,36580000,3658000,300000,Giavang Archive
2017-01-19,10:05,"Vàng SJC 1L, 10L, 1KG (Vàng miếng 99.99%)",TP. Hồ Chí Minh,36350000,36650000,3635000,3665000,36500000,3650000,300000,Giavang Archive
2017-01-20,10:05,"Vàng SJC 1L, 10L, 1KG (Vàng miếng 99.99%)",TP. Hồ Chí Minh,36300000,36600000,3630000,3660000,36450000,3645000,300000,Giavang Archive
2017-01-21,10:05,"Vàng SJC 1L, 10L, 1KG (Vàng miếng 99.99%)",TP. Hồ Chí Minh,36390000,36690000,3639000,3669000,36540000,3654000,300000,Giavang Archive
2017-01-22,10:05,"Vàng SJC 1L, 10L, 1KG (Vàng miếng 99.99%)",TP. Hồ Chí Minh,36390000,36690000,3639000,3669000,36540000,3654000,300000,Giavang Archive
2017-01-23,16:00,"Vàng SJC 1L, 10L, 1KG (Vàng miếng 99.99%)",TP. Hồ Chí Minh,36370000,36740000,3637000,3674000,36555000,3655500,370000,Giavang Archive
2017-01-24,16:29,"Vàng SJC 1L, 10L, 1KG (Vàng miếng 99.99%)",TP. Hồ Chí Minh,36520000,36920000,3652000,3692000,36720000,3672000,400000,Giavang Archive
2017-01-25,16:17,"Vàng SJC 1L, 10L, 1KG (Vàng miếng 99.99%)",TP. Hồ Chí Minh,36100000,36800000,3610000,3680000,36450000,3645000,700000,Giavang Archive
2017-01-26,16:17,"Vàng SJC 1L, 10L, 1KG (Vàng miếng 99.99%)",TP. Hồ Chí Minh,36100000,36800000,3610000,3680000,36450000,3645000,700000,Giavang Archive
2017-01-27,16:17,"Vàng SJC 1L, 10L, 1KG (Vàng miếng 99.99%)",TP. Hồ Chí Minh,36100000,36800000,3610000,3680000,36450000,3645000,700000,Giavang Archive
2017-01-28,16:17,"Vàng SJC 1L, 10L, 1KG (Vàng miếng 99.99%)",TP. Hồ Chí Minh,36100000,36800000,3610000,3680000,36450000,3645000,700000,Giavang Archive
2017-01-29,16:17,"Vàng SJC 1L, 10L, 1KG (Vàng miếng 99.99%)",TP. Hồ Chí Minh,36100000,36800000,3610000,3680000,36450000,3645000,700000,Giavang Archive
2017-01-30,16:17,"Vàng SJC 1L, 10L, 1KG (Vàng miếng 99.99%)",TP. Hồ Chí Minh,36100000,36800000,3610000,3680000,36450000,3645000,700000,Giavang Archive
2017-01-31,16:17,"Vàng SJC 1L, 10L, 1KG (Vàng miếng 99.99%)",TP. Hồ Chí Minh,36100000,36800000,3610000,3680000,36450000,3645000,700000,Giavang Archive
2017-02-01,16:17,"Vàng SJC 1L, 10L, 1KG (Vàng miếng 99.99%)",TP. Hồ Chí Minh,36100000,36800000,3610000,3680000,36450000,3645000,700000,Giavang Archive
2017-02-02,16:06,"Vàng SJC 1L, 10L, 1KG (Vàng miếng 99.99%)",TP. Hồ Chí Minh,37430000,37830000,3743000,3783000,37630000,3763000,400000,Giavang Archive
2017-02-03,15:18,"Vàng SJC 1L, 10L, 1KG (Vàng miếng 99.99%)",TP. Hồ Chí Minh,37230000,37630000,3723000,3763000,37430000,3743000,400000,Giavang Archive
2017-02-04,14:53,"Vàng SJC 1L, 10L, 1KG (Vàng miếng 99.99%)",TP. Hồ Chí Minh,37250000,37650000,3725000,3765000,37450000,3745000,400000,Giavang Archive
2017-02-05,14:53,"Vàng SJC 1L, 10L, 1KG (Vàng miếng 99.99%)",TP. Hồ Chí Minh,37250000,37650000,3725000,3765000,37450000,3745000,400000,Giavang Archive
2017-02-06,19:53,"Vàng SJC 1L, 10L, 1KG (Vàng miếng 99.99%)",TP. Hồ Chí Minh,36400000,37250000,3640000,3725000,36825000,3682500,850000,Giavang Archive
2017-02-07,15:52,"Vàng SJC 1L, 10L, 1KG (Vàng miếng 99.99%)",TP. Hồ Chí Minh,36600000,36950000,3660000,3695000,36775000,3677500,350000,Giavang Archive
2017-02-08,15:51,"Vàng SJC 1L, 10L, 1KG (Vàng miếng 99.99%)",TP. Hồ Chí Minh,36770000,37070000,3677000,3707000,36920000,3692000,300000,Giavang Archive
2017-02-09,16:01,"Vàng SJC 1L, 10L, 1KG (Vàng miếng 99.99%)",TP. Hồ Chí Minh,36970000,37270000,3697000,3727000,37120000,3712000,300000,Giavang Archive
2017-02-10,15:56,"Vàng SJC 1L, 10L, 1KG (Vàng miếng 99.99%)",TP. Hồ Chí Minh,36720000,37020000,3672000,3702000,36870000,3687000,300000,Giavang Archive
2017-02-11,10:49,"Vàng SJC 1L, 10L, 1KG (Vàng miếng 99.99%)",TP. Hồ Chí Minh,36800000,37100000,3680000,3710000,36950000,3695000,300000,Giavang Archive
2017-02-12,10:49,"Vàng SJC 1L, 10L, 1KG (Vàng miếng 99.99%)",TP. Hồ Chí Minh,36800000,37100000,3680000,3710000,36950000,3695000,300000,Giavang Archive
2017-02-13,16:34,"Vàng SJC 1L, 10L, 1KG (Vàng miếng 99.99%)",TP. Hồ Chí Minh,36640000,36940000,3664000,3694000,36790000,3679000,300000,Giavang Archive
2017-02-14,14:09,"Vàng SJC 1L, 10L, 1KG (Vàng miếng 99.99%)",TP. Hồ Chí Minh,36660000,36960000,3666000,3696000,36810000,3681000,300000,Giavang Archive
2017-02-15,16:27,"Vàng SJC 1L, 10L, 1KG (Vàng miếng 99.99%)",TP. Hồ Chí Minh,36670000,36970000,3667000,3697000,36820000,3682000,300000,Giavang Archive
2017-02-16,16:00,"Vàng SJC 1L, 10L, 1KG (Vàng miếng 99.99%)",TP. Hồ Chí Minh,36770000,37070000,3677000,3707000,36920000,3692000,300000,Giavang Archive
2017-02-17,16:31,"Vàng SJC 1L, 10L, 1KG (Vàng miếng 99.99%)",TP. Hồ Chí Minh,36750000,37050000,3675000,3705000,36900000,3690000,300000,Giavang Archive
2017-02-18,09:04,"Vàng SJC 1L, 10L, 1KG (Vàng miếng 99.99%)",TP. Hồ Chí Minh,36690000,36990000,3669000,3699000,36840000,3684000,300000,Giavang Archive
2017-02-19,09:04,"Vàng SJC 1L, 10L, 1KG (Vàng miếng 99.99%)",TP. Hồ Chí Minh,36690000,36990000,3669000,3699000,36840000,3684000,300000,Giavang Archive
2017-02-20,15:16,"Vàng SJC 1L, 10L, 1KG (Vàng miếng 99.99%)",TP. Hồ Chí Minh,36710000,36980000,3671000,3698000,36845000,3684500,270000,Giavang Archive
2017-02-21,13:47,"Vàng SJC 1L, 10L, 1KG (Vàng miếng 99.99%)",TP. Hồ Chí Minh,36630000,36930000,3663000,3693000,36780000,3678000,300000,Giavang Archive
2017-02-22,15:30,"Vàng SJC 1L, 10L, 1KG (Vàng miếng 99.99%)",TP. Hồ Chí Minh,36680000,36950000,3668000,3695000,36815000,3681500,270000,Giavang Archive
2017-02-23,16:13,"Vàng SJC 1L, 10L, 1KG (Vàng miếng 99.99%)",TP. Hồ Chí Minh,36650000,36920000,3665000,3692000,36785000,3678500,270000,Giavang Archive
2017-02-24,13:45,"Vàng SJC 1L, 10L, 1KG (Vàng miếng 99.99%)",TP. Hồ Chí Minh,36750000,37030000,3675000,3703000,36890000,3689000,280000,Giavang Archive
2017-02-25,10:33,"Vàng SJC 1L, 10L, 1KG (Vàng miếng 99.99%)",TP. Hồ Chí Minh,36710000,36980000,3671000,3698000,36845000,3684500,270000,Giavang Archive
2017-02-26,10:33,"Vàng SJC 1L, 10L, 1KG (Vàng miếng 99.99%)",TP. Hồ Chí Minh,36720000,37020000,3672000,3702000,36870000,3687000,300000,Giavang Archive
2017-02-27,15:31,"Vàng SJC 1L, 10L, 1KG (Vàng miếng 99.99%)",TP. Hồ Chí Minh,36680000,36950000,3668000,3695000,36815000,3681500,270000,Giavang Archive
2017-02-28,16:26,"Vàng SJC 1L, 10L, 1KG (Vàng miếng 99.99%)",TP. Hồ Chí Minh,36650000,36910000,3665000,3691000,36780000,3678000,260000,Giavang Archive
2017-03-01,15:09,"Vàng SJC 1L, 10L, 1KG (Vàng miếng 99.99%)",TP. Hồ Chí Minh,36630000,36900000,3663000,3690000,36765000,3676500,270000,Giavang Archive
2017-03-02,13:16,"Vàng SJC 1L, 10L, 1KG (Vàng miếng 99.99%)",TP. Hồ Chí Minh,36650000,36920000,3665000,3692000,36785000,3678500,270000,Giavang Archive
2017-03-03,15:22,"Vàng SJC 1L, 10L, 1KG (Vàng miếng 99.99%)",TP. Hồ Chí Minh,36570000,36820000,3657000,3682000,36695000,3669500,250000,Giavang Archive
2017-03-04,11:10,"Vàng SJC 1L, 10L, 1KG (Vàng miếng 99.99%)",TP. Hồ Chí Minh,36630000,36880000,3663000,3688000,36755000,3675500,250000,Giavang Archive
2017-03-05,11:10,"Vàng SJC 1L, 10L, 1KG (Vàng miếng 99.99%)",TP. Hồ Chí Minh,36630000,36880000,3663000,3688000,36755000,3675500,250000,Giavang Archive
2017-03-06,15:57,"Vàng SJC 1L, 10L, 1KG (Vàng miếng 99.99%)",TP. Hồ Chí Minh,36560000,36810000,3656000,3681000,36685000,3668500,250000,Giavang Archive
2017-03-07,16:42,"Vàng SJC 1L, 10L, 1KG (Vàng miếng 99.99%)",TP. Hồ Chí Minh,36470000,36740000,3647000,3674000,36605000,3660500,270000,Giavang Archive
2017-03-08,15:06,"Vàng SJC 1L, 10L, 1KG (Vàng miếng 99.99%)",TP. Hồ Chí Minh,36400000,36640000,3640000,3664000,36520000,3652000,240000,Giavang Archive
2017-03-09,15:39,"Vàng SJC 1L, 10L, 1KG (Vàng miếng 99.99%)",TP. Hồ Chí Minh,36360000,36610000,3636000,3661000,36485000,3648500,250000,Giavang Archive
2017-03-10,15:50,"Vàng SJC 1L, 10L, 1KG (Vàng miếng 99.99%)",TP. Hồ Chí Minh,36330000,36580000,3633000,3658000,36455000,3645500,250000,Giavang Archive
2017-03-11,08:59,"Vàng SJC 1L, 10L, 1KG (Vàng miếng 99.99%)",TP. Hồ Chí Minh,36400000,36650000,3640000,3665000,36525000,3652500,250000,Giavang Archive
2017-03-12,08:59,"Vàng SJC 1L, 10L, 1KG (Vàng miếng 99.99%)",TP. Hồ Chí Minh,36400000,36650000,3640000,3665000,36525000,3652500,250000,Giavang Archive
2017-03-13,14:48,"Vàng SJC 1L, 10L, 1KG (Vàng miếng 99.99%)",TP. Hồ Chí Minh,36430000,36680000,3643000,3668000,36555000,3655500,250000,Giavang Archive
2017-03-14,15:39,"Vàng SJC 1L, 10L, 1KG (Vàng miếng 99.99%)",TP. Hồ Chí Minh,36400000,36650000,3640000,3665000,36525000,3652500,250000,Giavang Archive
2017-03-15,15:20,"Vàng SJC 1L, 10L, 1KG (Vàng miếng 99.99%)",TP. Hồ Chí Minh,36420000,36670000,3642000,3667000,36545000,3654500,250000,Giavang Archive
2017-03-16,15:01,"Vàng SJC 1L, 10L, 1KG (Vàng miếng 99.99%)",TP. Hồ Chí Minh,36550000,36800000,3655000,3680000,36675000,3667500,250000,Giavang Archive
2017-03-17,14:47,"Vàng SJC 1L, 10L, 1KG (Vàng miếng 99.99%)",TP. Hồ Chí Minh,36520000,36770000,3652000,3677000,36645000,3664500,250000,Giavang Archive
2017-03-18,09:54,"Vàng SJC 1L, 10L, 1KG (Vàng miếng 99.99%)",TP. Hồ Chí Minh,36510000,36760000,3651000,3676000,36635000,3663500,250000,Giavang Archive
2017-03-19,09:54,"Vàng SJC 1L, 10L, 1KG (Vàng miếng 99.99%)",TP. Hồ Chí Minh,36510000,36760000,3651000,3676000,36635000,3663500,250000,Giavang Archive
2017-03-20,16:30,"Vàng SJC 1L, 10L, 1KG (Vàng miếng 99.99%)",TP. Hồ Chí Minh,36490000,36740000,3649000,3674000,36615000,3661500,250000,Giavang Archive
2017-03-21,15:49,"Vàng SJC 1L, 10L, 1KG (Vàng miếng 99.99%)",TP. Hồ Chí Minh,36450000,36650000,3645000,3665000,36550000,3655000,200000,Giavang Archive
2017-03-22,15:10,"Vàng SJC 1L, 10L, 1KG (Vàng miếng 99.99%)",TP. Hồ Chí Minh,36520000,36720000,3652000,3672000,36620000,3662000,200000,Giavang Archive
2017-03-23,16:02,"Vàng SJC 1L, 10L, 1KG (Vàng miếng 99.99%)",TP. Hồ Chí Minh,36450000,36650000,3645000,3665000,36550000,3655000,200000,Giavang Archive
2017-03-24,15:22,"Vàng SJC 1L, 10L, 1KG (Vàng miếng 99.99%)",TP. Hồ Chí Minh,36430000,36630000,3643000,3663000,36530000,3653000,200000,Giavang Archive
2017-03-25,09:22,"Vàng SJC 1L, 10L, 1KG (Vàng miếng 99.99%)",TP. Hồ Chí Minh,36460000,36660000,3646000,3666000,36560000,3656000,200000,Giavang Archive
2017-03-26,09:22,"Vàng SJC 1L, 10L, 1KG (Vàng miếng 99.99%)",TP. Hồ Chí Minh,36460000,36660000,3646000,3666000,36560000,3656000,200000,Giavang Archive
2017-03-27,14:36,"Vàng SJC 1L, 10L, 1KG (Vàng miếng 99.99%)",TP. Hồ Chí Minh,36450000,36650000,3645000,3665000,36550000,3655000,200000,Giavang Archive
2017-03-28,15:24,"Vàng SJC 1L, 10L, 1KG (Vàng miếng 99.99%)",TP. Hồ Chí Minh,36440000,36640000,3644000,3664000,36540000,3654000,200000,Giavang Archive
2017-03-29,16:51,"Vàng SJC 1L, 10L, 1KG (Vàng miếng 99.99%)",TP. Hồ Chí Minh,36440000,36640000,3644000,3664000,36540000,3654000,200000,Giavang Archive
2017-03-30,08:13,"Vàng SJC 1L, 10L, 1KG (Vàng miếng 99.99%)",TP. Hồ Chí Minh,36400000,36600000,3640000,3660000,36500000,3650000,200000,Giavang Archive
2017-03-31,16:39,"Vàng SJC 1L, 10L, 1KG (Vàng miếng 99.99%)",TP. Hồ Chí Minh,36340000,36540000,3634000,3654000,36440000,3644000,200000,Giavang Archive
2017-04-01,09:28,"Vàng SJC 1L, 10L, 1KG (Vàng miếng 99.99%)",TP. Hồ Chí Minh,36350000,36550000,3635000,3655000,36450000,3645000,200000,Giavang Archive
2017-04-02,09:28,"Vàng SJC 1L, 10L, 1KG (Vàng miếng 99.99%)",TP. Hồ Chí Minh,36350000,36550000,3635000,3655000,36450000,3645000,200000,Giavang Archive
2017-04-03,16:14,"Vàng SJC 1L, 10L, 1KG (Vàng miếng 99.99%)",TP. Hồ Chí Minh,36320000,36520000,3632000,3652000,36420000,3642000,200000,Giavang Archive
2017-04-04,15:26,"Vàng SJC 1L, 10L, 1KG (Vàng miếng 99.99%)",TP. Hồ Chí Minh,36380000,36580000,3638000,3658000,36480000,3648000,200000,Giavang Archive
2017-04-05,16:29,"Vàng SJC 1L, 10L, 1KG (Vàng miếng 99.99%)",TP. Hồ Chí Minh,36340000,36540000,3634000,3654000,36440000,3644000,200000,Giavang Archive
2017-04-06,16:29,"Vàng SJC 1L, 10L, 1KG (Vàng miếng 99.99%)",TP. Hồ Chí Minh,36340000,36540000,3634000,3654000,36440000,3644000,200000,Giavang Archive
2017-04-07,15:03,"Vàng SJC 1L, 10L, 1KG (Vàng miếng 99.99%)",TP. Hồ Chí Minh,36400000,36600000,3640000,3660000,36500000,3650000,200000,Giavang Archive
2017-04-08,10:27,"Vàng SJC 1L, 10L, 1KG (Vàng miếng 99.99%)",TP. Hồ Chí Minh,36400000,36600000,3640000,3660000,36500000,3650000,200000,Giavang Archive
2017-04-09,10:27,"Vàng SJC 1L, 10L, 1KG (Vàng miếng 99.99%)",TP. Hồ Chí Minh,36400000,36600000,3640000,3660000,36500000,3650000,200000,Giavang Archive
2017-04-10,14:43,"Vàng SJC 1L, 10L, 1KG (Vàng miếng 99.99%)",TP. Hồ Chí Minh,36400000,36600000,3640000,3660000,36500000,3650000,200000,Giavang Archive
2017-04-11,16:39,"Vàng SJC 1L, 10L, 1KG (Vàng miếng 99.99%)",TP. Hồ Chí Minh,36400000,36600000,3640000,3660000,36500000,3650000,200000,Giavang Archive
2017-04-12,10:59,"Vàng SJC 1L, 10L, 1KG (Vàng miếng 99.99%)",TP. Hồ Chí Minh,36520000,36720000,3652000,3672000,36620000,3662000,200000,Giavang Archive
2017-04-13,16:57,"Vàng SJC 1L, 10L, 1KG (Vàng miếng 99.99%)",TP. Hồ Chí Minh,36690000,36890000,3669000,3689000,36790000,3679000,200000,Giavang Archive
2017-04-14,14:06,"Vàng SJC 1L, 10L, 1KG (Vàng miếng 99.99%)",TP. Hồ Chí Minh,36970000,37200000,3697000,3720000,37085000,3708500,230000,Giavang Archive
2017-04-15,14:06,"Vàng SJC 1L, 10L, 1KG (Vàng miếng 99.99%)",TP. Hồ Chí Minh,36950000,37250000,3695000,3725000,37100000,3710000,300000,Giavang Archive
2017-04-16,14:06,"Vàng SJC 1L, 10L, 1KG (Vàng miếng 99.99%)",TP. Hồ Chí Minh,36950000,37250000,3695000,3725000,37100000,3710000,300000,Giavang Archive
2017-04-17,14:06,"Vàng SJC 1L, 10L, 1KG (Vàng miếng 99.99%)",TP. Hồ Chí Minh,36700000,36970000,3670000,3697000,36835000,3683500,270000,Giavang Archive
2017-04-18,14:20,"Vàng SJC 1L, 10L, 1KG (Vàng miếng 99.99%)",TP. Hồ Chí Minh,36630000,36880000,3663000,3688000,36755000,3675500,250000,Giavang Archive
2017-04-19,15:47,"Vàng SJC 1L, 10L, 1KG (Vàng miếng 99.99%)",TP. Hồ Chí Minh,36570000,36800000,3657000,3680000,36685000,3668500,230000,Giavang Archive
2017-04-20,15:24,"Vàng SJC 1L, 10L, 1KG (Vàng miếng 99.99%)",TP. Hồ Chí Minh,36540000,36760000,3654000,3676000,36650000,3665000,220000,Giavang Archive
2017-04-21,15:59,"Vàng SJC 1L, 10L, 1KG (Vàng miếng 99.99%)",TP. Hồ Chí Minh,36650000,36850000,3665000,3685000,36750000,3675000,200000,Giavang Archive
2017-04-22,10:05,"Vàng SJC 1L, 10L, 1KG (Vàng miếng 99.99%)",TP. Hồ Chí Minh,36650000,36880000,3665000,3688000,36765000,3676500,230000,Giavang Archive
2017-04-23,10:05,"Vàng SJC 1L, 10L, 1KG (Vàng miếng 99.99%)",TP. Hồ Chí Minh,36650000,36880000,3665000,3688000,36765000,3676500,230000,Giavang Archive
2017-04-24,15:57,"Vàng SJC 1L, 10L, 1KG (Vàng miếng 99.99%)",TP. Hồ Chí Minh,36560000,36760000,3656000,3676000,36660000,3666000,200000,Giavang Archive
2017-04-25,15:47,"Vàng SJC 1L, 10L, 1KG (Vàng miếng 99.99%)",TP. Hồ Chí Minh,36530000,36730000,3653000,3673000,36630000,3663000,200000,Giavang Archive
2017-04-26,15:55,"Vàng SJC 1L, 10L, 1KG (Vàng miếng 99.99%)",TP. Hồ Chí Minh,36530000,36730000,3653000,3673000,36630000,3663000,200000,Giavang Archive
2017-04-27,08:26,"Vàng SJC 1L, 10L, 1KG (Vàng miếng 99.99%)",TP. Hồ Chí Minh,36530000,36730000,3653000,3673000,36630000,3663000,200000,Giavang Archive
2017-04-28,16:16,"Vàng SJC 1L, 10L, 1KG (Vàng miếng 99.99%)",TP. Hồ Chí Minh,36650000,36850000,3665000,3685000,36750000,3675000,200000,Giavang Archive
2017-04-29,09:18,"Vàng SJC 1L, 10L, 1KG (Vàng miếng 99.99%)",TP. Hồ Chí Minh,36630000,36880000,3663000,3688000,36755000,3675500,250000,Giavang Archive
2017-04-30,09:18,"Vàng SJC 1L, 10L, 1KG (Vàng miếng 99.99%)",TP. Hồ Chí Minh,36630000,36880000,3663000,3688000,36755000,3675500,250000,Giavang Archive
2017-05-01,09:18,"Vàng SJC 1L, 10L, 1KG (Vàng miếng 99.99%)",TP. Hồ Chí Minh,36630000,36880000,3663000,3688000,36755000,3675500,250000,Giavang Archive
2017-05-02,07:42,"Vàng SJC 1L, 10L, 1KG (Vàng miếng 99.99%)",TP. Hồ Chí Minh,36630000,36880000,3663000,3688000,36755000,3675500,250000,Giavang Archive
2017-05-03,14:39,"Vàng SJC 1L, 10L, 1KG (Vàng miếng 99.99%)",TP. Hồ Chí Minh,36520000,36720000,3652000,3672000,36620000,3662000,200000,Giavang Archive
2017-05-04,13:56,"Vàng SJC 1L, 10L, 1KG (Vàng miếng 99.99%)",TP. Hồ Chí Minh,36310000,36540000,3631000,3654000,36425000,3642500,230000,Giavang Archive
2017-05-05,16:34,"Vàng SJC 1L, 10L, 1KG (Vàng miếng 99.99%)",TP. Hồ Chí Minh,36430000,36650000,3643000,3665000,36540000,3654000,220000,Giavang Archive
2017-05-06,08:23,"Vàng SJC 1L, 10L, 1KG (Vàng miếng 99.99%)",TP. Hồ Chí Minh,36300000,36630000,3630000,3663000,36465000,3646500,330000,Giavang Archive
2017-05-07,08:23,"Vàng SJC 1L, 10L, 1KG (Vàng miếng 99.99%)",TP. Hồ Chí Minh,36300000,36630000,3630000,3663000,36465000,3646500,330000,Giavang Archive
2017-05-08,13:27,"Vàng SJC 1L, 10L, 1KG (Vàng miếng 99.99%)",TP. Hồ Chí Minh,36420000,36620000,3642000,3662000,36520000,3652000,200000,Giavang Archive
2017-05-09,13:30,"Vàng SJC 1L, 10L, 1KG (Vàng miếng 99.99%)",TP. Hồ Chí Minh,36400000,36600000,3640000,3660000,36500000,3650000,200000,Giavang Archive
2017-05-10,15:32,"Vàng SJC 1L, 10L, 1KG (Vàng miếng 99.99%)",TP. Hồ Chí Minh,36340000,36540000,3634000,3654000,36440000,3644000,200000,Giavang Archive
2017-05-11,14:37,"Vàng SJC 1L, 10L, 1KG (Vàng miếng 99.99%)",TP. Hồ Chí Minh,36330000,36530000,3633000,3653000,36430000,3643000,200000,Giavang Archive
2017-05-12,13:38,"Vàng SJC 1L, 10L, 1KG (Vàng miếng 99.99%)",TP. Hồ Chí Minh,36400000,36600000,3640000,3660000,36500000,3650000,200000,Giavang Archive
2017-05-13,08:18,"Vàng SJC 1L, 10L, 1KG (Vàng miếng 99.99%)",TP. Hồ Chí Minh,36400000,36620000,3640000,3662000,36510000,3651000,220000,Giavang Archive
2017-05-14,08:18,"Vàng SJC 1L, 10L, 1KG (Vàng miếng 99.99%)",TP. Hồ Chí Minh,36400000,36620000,3640000,3662000,36510000,3651000,220000,Giavang Archive
2017-05-15,13:32,"Vàng SJC 1L, 10L, 1KG (Vàng miếng 99.99%)",TP. Hồ Chí Minh,36420000,36620000,3642000,3662000,36520000,3652000,200000,Giavang Archive
2017-05-16,14:17,"Vàng SJC 1L, 10L, 1KG (Vàng miếng 99.99%)",TP. Hồ Chí Minh,36400000,36600000,3640000,3660000,36500000,3650000,200000,Giavang Archive
2017-05-17,14:25,"Vàng SJC 1L, 10L, 1KG (Vàng miếng 99.99%)",TP. Hồ Chí Minh,36430000,36630000,3643000,3663000,36530000,3653000,200000,Giavang Archive
2017-05-18,08:31,"Vàng SJC 1L, 10L, 1KG (Vàng miếng 99.99%)",TP. Hồ Chí Minh,36480000,36680000,3648000,3668000,36580000,3658000,200000,Giavang Archive
2017-05-19,08:31,"Vàng SJC 1L, 10L, 1KG (Vàng miếng 99.99%)",TP. Hồ Chí Minh,36420000,36620000,3642000,3662000,36520000,3652000,200000,Giavang Archive
2017-05-20,08:30,"Vàng SJC 1L, 10L, 1KG (Vàng miếng 99.99%)",TP. Hồ Chí Minh,36430000,36630000,3643000,3663000,36530000,3653000,200000,Giavang Archive
2017-05-21,08:30,"Vàng SJC 1L, 10L, 1KG (Vàng miếng 99.99%)",TP. Hồ Chí Minh,36430000,36630000,3643000,3663000,36530000,3653000,200000,Giavang Archive
2017-05-22,15:33,"Vàng SJC 1L, 10L, 1KG (Vàng miếng 99.99%)",TP. Hồ Chí Minh,36400000,36600000,3640000,3660000,36500000,3650000,200000,Giavang Archive
2017-05-23,15:54,"Vàng SJC 1L, 10L, 1KG (Vàng miếng 99.99%)",TP. Hồ Chí Minh,36380000,36580000,3638000,3658000,36480000,3648000,200000,Giavang Archive
2017-05-24,15:38,"Vàng SJC 1L, 10L, 1KG (Vàng miếng 99.99%)",TP. Hồ Chí Minh,36310000,36510000,3631000,3651000,36410000,3641000,200000,Giavang Archive
2017-05-25,13:46,"Vàng SJC 1L, 10L, 1KG (Vàng miếng 99.99%)",TP. Hồ Chí Minh,36340000,36540000,3634000,3654000,36440000,3644000,200000,Giavang Archive
2017-05-26,16:37,"Vàng SJC 1L, 10L, 1KG (Vàng miếng 99.99%)",TP. Hồ Chí Minh,36380000,36580000,3638000,3658000,36480000,3648000,200000,Giavang Archive
2017-05-27,08:39,"Vàng SJC 1L, 10L, 1KG (Vàng miếng 99.99%)",TP. Hồ Chí Minh,36380000,36600000,3638000,3660000,36490000,3649000,220000,Giavang Archive
2017-05-28,08:39,"Vàng SJC 1L, 10L, 1KG (Vàng miếng 99.99%)",TP. Hồ Chí Minh,36380000,36600000,3638000,3660000,36490000,3649000,220000,Giavang Archive
2017-05-29,15:50,"Vàng SJC 1L, 10L, 1KG (Vàng miếng 99.99%)",TP. Hồ Chí Minh,36330000,36530000,3633000,3653000,36430000,3643000,200000,Giavang Archive
2017-05-30,15:04,"Vàng SJC 1L, 10L, 1KG (Vàng miếng 99.99%)",TP. Hồ Chí Minh,36280000,36480000,3628000,3648000,36380000,3638000,200000,Giavang Archive
2017-05-31,15:35,"Vàng SJC 1L, 10L, 1KG (Vàng miếng 99.99%)",TP. Hồ Chí Minh,36200000,36400000,3620000,3640000,36300000,3630000,200000,Giavang Archive
2017-06-01,10:19,"Vàng SJC 1L, 10L, 1KG (Vàng miếng 99.99%)",TP. Hồ Chí Minh,36230000,36430000,3623000,3643000,36330000,3633000,200000,Giavang Archive
2017-06-02,15:00,"Vàng SJC 1L, 10L, 1KG (Vàng miếng 99.99%)",TP. Hồ Chí Minh,36220000,36420000,3622000,3642000,36320000,3632000,200000,Giavang Archive
2017-06-03,09:39,"Vàng SJC 1L, 10L, 1KG (Vàng miếng 99.99%)",TP. Hồ Chí Minh,36320000,36540000,3632000,3654000,36430000,3643000,220000,Giavang Archive
2017-06-04,09:39,"Vàng SJC 1L, 10L, 1KG (Vàng miếng 99.99%)",TP. Hồ Chí Minh,36320000,36540000,3632000,3654000,36430000,3643000,220000,Giavang Archive
2017-06-05,16:20,"Vàng SJC 1L, 10L, 1KG (Vàng miếng 99.99%)",TP. Hồ Chí Minh,36330000,36530000,3633000,3653000,36430000,3643000,200000,Giavang Archive
2017-06-06,15:51,"Vàng SJC 1L, 10L, 1KG (Vàng miếng 99.99%)",TP. Hồ Chí Minh,36350000,36550000,3635000,3655000,36450000,3645000,200000,Giavang Archive
2017-06-07,16:19,"Vàng SJC 1L, 10L, 1KG (Vàng miếng 99.99%)",TP. Hồ Chí Minh,36390000,36590000,3639000,3659000,36490000,3649000,200000,Giavang Archive
2017-06-08,16:42,"Vàng SJC 1L, 10L, 1KG (Vàng miếng 99.99%)",TP. Hồ Chí Minh,36340000,36540000,3634000,3654000,36440000,3644000,200000,Giavang Archive
2017-06-09,16:25,"Vàng SJC 1L, 10L, 1KG (Vàng miếng 99.99%)",TP. Hồ Chí Minh,36270000,36470000,3627000,3647000,36370000,3637000,200000,Giavang Archive
2017-06-10,08:30,"Vàng SJC 1L, 10L, 1KG (Vàng miếng 99.99%)",TP. Hồ Chí Minh,36220000,36440000,3622000,3644000,36330000,3633000,220000,Giavang Archive
2017-06-11,08:30,"Vàng SJC 1L, 10L, 1KG (Vàng miếng 99.99%)",TP. Hồ Chí Minh,36220000,36440000,3622000,3644000,36330000,3633000,220000,Giavang Archive
2017-06-12,15:46,"Vàng SJC 1L, 10L, 1KG (Vàng miếng 99.99%)",TP. Hồ Chí Minh,36240000,36440000,3624000,3644000,36340000,3634000,200000,Giavang Archive
2017-06-13,14:21,"Vàng SJC 1L, 10L, 1KG (Vàng miếng 99.99%)",TP. Hồ Chí Minh,36200000,36400000,3620000,3640000,36300000,3630000,200000,Giavang Archive
2017-06-14,16:43,"Vàng SJC 1L, 10L, 1KG (Vàng miếng 99.99%)",TP. Hồ Chí Minh,36240000,36440000,3624000,3644000,36340000,3634000,200000,Giavang Archive
2017-06-15,15:00,"Vàng SJC 1L, 10L, 1KG (Vàng miếng 99.99%)",TP. Hồ Chí Minh,36230000,36430000,3623000,3643000,36330000,3633000,200000,Giavang Archive
2017-06-16,09:17,"Vàng SJC 1L, 10L, 1KG (Vàng miếng 99.99%)",TP. Hồ Chí Minh,36160000,36360000,3616000,3636000,36260000,3626000,200000,Giavang Archive
2017-06-17,09:17,"Vàng SJC 1L, 10L, 1KG (Vàng miếng 99.99%)",TP. Hồ Chí Minh,36160000,36360000,3616000,3636000,36260000,3626000,200000,Giavang Archive
2017-06-18,09:17,"Vàng SJC 1L, 10L, 1KG (Vàng miếng 99.99%)",TP. Hồ Chí Minh,36160000,36360000,3616000,3636000,36260000,3626000,200000,Giavang Archive
2017-06-19,14:07,"Vàng SJC 1L, 10L, 1KG (Vàng miếng 99.99%)",TP. Hồ Chí Minh,36150000,36350000,3615000,3635000,36250000,3625000,200000,Giavang Archive
2017-06-20,16:16,"Vàng SJC 1L, 10L, 1KG (Vàng miếng 99.99%)",TP. Hồ Chí Minh,36140000,36340000,3614000,3634000,36240000,3624000,200000,Giavang Archive
2017-06-21,09:54,"Vàng SJC 1L, 10L, 1KG (Vàng miếng 99.99%)",TP. Hồ Chí Minh,36130000,36330000,3613000,3633000,36230000,3623000,200000,Giavang Archive
2017-06-22,16:21,"Vàng SJC 1L, 10L, 1KG (Vàng miếng 99.99%)",TP. Hồ Chí Minh,36170000,36370000,3617000,3637000,36270000,3627000,200000,Giavang Archive
2017-06-23,15:20,"Vàng SJC 1L, 10L, 1KG (Vàng miếng 99.99%)",TP. Hồ Chí Minh,36270000,36470000,3627000,3647000,36370000,3637000,200000,Giavang Archive
2017-06-24,09:09,"Vàng SJC 1L, 10L, 1KG (Vàng miếng 99.99%)",TP. Hồ Chí Minh,36270000,36470000,3627000,3647000,36370000,3637000,200000,Giavang Archive
2017-06-25,09:09,"Vàng SJC 1L, 10L, 1KG (Vàng miếng 99.99%)",TP. Hồ Chí Minh,36270000,36470000,3627000,3647000,36370000,3637000,200000,Giavang Archive
2017-06-26,16:32,"Vàng SJC 1L, 10L, 1KG (Vàng miếng 99.99%)",TP. Hồ Chí Minh,36150000,36350000,3615000,3635000,36250000,3625000,200000,Giavang Archive
2017-06-27,13:32,"Vàng SJC 1L, 10L, 1KG (Vàng miếng 99.99%)",TP. Hồ Chí Minh,36180000,36380000,3618000,3638000,36280000,3628000,200000,Giavang Archive
2017-06-28,15:22,"Vàng SJC 1L, 10L, 1KG (Vàng miếng 99.99%)",TP. Hồ Chí Minh,36190000,36390000,3619000,3639000,36290000,3629000,200000,Giavang Archive
2017-06-29,16:22,"Vàng SJC 1L, 10L, 1KG (Vàng miếng 99.99%)",TP. Hồ Chí Minh,36160000,36360000,3616000,3636000,36260000,3626000,200000,Giavang Archive
2017-06-30,15:54,"Vàng SJC 1L, 10L, 1KG (Vàng miếng 99.99%)",TP. Hồ Chí Minh,36170000,36370000,3617000,3637000,36270000,3627000,200000,Giavang Archive
2017-07-01,08:25,"Vàng SJC 1L, 10L, 1KG (Vàng miếng 99.99%)",TP. Hồ Chí Minh,36180000,36380000,3618000,3638000,36280000,3628000,200000,Giavang Archive
2017-07-02,08:25,"Vàng SJC 1L, 10L, 1KG (Vàng miếng 99.99%)",TP. Hồ Chí Minh,36180000,36380000,3618000,3638000,36280000,3628000,200000,Giavang Archive
2017-07-03,15:35,"Vàng SJC 1L, 10L, 1KG (Vàng miếng 99.99%)",TP. Hồ Chí Minh,36110000,36310000,3611000,3631000,36210000,3621000,200000,Giavang Archive
2017-07-04,15:24,"Vàng SJC 1L, 10L, 1KG (Vàng miếng 99.99%)",TP. Hồ Chí Minh,36030000,36250000,3603000,3625000,36140000,3614000,220000,Giavang Archive
2017-07-05,14:13,"Vàng SJC 1L, 10L, 1KG (Vàng miếng 99.99%)",TP. Hồ Chí Minh,36070000,36290000,3607000,3629000,36180000,3618000,220000,Giavang Archive
2017-07-06,13:42,"Vàng SJC 1L, 10L, 1KG (Vàng miếng 99.99%)",TP. Hồ Chí Minh,36070000,36290000,3607000,3629000,36180000,3618000,220000,Giavang Archive
2017-07-07,13:49,"Vàng SJC 1L, 10L, 1KG (Vàng miếng 99.99%)",TP. Hồ Chí Minh,36070000,36290000,3607000,3629000,36180000,3618000,220000,Giavang Archive
2017-07-08,08:43,"Vàng SJC 1L, 10L, 1KG (Vàng miếng 99.99%)",TP. Hồ Chí Minh,36040000,36270000,3604000,3627000,36155000,3615500,230000,Giavang Archive
2017-07-09,08:43,"Vàng SJC 1L, 10L, 1KG (Vàng miếng 99.99%)",TP. Hồ Chí Minh,36040000,36270000,3604000,3627000,36155000,3615500,230000,Giavang Archive
2017-07-10,14:50,"Vàng SJC 1L, 10L, 1KG (Vàng miếng 99.99%)",TP. Hồ Chí Minh,36020000,36240000,3602000,3624000,36130000,3613000,220000,Giavang Archive
2017-07-11,14:43,"Vàng SJC 1L, 10L, 1KG (Vàng miếng 99.99%)",TP. Hồ Chí Minh,36040000,36260000,3604000,3626000,36150000,3615000,220000,Giavang Archive
2017-07-12,15:52,"Vàng SJC 1L, 10L, 1KG (Vàng miếng 99.99%)",TP. Hồ Chí Minh,36100000,36320000,3610000,3632000,36210000,3621000,220000,Giavang Archive
2017-07-13,13:34,"Vàng SJC 1L, 10L, 1KG (Vàng miếng 99.99%)",TP. Hồ Chí Minh,36160000,36360000,3616000,3636000,36260000,3626000,200000,Giavang Archive
2017-07-14,15:57,"Vàng SJC 1L, 10L, 1KG (Vàng miếng 99.99%)",TP. Hồ Chí Minh,36120000,36340000,3612000,3634000,36230000,3623000,220000,Giavang Archive
2017-07-15,10:19,"Vàng SJC 1L, 10L, 1KG (Vàng miếng 99.99%)",TP. Hồ Chí Minh,36170000,36400000,3617000,3640000,36285000,3628500,230000,Giavang Archive
2017-07-16,10:19,"Vàng SJC 1L, 10L, 1KG (Vàng miếng 99.99%)",TP. Hồ Chí Minh,36170000,36400000,3617000,3640000,36285000,3628500,230000,Giavang Archive
2017-07-17,13:42,"Vàng SJC 1L, 10L, 1KG (Vàng miếng 99.99%)",TP. Hồ Chí Minh,36190000,36410000,3619000,3641000,36300000,3630000,220000,Giavang Archive
2017-07-18,14:17,"Vàng SJC 1L, 10L, 1KG (Vàng miếng 99.99%)",TP. Hồ Chí Minh,36190000,36410000,3619000,3641000,36300000,3630000,220000,Giavang Archive
2017-07-19,15:38,"Vàng SJC 1L, 10L, 1KG (Vàng miếng 99.99%)",TP. Hồ Chí Minh,36180000,36380000,3618000,3638000,36280000,3628000,200000,Giavang Archive
2017-07-20,13:58,"Vàng SJC 1L, 10L, 1KG (Vàng miếng 99.99%)",TP. Hồ Chí Minh,36160000,36360000,3616000,3636000,36260000,3626000,200000,Giavang Archive
2017-07-21,13:30,"Vàng SJC 1L, 10L, 1KG (Vàng miếng 99.99%)",TP. Hồ Chí Minh,36200000,36400000,3620000,3640000,36300000,3630000,200000,Giavang Archive
2017-07-22,08:28,"Vàng SJC 1L, 10L, 1KG (Vàng miếng 99.99%)",TP. Hồ Chí Minh,36230000,36430000,3623000,3643000,36330000,3633000,200000,Giavang Archive
2017-07-23,08:28,"Vàng SJC 1L, 10L, 1KG (Vàng miếng 99.99%)",TP. Hồ Chí Minh,36230000,36430000,3623000,3643000,36330000,3633000,200000,Giavang Archive
2017-07-24,16:10,"Vàng SJC 1L, 10L, 1KG (Vàng miếng 99.99%)",TP. Hồ Chí Minh,36190000,36390000,3619000,3639000,36290000,3629000,200000,Giavang Archive
2017-07-25,15:24,"Vàng SJC 1L, 10L, 1KG (Vàng miếng 99.99%)",TP. Hồ Chí Minh,36130000,36330000,3613000,3633000,36230000,3623000,200000,Giavang Archive
2017-07-26,16:16,"Vàng SJC 1L, 10L, 1KG (Vàng miếng 99.99%)",TP. Hồ Chí Minh,36060000,36260000,3606000,3626000,36160000,3616000,200000,Giavang Archive
2017-07-27,14:14,"Vàng SJC 1L, 10L, 1KG (Vàng miếng 99.99%)",TP. Hồ Chí Minh,36150000,36350000,3615000,3635000,36250000,3625000,200000,Giavang Archive
2017-07-28,15:05,"Vàng SJC 1L, 10L, 1KG (Vàng miếng 99.99%)",TP. Hồ Chí Minh,36100000,36300000,3610000,3630000,36200000,3620000,200000,Giavang Archive
2017-07-29,09:00,"Vàng SJC 1L, 10L, 1KG (Vàng miếng 99.99%)",TP. Hồ Chí Minh,36160000,36360000,3616000,3636000,36260000,3626000,200000,Giavang Archive
2017-07-30,09:00,"Vàng SJC 1L, 10L, 1KG (Vàng miếng 99.99%)",TP. Hồ Chí Minh,36160000,36360000,3616000,3636000,36260000,3626000,200000,Giavang Archive
2017-07-31,14:12,"Vàng SJC 1L, 10L, 1KG (Vàng miếng 99.99%)",TP. Hồ Chí Minh,36130000,36330000,3613000,3633000,36230000,3623000,200000,Giavang Archive
2017-08-01,13:22,"Vàng SJC 1L, 10L, 1KG (Vàng miếng 99.99%)",TP. Hồ Chí Minh,36120000,36320000,3612000,3632000,36220000,3622000,200000,Giavang Archive
2017-08-02,08:20,"Vàng SJC 1L, 10L, 1KG (Vàng miếng 99.99%)",TP. Hồ Chí Minh,36120000,36320000,3612000,3632000,36220000,3622000,200000,Giavang Archive
2017-08-03,16:13,"Vàng SJC 1L, 10L, 1KG (Vàng miếng 99.99%)",TP. Hồ Chí Minh,36150000,36350000,3615000,3635000,36250000,3625000,200000,Giavang Archive
2017-08-04,08:15,"Vàng SJC 1L, 10L, 1KG (Vàng miếng 99.99%)",TP. Hồ Chí Minh,36200000,36400000,3620000,3640000,36300000,3630000,200000,Giavang Archive
2017-08-05,08:24,"Vàng SJC 1L, 10L, 1KG (Vàng miếng 99.99%)",TP. Hồ Chí Minh,36150000,36350000,3615000,3635000,36250000,3625000,200000,Giavang Archive
2017-08-06,08:24,"Vàng SJC 1L, 10L, 1KG (Vàng miếng 99.99%)",TP. Hồ Chí Minh,36150000,36350000,3615000,3635000,36250000,3625000,200000,Giavang Archive
2017-08-07,14:03,"Vàng SJC 1L, 10L, 1KG (Vàng miếng 99.99%)",TP. Hồ Chí Minh,36160000,36360000,3616000,3636000,36260000,3626000,200000,Giavang Archive
2017-08-08,14:15,"Vàng SJC 1L, 10L, 1KG (Vàng miếng 99.99%)",TP. Hồ Chí Minh,36100000,36300000,3610000,3630000,36200000,3620000,200000,Giavang Archive
2017-08-09,15:49,"Vàng SJC 1L, 10L, 1KG (Vàng miếng 99.99%)",TP. Hồ Chí Minh,36120000,36320000,3612000,3632000,36220000,3622000,200000,Giavang Archive
2017-08-10,14:01,"Vàng SJC 1L, 10L, 1KG (Vàng miếng 99.99%)",TP. Hồ Chí Minh,36240000,36440000,3624000,3644000,36340000,3634000,200000,Giavang Archive
2017-08-11,14:30,"Vàng SJC 1L, 10L, 1KG (Vàng miếng 99.99%)",TP. Hồ Chí Minh,36330000,36530000,3633000,3653000,36430000,3643000,200000,Giavang Archive
2017-08-12,08:30,"Vàng SJC 1L, 10L, 1KG (Vàng miếng 99.99%)",TP. Hồ Chí Minh,36350000,36550000,3635000,3655000,36450000,3645000,200000,Giavang Archive
2017-08-13,08:30,"Vàng SJC 1L, 10L, 1KG (Vàng miếng 99.99%)",TP. Hồ Chí Minh,36350000,36550000,3635000,3655000,36450000,3645000,200000,Giavang Archive
2017-08-14,14:57,"Vàng SJC 1L, 10L, 1KG (Vàng miếng 99.99%)",TP. Hồ Chí Minh,36280000,36480000,3628000,3648000,36380000,3638000,200000,Giavang Archive
2017-08-15,14:52,"Vàng SJC 1L, 10L, 1KG (Vàng miếng 99.99%)",TP. Hồ Chí Minh,36190000,36390000,3619000,3639000,36290000,3629000,200000,Giavang Archive
2017-08-16,13:51,"Vàng SJC 1L, 10L, 1KG (Vàng miếng 99.99%)",TP. Hồ Chí Minh,36130000,36330000,3613000,3633000,36230000,3623000,200000,Giavang Archive
2017-08-17,09:41,"Vàng SJC 1L, 10L, 1KG (Vàng miếng 99.99%)",TP. Hồ Chí Minh,36250000,36450000,3625000,3645000,36350000,3635000,200000,Giavang Archive
2017-08-18,16:04,"Vàng SJC 1L, 10L, 1KG (Vàng miếng 99.99%)",TP. Hồ Chí Minh,36320000,36520000,3632000,3652000,36420000,3642000,200000,Giavang Archive
2017-08-19,09:21,"Vàng SJC 1L, 10L, 1KG (Vàng miếng 99.99%)",TP. Hồ Chí Minh,36300000,36500000,3630000,3650000,36400000,3640000,200000,Giavang Archive
2017-08-20,09:21,"Vàng SJC 1L, 10L, 1KG (Vàng miếng 99.99%)",TP. Hồ Chí Minh,36300000,36500000,3630000,3650000,36400000,3640000,200000,Giavang Archive
2017-08-21,10:40,"Vàng SJC 1L, 10L, 1KG (Vàng miếng 99.99%)",TP. Hồ Chí Minh,36280000,36480000,3628000,3648000,36380000,3638000,200000,Giavang Archive
2017-08-22,14:02,"Vàng SJC 1L, 10L, 1KG (Vàng miếng 99.99%)",TP. Hồ Chí Minh,36250000,36450000,3625000,3645000,36350000,3635000,200000,Giavang Archive
2017-08-23,13:50,"Vàng SJC 1L, 10L, 1KG (Vàng miếng 99.99%)",TP. Hồ Chí Minh,36230000,36430000,3623000,3643000,36330000,3633000,200000,Giavang Archive
2017-08-24,15:12,"Vàng SJC 1L, 10L, 1KG (Vàng miếng 99.99%)",TP. Hồ Chí Minh,36220000,36420000,3622000,3642000,36320000,3632000,200000,Giavang Archive
2017-08-25,15:33,"Vàng SJC 1L, 10L, 1KG (Vàng miếng 99.99%)",TP. Hồ Chí Minh,36250000,36450000,3625000,3645000,36350000,3635000,200000,Giavang Archive
2017-08-26,08:26,"Vàng SJC 1L, 10L, 1KG (Vàng miếng 99.99%)",TP. Hồ Chí Minh,36280000,36480000,3628000,3648000,36380000,3638000,200000,Giavang Archive
2017-08-27,08:26,"Vàng SJC 1L, 10L, 1KG (Vàng miếng 99.99%)",TP. Hồ Chí Minh,36280000,36480000,3628000,3648000,36380000,3638000,200000,Giavang Archive
2017-08-28,15:24,"Vàng SJC 1L, 10L, 1KG (Vàng miếng 99.99%)",TP. Hồ Chí Minh,36300000,36500000,3630000,3650000,36400000,3640000,200000,Giavang Archive
2017-08-29,15:42,"Vàng SJC 1L, 10L, 1KG (Vàng miếng 99.99%)",TP. Hồ Chí Minh,36530000,36730000,3653000,3673000,36630000,3663000,200000,Giavang Archive
2017-08-30,16:12,"Vàng SJC 1L, 10L, 1KG (Vàng miếng 99.99%)",TP. Hồ Chí Minh,36390000,36590000,3639000,3659000,36490000,3649000,200000,Giavang Archive
2017-08-31,14:12,"Vàng SJC 1L, 10L, 1KG (Vàng miếng 99.99%)",TP. Hồ Chí Minh,36360000,36560000,3636000,3656000,36460000,3646000,200000,Giavang Archive
2017-09-01,15:31,"Vàng SJC 1L, 10L, 1KG (Vàng miếng 99.99%)",TP. Hồ Chí Minh,36450000,36650000,3645000,3665000,36550000,3655000,200000,Giavang Archive
2017-09-02,08:53,"Vàng SJC 1L, 10L, 1KG (Vàng miếng 99.99%)",TP. Hồ Chí Minh,36450000,36650000,3645000,3665000,36550000,3655000,200000,Giavang Archive
2017-09-03,08:53,"Vàng SJC 1L, 10L, 1KG (Vàng miếng 99.99%)",TP. Hồ Chí Minh,36450000,36650000,3645000,3665000,36550000,3655000,200000,Giavang Archive
2017-09-04,08:42,"Vàng SJC 1L, 10L, 1KG (Vàng miếng 99.99%)",TP. Hồ Chí Minh,36600000,36850000,3660000,3685000,36725000,3672500,250000,Giavang Archive
2017-09-05,16:08,"Vàng SJC 1L, 10L, 1KG (Vàng miếng 99.99%)",TP. Hồ Chí Minh,36580000,36780000,3658000,3678000,36680000,3668000,200000,Giavang Archive
2017-09-06,16:10,"Vàng SJC 1L, 10L, 1KG (Vàng miếng 99.99%)",TP. Hồ Chí Minh,36850000,37050000,3685000,3705000,36950000,3695000,200000,Giavang Archive
2017-09-07,16:48,"Vàng SJC 1L, 10L, 1KG (Vàng miếng 99.99%)",TP. Hồ Chí Minh,36850000,37050000,3685000,3705000,36950000,3695000,200000,Giavang Archive
2017-09-08,15:07,"Vàng SJC 1L, 10L, 1KG (Vàng miếng 99.99%)",TP. Hồ Chí Minh,37060000,37280000,3706000,3728000,37170000,3717000,220000,Giavang Archive
2017-09-09,10:49,"Vàng SJC 1L, 10L, 1KG (Vàng miếng 99.99%)",TP. Hồ Chí Minh,36940000,37160000,3694000,3716000,37050000,3705000,220000,Giavang Archive
2017-09-10,10:49,"Vàng SJC 1L, 10L, 1KG (Vàng miếng 99.99%)",TP. Hồ Chí Minh,36940000,37160000,3694000,3716000,37050000,3705000,220000,Giavang Archive
2017-09-11,16:26,"Vàng SJC 1L, 10L, 1KG (Vàng miếng 99.99%)",TP. Hồ Chí Minh,36780000,36980000,3678000,3698000,36880000,3688000,200000,Giavang Archive
2017-09-12,16:09,"Vàng SJC 1L, 10L, 1KG (Vàng miếng 99.99%)",TP. Hồ Chí Minh,36540000,36740000,3654000,3674000,36640000,3664000,200000,Giavang Archive
2017-09-13,14:56,"Vàng SJC 1L, 10L, 1KG (Vàng miếng 99.99%)",TP. Hồ Chí Minh,36580000,36780000,3658000,3678000,36680000,3668000,200000,Giavang Archive
2017-09-14,14:37,"Vàng SJC 1L, 10L, 1KG (Vàng miếng 99.99%)",TP. Hồ Chí Minh,36500000,36700000,3650000,3670000,36600000,3660000,200000,Giavang Archive
2017-09-15,16:09,"Vàng SJC 1L, 10L, 1KG (Vàng miếng 99.99%)",TP. Hồ Chí Minh,36650000,36850000,3665000,3685000,36750000,3675000,200000,Giavang Archive
2017-09-16,10:37,"Vàng SJC 1L, 10L, 1KG (Vàng miếng 99.99%)",TP. Hồ Chí Minh,36600000,36800000,3660000,3680000,36700000,3670000,200000,Giavang Archive
2017-09-17,10:37,"Vàng SJC 1L, 10L, 1KG (Vàng miếng 99.99%)",TP. Hồ Chí Minh,36600000,36800000,3660000,3680000,36700000,3670000,200000,Giavang Archive
2017-09-18,15:46,"Vàng SJC 1L, 10L, 1KG (Vàng miếng 99.99%)",TP. Hồ Chí Minh,36600000,36800000,3660000,3680000,36700000,3670000,200000,Giavang Archive
2017-09-19,13:59,"Vàng SJC 1L, 10L, 1KG (Vàng miếng 99.99%)",TP. Hồ Chí Minh,36560000,36760000,3656000,3676000,36660000,3666000,200000,Giavang Archive
2017-09-20,13:21,"Vàng SJC 1L, 10L, 1KG (Vàng miếng 99.99%)",TP. Hồ Chí Minh,36600000,36800000,3660000,3680000,36700000,3670000,200000,Giavang Archive
2017-09-21,16:38,"Vàng SJC 1L, 10L, 1KG (Vàng miếng 99.99%)",TP. Hồ Chí Minh,36480000,36680000,3648000,3668000,36580000,3658000,200000,Giavang Archive
2017-09-22,14:18,"Vàng SJC 1L, 10L, 1KG (Vàng miếng 99.99%)",TP. Hồ Chí Minh,36500000,36700000,3650000,3670000,36600000,3660000,200000,Giavang Archive
2017-09-23,10:29,"Vàng SJC 1L, 10L, 1KG (Vàng miếng 99.99%)",TP. Hồ Chí Minh,36530000,36730000,3653000,3673000,36630000,3663000,200000,Giavang Archive
2017-09-24,10:29,"Vàng SJC 1L, 10L, 1KG (Vàng miếng 99.99%)",TP. Hồ Chí Minh,36530000,36730000,3653000,3673000,36630000,3663000,200000,Giavang Archive
2017-09-25,11:08,"Vàng SJC 1L, 10L, 1KG (Vàng miếng 99.99%)",TP. Hồ Chí Minh,36500000,36700000,3650000,3670000,36600000,3660000,200000,Giavang Archive
2017-09-26,14:58,"Vàng SJC 1L, 10L, 1KG (Vàng miếng 99.99%)",TP. Hồ Chí Minh,36520000,36720000,3652000,3672000,36620000,3662000,200000,Giavang Archive
2017-09-27,15:37,"Vàng SJC 1L, 10L, 1KG (Vàng miếng 99.99%)",TP. Hồ Chí Minh,36400000,36600000,3640000,3660000,36500000,3650000,200000,Giavang Archive
2017-09-28,14:35,"Vàng SJC 1L, 10L, 1KG (Vàng miếng 99.99%)",TP. Hồ Chí Minh,36350000,36550000,3635000,3655000,36450000,3645000,200000,Giavang Archive
2017-09-29,15:30,"Vàng SJC 1L, 10L, 1KG (Vàng miếng 99.99%)",TP. Hồ Chí Minh,36450000,36650000,3645000,3665000,36550000,3655000,200000,Giavang Archive
2017-09-30,08:19,"Vàng SJC 1L, 10L, 1KG (Vàng miếng 99.99%)",TP. Hồ Chí Minh,36400000,36600000,3640000,3660000,36500000,3650000,200000,Giavang Archive
2017-10-01,08:19,"Vàng SJC 1L, 10L, 1KG (Vàng miếng 99.99%)",TP. Hồ Chí Minh,36400000,36600000,3640000,3660000,36500000,3650000,200000,Giavang Archive
2017-10-02,16:03,"Vàng SJC 1L, 10L, 1KG (Vàng miếng 99.99%)",TP. Hồ Chí Minh,36300000,36500000,3630000,3650000,36400000,3640000,200000,Giavang Archive
2017-10-03,13:35,"Vàng SJC 1L, 10L, 1KG (Vàng miếng 99.99%)",TP. Hồ Chí Minh,36250000,36450000,3625000,3645000,36350000,3635000,200000,Giavang Archive
2017-10-04,13:28,"Vàng SJC 1L, 10L, 1KG (Vàng miếng 99.99%)",TP. Hồ Chí Minh,36360000,36560000,3636000,3656000,36460000,3646000,200000,Giavang Archive
2017-10-05,16:19,"Vàng SJC 1L, 10L, 1KG (Vàng miếng 99.99%)",TP. Hồ Chí Minh,36400000,36600000,3640000,3660000,36500000,3650000,200000,Giavang Archive
2017-10-06,15:30,"Vàng SJC 1L, 10L, 1KG (Vàng miếng 99.99%)",TP. Hồ Chí Minh,36370000,36570000,3637000,3657000,36470000,3647000,200000,Giavang Archive
2017-10-07,08:48,"Vàng SJC 1L, 10L, 1KG (Vàng miếng 99.99%)",TP. Hồ Chí Minh,36410000,36610000,3641000,3661000,36510000,3651000,200000,Giavang Archive
2017-10-08,08:48,"Vàng SJC 1L, 10L, 1KG (Vàng miếng 99.99%)",TP. Hồ Chí Minh,36410000,36610000,3641000,3661000,36510000,3651000,200000,Giavang Archive
2017-10-09,15:57,"Vàng SJC 1L, 10L, 1KG (Vàng miếng 99.99%)",TP. Hồ Chí Minh,36410000,36610000,3641000,3661000,36510000,3651000,200000,Giavang Archive
2017-10-10,15:57,"Vàng SJC 1L, 10L, 1KG (Vàng miếng 99.99%)",TP. Hồ Chí Minh,36440000,36640000,3644000,3664000,36540000,3654000,200000,Giavang Archive
2017-10-11,14:02,"Vàng SJC 1L, 10L, 1KG (Vàng miếng 99.99%)",TP. Hồ Chí Minh,36430000,36630000,3643000,3663000,36530000,3653000,200000,Giavang Archive
2017-10-12,14:43,"Vàng SJC 1L, 10L, 1KG (Vàng miếng 99.99%)",TP. Hồ Chí Minh,36490000,36690000,3649000,3669000,36590000,3659000,200000,Giavang Archive
2017-10-13,16:24,"Vàng SJC 1L, 10L, 1KG (Vàng miếng 99.99%)",TP. Hồ Chí Minh,36460000,36660000,3646000,3666000,36560000,3656000,200000,Giavang Archive
2017-10-14,10:51,"Vàng SJC 1L, 10L, 1KG (Vàng miếng 99.99%)",TP. Hồ Chí Minh,36530000,36730000,3653000,3673000,36630000,3663000,200000,Giavang Archive
2017-10-15,10:51,"Vàng SJC 1L, 10L, 1KG (Vàng miếng 99.99%)",TP. Hồ Chí Minh,36530000,36730000,3653000,3673000,36630000,3663000,200000,Giavang Archive
2017-10-16,14:30,"Vàng SJC 1L, 10L, 1KG (Vàng miếng 99.99%)",TP. Hồ Chí Minh,36500000,36700000,3650000,3670000,36600000,3660000,200000,Giavang Archive
2017-10-17,14:09,"Vàng SJC 1L, 10L, 1KG (Vàng miếng 99.99%)",TP. Hồ Chí Minh,36350000,36550000,3635000,3655000,36450000,3645000,200000,Giavang Archive
2017-10-18,15:01,"Vàng SJC 1L, 10L, 1KG (Vàng miếng 99.99%)",TP. Hồ Chí Minh,36320000,36520000,3632000,3652000,36420000,3642000,200000,Giavang Archive
2017-10-19,14:25,"Vàng SJC 1L, 10L, 1KG (Vàng miếng 99.99%)",TP. Hồ Chí Minh,36320000,36520000,3632000,3652000,36420000,3642000,200000,Giavang Archive
2017-10-20,14:29,"Vàng SJC 1L, 10L, 1KG (Vàng miếng 99.99%)",TP. Hồ Chí Minh,36320000,36520000,3632000,3652000,36420000,3642000,200000,Giavang Archive
2017-10-21,09:02,"Vàng SJC 1L, 10L, 1KG (Vàng miếng 99.99%)",TP. Hồ Chí Minh,36340000,36540000,3634000,3654000,36440000,3644000,200000,Giavang Archive
2017-10-22,09:02,"Vàng SJC 1L, 10L, 1KG (Vàng miếng 99.99%)",TP. Hồ Chí Minh,36340000,36540000,3634000,3654000,36440000,3644000,200000,Giavang Archive
2017-10-23,13:25,"Vàng SJC 1L, 10L, 1KG (Vàng miếng 99.99%)",TP. Hồ Chí Minh,36330000,36530000,3633000,3653000,36430000,3643000,200000,Giavang Archive
2017-10-24,15:21,"Vàng SJC 1L, 10L, 1KG (Vàng miếng 99.99%)",TP. Hồ Chí Minh,36300000,36500000,3630000,3650000,36400000,3640000,200000,Giavang Archive
2017-10-25,16:29,"Vàng SJC 1L, 10L, 1KG (Vàng miếng 99.99%)",TP. Hồ Chí Minh,36270000,36470000,3627000,3647000,36370000,3637000,200000,Giavang Archive
2017-10-26,14:34,"Vàng SJC 1L, 10L, 1KG (Vàng miếng 99.99%)",TP. Hồ Chí Minh,36270000,36470000,3627000,3647000,36370000,3637000,200000,Giavang Archive
2017-10-27,16:23,"Vàng SJC 1L, 10L, 1KG (Vàng miếng 99.99%)",TP. Hồ Chí Minh,36290000,36490000,3629000,3649000,36390000,3639000,200000,Giavang Archive
2017-10-28,08:12,"Vàng SJC 1L, 10L, 1KG (Vàng miếng 99.99%)",TP. Hồ Chí Minh,36340000,36540000,3634000,3654000,36440000,3644000,200000,Giavang Archive
2017-10-29,08:12,"Vàng SJC 1L, 10L, 1KG (Vàng miếng 99.99%)",TP. Hồ Chí Minh,36340000,36540000,3634000,3654000,36440000,3644000,200000,Giavang Archive
2017-10-30,14:54,"Vàng SJC 1L, 10L, 1KG (Vàng miếng 99.99%)",TP. Hồ Chí Minh,36300000,36500000,3630000,3650000,36400000,3640000,200000,Giavang Archive
2017-10-31,13:57,"Vàng SJC 1L, 10L, 1KG (Vàng miếng 99.99%)",TP. Hồ Chí Minh,36380000,36580000,3638000,3658000,36480000,3648000,200000,Giavang Archive
2017-11-01,14:28,"Vàng SJC 1L, 10L, 1KG (Vàng miếng 99.99%)",TP. Hồ Chí Minh,36420000,36620000,3642000,3662000,36520000,3652000,200000,Giavang Archive
2017-11-02,15:09,"Vàng SJC 1L, 10L, 1KG (Vàng miếng 99.99%)",TP. Hồ Chí Minh,36420000,36620000,3642000,3662000,36520000,3652000,200000,Giavang Archive
2017-11-03,14:22,"Vàng SJC 1L, 10L, 1KG (Vàng miếng 99.99%)",TP. Hồ Chí Minh,36400000,36600000,3640000,3660000,36500000,3650000,200000,Giavang Archive
2017-11-04,09:23,"Vàng SJC 1L, 10L, 1KG (Vàng miếng 99.99%)",TP. Hồ Chí Minh,36380000,36580000,3638000,3658000,36480000,3648000,200000,Giavang Archive
2017-11-05,09:23,"Vàng SJC 1L, 10L, 1KG (Vàng miếng 99.99%)",TP. Hồ Chí Minh,36380000,36580000,3638000,3658000,36480000,3648000,200000,Giavang Archive
2017-11-06,16:01,"Vàng SJC 1L, 10L, 1KG (Vàng miếng 99.99%)",TP. Hồ Chí Minh,36420000,36620000,3642000,3662000,36520000,3652000,200000,Giavang Archive
2017-11-07,15:55,"Vàng SJC 1L, 10L, 1KG (Vàng miếng 99.99%)",TP. Hồ Chí Minh,36430000,36630000,3643000,3663000,36530000,3653000,200000,Giavang Archive
2017-11-08,15:31,"Vàng SJC 1L, 10L, 1KG (Vàng miếng 99.99%)",TP. Hồ Chí Minh,36440000,36640000,3644000,3664000,36540000,3654000,200000,Giavang Archive
2017-11-09,13:17,"Vàng SJC 1L, 10L, 1KG (Vàng miếng 99.99%)",TP. Hồ Chí Minh,36450000,36650000,3645000,3665000,36550000,3655000,200000,Giavang Archive
2017-11-10,15:17,"Vàng SJC 1L, 10L, 1KG (Vàng miếng 99.99%)",TP. Hồ Chí Minh,36420000,36620000,3642000,3662000,36520000,3652000,200000,Giavang Archive
2017-11-11,11:46,"Vàng SJC 1L, 10L, 1KG (Vàng miếng 99.99%)",TP. Hồ Chí Minh,36410000,36610000,3641000,3661000,36510000,3651000,200000,Giavang Archive
2017-11-12,11:46,"Vàng SJC 1L, 10L, 1KG (Vàng miếng 99.99%)",TP. Hồ Chí Minh,36410000,36610000,3641000,3661000,36510000,3651000,200000,Giavang Archive
2017-11-13,16:12,"Vàng SJC 1L, 10L, 1KG (Vàng miếng 99.99%)",TP. Hồ Chí Minh,36420000,36620000,3642000,3662000,36520000,3652000,200000,Giavang Archive
2017-11-14,15:30,"Vàng SJC 1L, 10L, 1KG (Vàng miếng 99.99%)",TP. Hồ Chí Minh,36350000,36550000,3635000,3655000,36450000,3645000,200000,Giavang Archive
2017-11-15,15:17,"Vàng SJC 1L, 10L, 1KG (Vàng miếng 99.99%)",TP. Hồ Chí Minh,36420000,36620000,3642000,3662000,36520000,3652000,200000,Giavang Archive
2017-11-16,15:10,"Vàng SJC 1L, 10L, 1KG (Vàng miếng 99.99%)",TP. Hồ Chí Minh,36360000,36560000,3636000,3656000,36460000,3646000,200000,Giavang Archive
2017-11-17,14:30,"Vàng SJC 1L, 10L, 1KG (Vàng miếng 99.99%)",TP. Hồ Chí Minh,36350000,36550000,3635000,3655000,36450000,3645000,200000,Giavang Archive
2017-11-18,09:35,"Vàng SJC 1L, 10L, 1KG (Vàng miếng 99.99%)",TP. Hồ Chí Minh,36430000,36630000,3643000,3663000,36530000,3653000,200000,Giavang Archive
2017-11-19,09:35,"Vàng SJC 1L, 10L, 1KG (Vàng miếng 99.99%)",TP. Hồ Chí Minh,36430000,36630000,3643000,3663000,36530000,3653000,200000,Giavang Archive
2017-11-20,14:48,"Vàng SJC 1L, 10L, 1KG (Vàng miếng 99.99%)",TP. Hồ Chí Minh,36370000,36570000,3637000,3657000,36470000,3647000,200000,Giavang Archive
2017-11-21,15:19,"Vàng SJC 1L, 10L, 1KG (Vàng miếng 99.99%)",TP. Hồ Chí Minh,36400000,36600000,3640000,3660000,36500000,3650000,200000,Giavang Archive
2017-11-22,13:59,"Vàng SJC 1L, 10L, 1KG (Vàng miếng 99.99%)",TP. Hồ Chí Minh,36420000,36620000,3642000,3662000,36520000,3652000,200000,Giavang Archive
2017-11-23,10:34,"Vàng SJC 1L, 10L, 1KG (Vàng miếng 99.99%)",TP. Hồ Chí Minh,36400000,36600000,3640000,3660000,36500000,3650000,200000,Giavang Archive
2017-11-24,14:51,"Vàng SJC 1L, 10L, 1KG (Vàng miếng 99.99%)",TP. Hồ Chí Minh,36400000,36600000,3640000,3660000,36500000,3650000,200000,Giavang Archive
2017-11-25,08:15,"Vàng SJC 1L, 10L, 1KG (Vàng miếng 99.99%)",TP. Hồ Chí Minh,36400000,36600000,3640000,3660000,36500000,3650000,200000,Giavang Archive
2017-11-26,08:15,"Vàng SJC 1L, 10L, 1KG (Vàng miếng 99.99%)",TP. Hồ Chí Minh,36400000,36600000,3640000,3660000,36500000,3650000,200000,Giavang Archive
2017-11-27,15:14,"Vàng SJC 1L, 10L, 1KG (Vàng miếng 99.99%)",TP. Hồ Chí Minh,36400000,36600000,3640000,3660000,36500000,3650000,200000,Giavang Archive
2017-11-28,14:30,"Vàng SJC 1L, 10L, 1KG (Vàng miếng 99.99%)",TP. Hồ Chí Minh,36380000,36580000,3638000,3658000,36480000,3648000,200000,Giavang Archive
2017-11-29,09:57,"Vàng SJC 1L, 10L, 1KG (Vàng miếng 99.99%)",TP. Hồ Chí Minh,36400000,36600000,3640000,3660000,36500000,3650000,200000,Giavang Archive
2017-11-30,16:24,"Vàng SJC 1L, 10L, 1KG (Vàng miếng 99.99%)",TP. Hồ Chí Minh,36310000,36510000,3631000,3651000,36410000,3641000,200000,Giavang Archive
2017-12-01,15:41,"Vàng SJC 1L, 10L, 1KG (Vàng miếng 99.99%)",TP. Hồ Chí Minh,36330000,36530000,3633000,3653000,36430000,3643000,200000,Giavang Archive
2017-12-02,10:06,"Vàng SJC 1L, 10L, 1KG (Vàng miếng 99.99%)",TP. Hồ Chí Minh,36360000,36560000,3636000,3656000,36460000,3646000,200000,Giavang Archive
2017-12-03,10:06,"Vàng SJC 1L, 10L, 1KG (Vàng miếng 99.99%)",TP. Hồ Chí Minh,36360000,36560000,3636000,3656000,36460000,3646000,200000,Giavang Archive
2017-12-04,16:03,"Vàng SJC 1L, 10L, 1KG (Vàng miếng 99.99%)",TP. Hồ Chí Minh,36340000,36540000,3634000,3654000,36440000,3644000,200000,Giavang Archive
2017-12-05,14:35,"Vàng SJC 1L, 10L, 1KG (Vàng miếng 99.99%)",TP. Hồ Chí Minh,36320000,36520000,3632000,3652000,36420000,3642000,200000,Giavang Archive
2017-12-06,13:52,"Vàng SJC 1L, 10L, 1KG (Vàng miếng 99.99%)",TP. Hồ Chí Minh,36320000,36520000,3632000,3652000,36420000,3642000,200000,Giavang Archive
2017-12-07,14:19,"Vàng SJC 1L, 10L, 1KG (Vàng miếng 99.99%)",TP. Hồ Chí Minh,36250000,36450000,3625000,3645000,36350000,3635000,200000,Giavang Archive
2017-12-08,15:28,"Vàng SJC 1L, 10L, 1KG (Vàng miếng 99.99%)",TP. Hồ Chí Minh,36180000,36380000,3618000,3638000,36280000,3628000,200000,Giavang Archive
2017-12-09,08:30,"Vàng SJC 1L, 10L, 1KG (Vàng miếng 99.99%)",TP. Hồ Chí Minh,36200000,36400000,3620000,3640000,36300000,3630000,200000,Giavang Archive
2017-12-10,08:30,"Vàng SJC 1L, 10L, 1KG (Vàng miếng 99.99%)",TP. Hồ Chí Minh,36200000,36400000,3620000,3640000,36300000,3630000,200000,Giavang Archive
2017-12-11,16:28,"Vàng SJC 1L, 10L, 1KG (Vàng miếng 99.99%)",TP. Hồ Chí Minh,36270000,36470000,3627000,3647000,36370000,3637000,200000,Giavang Archive
2017-12-12,08:44,"Vàng SJC 1L, 10L, 1KG (Vàng miếng 99.99%)",TP. Hồ Chí Minh,36300000,36500000,3630000,3650000,36400000,3640000,200000,Giavang Archive
2017-12-13,14:58,"Vàng SJC 1L, 10L, 1KG (Vàng miếng 99.99%)",TP. Hồ Chí Minh,36260000,36460000,3626000,3646000,36360000,3636000,200000,Giavang Archive
2017-12-14,16:20,"Vàng SJC 1L, 10L, 1KG (Vàng miếng 99.99%)",TP. Hồ Chí Minh,36300000,36500000,3630000,3650000,36400000,3640000,200000,Giavang Archive
2017-12-15,14:28,"Vàng SJC 1L, 10L, 1KG (Vàng miếng 99.99%)",TP. Hồ Chí Minh,36300000,36500000,3630000,3650000,36400000,3640000,200000,Giavang Archive
2017-12-16,09:12,"Vàng SJC 1L, 10L, 1KG (Vàng miếng 99.99%)",TP. Hồ Chí Minh,36320000,36520000,3632000,3652000,36420000,3642000,200000,Giavang Archive
2017-12-17,09:12,"Vàng SJC 1L, 10L, 1KG (Vàng miếng 99.99%)",TP. Hồ Chí Minh,36320000,36520000,3632000,3652000,36420000,3642000,200000,Giavang Archive
2017-12-18,13:26,"Vàng SJC 1L, 10L, 1KG (Vàng miếng 99.99%)",TP. Hồ Chí Minh,36320000,36520000,3632000,3652000,36420000,3642000,200000,Giavang Archive
2017-12-19,08:17,"Vàng SJC 1L, 10L, 1KG (Vàng miếng 99.99%)",TP. Hồ Chí Minh,36340000,36540000,3634000,3654000,36440000,3644000,200000,Giavang Archive
2017-12-20,15:08,"Vàng SJC 1L, 10L, 1KG (Vàng miếng 99.99%)",TP. Hồ Chí Minh,36300000,36500000,3630000,3650000,36400000,3640000,200000,Giavang Archive
2017-12-21,13:33,"Vàng SJC 1L, 10L, 1KG (Vàng miếng 99.99%)",TP. Hồ Chí Minh,36280000,36480000,3628000,3648000,36380000,3638000,200000,Giavang Archive
2017-12-22,15:32,"Vàng SJC 1L, 10L, 1KG (Vàng miếng 99.99%)",TP. Hồ Chí Minh,36320000,36520000,3632000,3652000,36420000,3642000,200000,Giavang Archive
2017-12-23,10:33,"Vàng SJC 1L, 10L, 1KG (Vàng miếng 99.99%)",TP. Hồ Chí Minh,36370000,36570000,3637000,3657000,36470000,3647000,200000,Giavang Archive
2017-12-24,10:33,"Vàng SJC 1L, 10L, 1KG (Vàng miếng 99.99%)",TP. Hồ Chí Minh,36370000,36570000,3637000,3657000,36470000,3647000,200000,Giavang Archive
2017-12-25,14:50,"Vàng SJC 1L, 10L, 1KG (Vàng miếng 99.99%)",TP. Hồ Chí Minh,36330000,36530000,3633000,3653000,36430000,3643000,200000,Giavang Archive
2017-12-26,09:59,"Vàng SJC 1L, 10L, 1KG (Vàng miếng 99.99%)",TP. Hồ Chí Minh,36300000,36540000,3630000,3654000,36420000,3642000,240000,Giavang Archive
2017-12-27,15:05,"Vàng SJC 1L, 10L, 1KG (Vàng miếng 99.99%)",TP. Hồ Chí Minh,36330000,36580000,3633000,3658000,36455000,3645500,250000,Giavang Archive
2017-12-28,16:56,"Vàng SJC 1L, 10L, 1KG (Vàng miếng 99.99%)",TP. Hồ Chí Minh,36370000,36590000,3637000,3659000,36480000,3648000,220000,Giavang Archive
2017-12-29,16:08,"Vàng SJC 1L, 10L, 1KG (Vàng miếng 99.99%)",TP. Hồ Chí Minh,36340000,36560000,3634000,3656000,36450000,3645000,220000,Giavang Archive
2017-12-30,16:41,"Vàng SJC 1L, 10L, 1KG (Vàng miếng 99.99%)",TP. Hồ Chí Minh,35500000,36440000,3550000,3644000,35970000,3597000,940000,Giavang Archive
2017-12-31,16:41,"Vàng SJC 1L, 10L, 1KG (Vàng miếng 99.99%)",TP. Hồ Chí Minh,35500000,36440000,3550000,3644000,35970000,3597000,940000,Giavang Archive
2018-01-01,08:32,"Vàng SJC 1L, 10L, 1KG (Vàng miếng 99.99%)",TP. Hồ Chí Minh,36470000,36670000,3647000,3667000,36570000,3657000,200000,Giavang Archive
2018-01-02,14:33,"Vàng SJC 1L, 10L, 1KG (Vàng miếng 99.99%)",TP. Hồ Chí Minh,36550000,36750000,3655000,3675000,36650000,3665000,200000,Giavang Archive
2018-01-03,15:56,"Vàng SJC 1L, 10L, 1KG (Vàng miếng 99.99%)",TP. Hồ Chí Minh,36500000,36700000,3650000,3670000,36600000,3660000,200000,Giavang Archive
2018-01-04,08:31,"Vàng SJC 1L, 10L, 1KG (Vàng miếng 99.99%)",TP. Hồ Chí Minh,36440000,36640000,3644000,3664000,36540000,3654000,200000,Giavang Archive
2018-01-05,14:39,"Vàng SJC 1L, 10L, 1KG (Vàng miếng 99.99%)",TP. Hồ Chí Minh,36490000,36690000,3649000,3669000,36590000,3659000,200000,Giavang Archive
2018-01-06,10:03,"Vàng SJC 1L, 10L, 1KG (Vàng miếng 99.99%)",TP. Hồ Chí Minh,36480000,36680000,3648000,3668000,36580000,3658000,200000,Giavang Archive
2018-01-07,10:03,"Vàng SJC 1L, 10L, 1KG (Vàng miếng 99.99%)",TP. Hồ Chí Minh,36480000,36680000,3648000,3668000,36580000,3658000,200000,Giavang Archive
2018-01-08,15:00,"Vàng SJC 1L, 10L, 1KG (Vàng miếng 99.99%)",TP. Hồ Chí Minh,36400000,36600000,3640000,3660000,36500000,3650000,200000,Giavang Archive
2018-01-09,15:44,"Vàng SJC 1L, 10L, 1KG (Vàng miếng 99.99%)",TP. Hồ Chí Minh,36400000,36600000,3640000,3660000,36500000,3650000,200000,Giavang Archive
2018-01-10,15:16,"Vàng SJC 1L, 10L, 1KG (Vàng miếng 99.99%)",TP. Hồ Chí Minh,36410000,36610000,3641000,3661000,36510000,3651000,200000,Giavang Archive
2018-01-11,14:29,"Vàng SJC 1L, 10L, 1KG (Vàng miếng 99.99%)",TP. Hồ Chí Minh,36450000,36650000,3645000,3665000,36550000,3655000,200000,Giavang Archive
2018-01-12,16:08,"Vàng SJC 1L, 10L, 1KG (Vàng miếng 99.99%)",TP. Hồ Chí Minh,36600000,36800000,3660000,3680000,36700000,3670000,200000,Giavang Archive
2018-01-13,09:21,"Vàng SJC 1L, 10L, 1KG (Vàng miếng 99.99%)",TP. Hồ Chí Minh,36750000,36950000,3675000,3695000,36850000,3685000,200000,Giavang Archive
2018-01-14,09:21,"Vàng SJC 1L, 10L, 1KG (Vàng miếng 99.99%)",TP. Hồ Chí Minh,36750000,36950000,3675000,3695000,36850000,3685000,200000,Giavang Archive
2018-01-15,15:50,"Vàng SJC 1L, 10L, 1KG (Vàng miếng 99.99%)",TP. Hồ Chí Minh,36800000,37000000,3680000,3700000,36900000,3690000,200000,Giavang Archive
2018-01-16,16:25,"Vàng SJC 1L, 10L, 1KG (Vàng miếng 99.99%)",TP. Hồ Chí Minh,36670000,36870000,3667000,3687000,36770000,3677000,200000,Giavang Archive
2018-01-17,15:36,"Vàng SJC 1L, 10L, 1KG (Vàng miếng 99.99%)",TP. Hồ Chí Minh,36670000,36870000,3667000,3687000,36770000,3677000,200000,Giavang Archive
2018-01-18,15:07,"Vàng SJC 1L, 10L, 1KG (Vàng miếng 99.99%)",TP. Hồ Chí Minh,36570000,36770000,3657000,3677000,36670000,3667000,200000,Giavang Archive
2018-01-19,16:18,"Vàng SJC 1L, 10L, 1KG (Vàng miếng 99.99%)",TP. Hồ Chí Minh,36690000,36860000,3669000,3686000,36775000,3677500,170000,Giavang Archive
2018-01-20,08:34,"Vàng SJC 1L, 10L, 1KG (Vàng miếng 99.99%)",TP. Hồ Chí Minh,36680000,36850000,3668000,3685000,36765000,3676500,170000,Giavang Archive
2018-01-21,08:34,"Vàng SJC 1L, 10L, 1KG (Vàng miếng 99.99%)",TP. Hồ Chí Minh,36680000,36850000,3668000,3685000,36765000,3676500,170000,Giavang Archive
2018-01-22,15:19,"Vàng SJC 1L, 10L, 1KG (Vàng miếng 99.99%)",TP. Hồ Chí Minh,36700000,36870000,3670000,3687000,36785000,3678500,170000,Giavang Archive
2018-01-23,13:33,"Vàng SJC 1L, 10L, 1KG (Vàng miếng 99.99%)",TP. Hồ Chí Minh,36710000,36880000,3671000,3688000,36795000,3679500,170000,Giavang Archive
2018-01-24,16:01,"Vàng SJC 1L, 10L, 1KG (Vàng miếng 99.99%)",TP. Hồ Chí Minh,36810000,36980000,3681000,3698000,36895000,3689500,170000,Giavang Archive
2018-01-25,16:25,"Vàng SJC 1L, 10L, 1KG (Vàng miếng 99.99%)",TP. Hồ Chí Minh,36960000,37160000,3696000,3716000,37060000,3706000,200000,Giavang Archive
2018-01-26,15:11,"Vàng SJC 1L, 10L, 1KG (Vàng miếng 99.99%)",TP. Hồ Chí Minh,36950000,37150000,3695000,3715000,37050000,3705000,200000,Giavang Archive
2018-01-27,10:41,"Vàng SJC 1L, 10L, 1KG (Vàng miếng 99.99%)",TP. Hồ Chí Minh,36900000,37100000,3690000,3710000,37000000,3700000,200000,Giavang Archive
2018-01-28,10:41,"Vàng SJC 1L, 10L, 1KG (Vàng miếng 99.99%)",TP. Hồ Chí Minh,36900000,37100000,3690000,3710000,37000000,3700000,200000,Giavang Archive
2018-01-29,15:55,"Vàng SJC 1L, 10L, 1KG (Vàng miếng 99.99%)",TP. Hồ Chí Minh,36800000,36980000,3680000,3698000,36890000,3689000,180000,Giavang Archive
2018-01-30,16:36,"Vàng SJC 1L, 10L, 1KG (Vàng miếng 99.99%)",TP. Hồ Chí Minh,36690000,36890000,3669000,3689000,36790000,3679000,200000,Giavang Archive
2018-01-31,16:05,"Vàng SJC 1L, 10L, 1KG (Vàng miếng 99.99%)",TP. Hồ Chí Minh,36680000,36880000,3668000,3688000,36780000,3678000,200000,Giavang Archive
2018-02-01,14:33,"Vàng SJC 1L, 10L, 1KG (Vàng miếng 99.99%)",TP. Hồ Chí Minh,36670000,36870000,3667000,3687000,36770000,3677000,200000,Giavang Archive
2018-02-02,16:49,"Vàng SJC 1L, 10L, 1KG (Vàng miếng 99.99%)",TP. Hồ Chí Minh,36760000,36920000,3676000,3692000,36840000,3684000,160000,Giavang Archive
2018-02-03,10:15,"Vàng SJC 1L, 10L, 1KG (Vàng miếng 99.99%)",TP. Hồ Chí Minh,36710000,36880000,3671000,3688000,36795000,3679500,170000,Giavang Archive
2018-02-04,10:15,"Vàng SJC 1L, 10L, 1KG (Vàng miếng 99.99%)",TP. Hồ Chí Minh,36710000,36880000,3671000,3688000,36795000,3679500,170000,Giavang Archive
2018-02-05,14:04,"Vàng SJC 1L, 10L, 1KG (Vàng miếng 99.99%)",TP. Hồ Chí Minh,36670000,36840000,3667000,3684000,36755000,3675500,170000,Giavang Archive
2018-02-06,15:54,"Vàng SJC 1L, 10L, 1KG (Vàng miếng 99.99%)",TP. Hồ Chí Minh,36750000,36920000,3675000,3692000,36835000,3683500,170000,Giavang Archive
2018-02-07,13:56,"Vàng SJC 1L, 10L, 1KG (Vàng miếng 99.99%)",TP. Hồ Chí Minh,36700000,36870000,3670000,3687000,36785000,3678500,170000,Giavang Archive
2018-02-08,15:35,"Vàng SJC 1L, 10L, 1KG (Vàng miếng 99.99%)",TP. Hồ Chí Minh,36530000,36700000,3653000,3670000,36615000,3661500,170000,Giavang Archive
2018-02-09,16:16,"Vàng SJC 1L, 10L, 1KG (Vàng miếng 99.99%)",TP. Hồ Chí Minh,36600000,36780000,3660000,3678000,36690000,3669000,180000,Giavang Archive
2018-02-10,10:54,"Vàng SJC 1L, 10L, 1KG (Vàng miếng 99.99%)",TP. Hồ Chí Minh,36700000,36930000,3670000,3693000,36815000,3681500,230000,Giavang Archive
2018-02-11,10:54,"Vàng SJC 1L, 10L, 1KG (Vàng miếng 99.99%)",TP. Hồ Chí Minh,36700000,36930000,3670000,3693000,36815000,3681500,230000,Giavang Archive
2018-02-12,15:00,"Vàng SJC 1L, 10L, 1KG (Vàng miếng 99.99%)",TP. Hồ Chí Minh,36820000,37040000,3682000,3704000,36930000,3693000,220000,Giavang Archive
2018-02-13,15:19,"Vàng SJC 1L, 10L, 1KG (Vàng miếng 99.99%)",TP. Hồ Chí Minh,36920000,37120000,3692000,3712000,37020000,3702000,200000,Giavang Archive
2018-02-14,15:19,"Vàng SJC 1L, 10L, 1KG (Vàng miếng 99.99%)",TP. Hồ Chí Minh,36920000,37120000,3692000,3712000,37020000,3702000,200000,Giavang Archive
2018-02-15,15:19,"Vàng SJC 1L, 10L, 1KG (Vàng miếng 99.99%)",TP. Hồ Chí Minh,36920000,37120000,3692000,3712000,37020000,3702000,200000,Giavang Archive
2018-02-16,15:19,"Vàng SJC 1L, 10L, 1KG (Vàng miếng 99.99%)",TP. Hồ Chí Minh,36920000,37120000,3692000,3712000,37020000,3702000,200000,Giavang Archive
2018-02-17,15:19,"Vàng SJC 1L, 10L, 1KG (Vàng miếng 99.99%)",TP. Hồ Chí Minh,36920000,37120000,3692000,3712000,37020000,3702000,200000,Giavang Archive
2018-02-18,15:19,"Vàng SJC 1L, 10L, 1KG (Vàng miếng 99.99%)",TP. Hồ Chí Minh,36920000,37120000,3692000,3712000,37020000,3702000,200000,Giavang Archive
2018-02-19,15:19,"Vàng SJC 1L, 10L, 1KG (Vàng miếng 99.99%)",TP. Hồ Chí Minh,36920000,37120000,3692000,3712000,37020000,3702000,200000,Giavang Archive
2018-02-20,15:19,"Vàng SJC 1L, 10L, 1KG (Vàng miếng 99.99%)",TP. Hồ Chí Minh,36920000,37120000,3692000,3712000,37020000,3702000,200000,Giavang Archive
2018-02-21,10:35,"Vàng SJC 1L, 10L, 1KG (Vàng miếng 99.99%)",TP. Hồ Chí Minh,36870000,37120000,3687000,3712000,36995000,3699500,250000,Giavang Archive
2018-02-22,16:14,"Vàng SJC 1L, 10L, 1KG (Vàng miếng 99.99%)",TP. Hồ Chí Minh,36880000,37010000,3688000,3701000,36945000,3694500,130000,Giavang Archive
2018-02-23,14:58,"Vàng SJC 1L, 10L, 1KG (Vàng miếng 99.99%)",TP. Hồ Chí Minh,36860000,36990000,3686000,3699000,36925000,3692500,130000,Giavang Archive
2018-02-24,14:31,"Vàng SJC 1L, 10L, 1KG (Vàng miếng 99.99%)",TP. Hồ Chí Minh,36800000,36980000,3680000,3698000,36890000,3689000,180000,Giavang Archive
2018-02-25,08:47,"Vàng SJC 1L, 10L, 1KG (Vàng miếng 99.99%)",TP. Hồ Chí Minh,36750000,37050000,3675000,3705000,36900000,3690000,300000,Giavang Archive
2018-02-26,13:31,"Vàng SJC 1L, 10L, 1KG (Vàng miếng 99.99%)",TP. Hồ Chí Minh,36800000,36950000,3680000,3695000,36875000,3687500,150000,Giavang Archive
2018-02-27,13:54,"Vàng SJC 1L, 10L, 1KG (Vàng miếng 99.99%)",TP. Hồ Chí Minh,36770000,36920000,3677000,3692000,36845000,3684500,150000,Giavang Archive
2018-02-28,15:47,"Vàng SJC 1L, 10L, 1KG (Vàng miếng 99.99%)",TP. Hồ Chí Minh,36540000,36700000,3654000,3670000,36620000,3662000,160000,Giavang Archive
2018-03-01,15:50,"Vàng SJC 1L, 10L, 1KG (Vàng miếng 99.99%)",TP. Hồ Chí Minh,36510000,36690000,3651000,3669000,36600000,3660000,180000,Giavang Archive
2018-03-02,15:37,"Vàng SJC 1L, 10L, 1KG (Vàng miếng 99.99%)",TP. Hồ Chí Minh,36610000,36770000,3661000,3677000,36690000,3669000,160000,Giavang Archive
2018-03-03,08:20,"Vàng SJC 1L, 10L, 1KG (Vàng miếng 99.99%)",TP. Hồ Chí Minh,36620000,36820000,3662000,3682000,36720000,3672000,200000,Giavang Archive
2018-03-04,08:20,"Vàng SJC 1L, 10L, 1KG (Vàng miếng 99.99%)",TP. Hồ Chí Minh,36620000,36820000,3662000,3682000,36720000,3672000,200000,Giavang Archive
2018-03-05,16:23,"Vàng SJC 1L, 10L, 1KG (Vàng miếng 99.99%)",TP. Hồ Chí Minh,36680000,36860000,3668000,3686000,36770000,3677000,180000,Giavang Archive
2018-03-06,09:30,"Vàng SJC 1L, 10L, 1KG (Vàng miếng 99.99%)",TP. Hồ Chí Minh,36640000,36820000,3664000,3682000,36730000,3673000,180000,Giavang Archive
2018-03-07,15:16,"Vàng SJC 1L, 10L, 1KG (Vàng miếng 99.99%)",TP. Hồ Chí Minh,36660000,36840000,3666000,3684000,36750000,3675000,180000,Giavang Archive
2018-03-08,08:48,"Vàng SJC 1L, 10L, 1KG (Vàng miếng 99.99%)",TP. Hồ Chí Minh,36640000,36820000,3664000,3682000,36730000,3673000,180000,Giavang Archive
2018-03-09,16:21,"Vàng SJC 1L, 10L, 1KG (Vàng miếng 99.99%)",TP. Hồ Chí Minh,36590000,36770000,3659000,3677000,36680000,3668000,180000,Giavang Archive
2018-03-10,09:53,"Vàng SJC 1L, 10L, 1KG (Vàng miếng 99.99%)",TP. Hồ Chí Minh,36620000,36820000,3662000,3682000,36720000,3672000,200000,Giavang Archive
2018-03-11,09:53,"Vàng SJC 1L, 10L, 1KG (Vàng miếng 99.99%)",TP. Hồ Chí Minh,36620000,36820000,3662000,3682000,36720000,3672000,200000,Giavang Archive
2018-03-12,14:41,"Vàng SJC 1L, 10L, 1KG (Vàng miếng 99.99%)",TP. Hồ Chí Minh,36580000,36760000,3658000,3676000,36670000,3667000,180000,Giavang Archive
2018-03-13,16:09,"Vàng SJC 1L, 10L, 1KG (Vàng miếng 99.99%)",TP. Hồ Chí Minh,36550000,36730000,3655000,3673000,36640000,3664000,180000,Giavang Archive
2018-03-14,14:51,"Vàng SJC 1L, 10L, 1KG (Vàng miếng 99.99%)",TP. Hồ Chí Minh,36580000,36760000,3658000,3676000,36670000,3667000,180000,Giavang Archive
2018-03-15,16:06,"Vàng SJC 1L, 10L, 1KG (Vàng miếng 99.99%)",TP. Hồ Chí Minh,36580000,36760000,3658000,3676000,36670000,3667000,180000,Giavang Archive
2018-03-16,17:00,"Vàng SJC 1L, 10L, 1KG (Vàng miếng 99.99%)",TP. Hồ Chí Minh,36570000,36750000,3657000,3675000,36660000,3666000,180000,Giavang Archive
2018-03-17,10:31,"Vàng SJC 1L, 10L, 1KG (Vàng miếng 99.99%)",TP. Hồ Chí Minh,36550000,36730000,3655000,3673000,36640000,3664000,180000,Giavang Archive
2018-03-18,10:31,"Vàng SJC 1L, 10L, 1KG (Vàng miếng 99.99%)",TP. Hồ Chí Minh,36550000,36730000,3655000,3673000,36640000,3664000,180000,Giavang Archive
2018-03-19,15:10,"Vàng SJC 1L, 10L, 1KG (Vàng miếng 99.99%)",TP. Hồ Chí Minh,36490000,36670000,3649000,3667000,36580000,3658000,180000,Giavang Archive
2018-03-20,13:45,"Vàng SJC 1L, 10L, 1KG (Vàng miếng 99.99%)",TP. Hồ Chí Minh,36510000,36690000,3651000,3669000,36600000,3660000,180000,Giavang Archive
2018-03-21,16:04,"Vàng SJC 1L, 10L, 1KG (Vàng miếng 99.99%)",TP. Hồ Chí Minh,36520000,36700000,3652000,3670000,36610000,3661000,180000,Giavang Archive
2018-03-22,08:41,"Vàng SJC 1L, 10L, 1KG (Vàng miếng 99.99%)",TP. Hồ Chí Minh,36600000,36780000,3660000,3678000,36690000,3669000,180000,Giavang Archive
2018-03-23,09:27,"Vàng SJC 1L, 10L, 1KG (Vàng miếng 99.99%)",TP. Hồ Chí Minh,36710000,36890000,3671000,3689000,36800000,3680000,180000,Giavang Archive
2018-03-24,08:30,"Vàng SJC 1L, 10L, 1KG (Vàng miếng 99.99%)",TP. Hồ Chí Minh,36840000,37040000,3684000,3704000,36940000,3694000,200000,Giavang Archive
2018-03-25,08:30,"Vàng SJC 1L, 10L, 1KG (Vàng miếng 99.99%)",TP. Hồ Chí Minh,36840000,37040000,3684000,3704000,36940000,3694000,200000,Giavang Archive
2018-03-26,08:23,"Vàng SJC 1L, 10L, 1KG (Vàng miếng 99.99%)",TP. Hồ Chí Minh,36840000,37020000,3684000,3702000,36930000,3693000,180000,Giavang Archive
2018-03-27,08:32,"Vàng SJC 1L, 10L, 1KG (Vàng miếng 99.99%)",TP. Hồ Chí Minh,36870000,37050000,3687000,3705000,36960000,3696000,180000,Giavang Archive
2018-03-28,08:29,"Vàng SJC 1L, 10L, 1KG (Vàng miếng 99.99%)",TP. Hồ Chí Minh,36720000,36900000,3672000,3690000,36810000,3681000,180000,Giavang Archive
2018-03-29,08:29,"Vàng SJC 1L, 10L, 1KG (Vàng miếng 99.99%)",TP. Hồ Chí Minh,36560000,36730000,3656000,3673000,36645000,3664500,170000,Giavang Archive
2018-03-30,09:55,"Vàng SJC 1L, 10L, 1KG (Vàng miếng 99.99%)",TP. Hồ Chí Minh,36640000,36820000,3664000,3682000,36730000,3673000,180000,Giavang Archive
2018-03-31,08:33,"Vàng SJC 1L, 10L, 1KG (Vàng miếng 99.99%)",TP. Hồ Chí Minh,36620000,36800000,3662000,3680000,36710000,3671000,180000,Giavang Archive
2018-04-01,08:33,"Vàng SJC 1L, 10L, 1KG (Vàng miếng 99.99%)",TP. Hồ Chí Minh,36620000,36800000,3662000,3680000,36710000,3671000,180000,Giavang Archive
2018-04-02,08:30,"Vàng SJC 1L, 10L, 1KG (Vàng miếng 99.99%)",TP. Hồ Chí Minh,36620000,36800000,3662000,3680000,36710000,3671000,180000,Giavang Archive
2018-04-03,08:25,"Vàng SJC 1L, 10L, 1KG (Vàng miếng 99.99%)",TP. Hồ Chí Minh,36680000,36860000,3668000,3686000,36770000,3677000,180000,Giavang Archive
2018-04-04,08:26,"Vàng SJC 1L, 10L, 1KG (Vàng miếng 99.99%)",TP. Hồ Chí Minh,36740000,36920000,3674000,3692000,36830000,3683000,180000,Giavang Archive
2018-04-05,08:28,"Vàng SJC 1L, 10L, 1KG (Vàng miếng 99.99%)",TP. Hồ Chí Minh,36570000,36750000,3657000,3675000,36660000,3666000,180000,Giavang Archive
2018-04-06,08:30,"Vàng SJC 1L, 10L, 1KG (Vàng miếng 99.99%)",TP. Hồ Chí Minh,36600000,36780000,3660000,3678000,36690000,3669000,180000,Giavang Archive
2018-04-07,08:44,"Vàng SJC 1L, 10L, 1KG (Vàng miếng 99.99%)",TP. Hồ Chí Minh,36620000,36820000,3662000,3682000,36720000,3672000,200000,Giavang Archive
2018-04-08,08:44,"Vàng SJC 1L, 10L, 1KG (Vàng miếng 99.99%)",TP. Hồ Chí Minh,36620000,36820000,3662000,3682000,36720000,3672000,200000,Giavang Archive
2018-04-09,08:26,"Vàng SJC 1L, 10L, 1KG (Vàng miếng 99.99%)",TP. Hồ Chí Minh,36620000,36800000,3662000,3680000,36710000,3671000,180000,Giavang Archive
2018-04-10,08:30,"Vàng SJC 1L, 10L, 1KG (Vàng miếng 99.99%)",TP. Hồ Chí Minh,36670000,36850000,3667000,3685000,36760000,3676000,180000,Giavang Archive
2018-04-11,09:14,"Vàng SJC 1L, 10L, 1KG (Vàng miếng 99.99%)",TP. Hồ Chí Minh,36730000,36910000,3673000,3691000,36820000,3682000,180000,Giavang Archive
2018-04-12,08:15,"Vàng SJC 1L, 10L, 1KG (Vàng miếng 99.99%)",TP. Hồ Chí Minh,36840000,37040000,3684000,3704000,36940000,3694000,200000,Giavang Archive
2018-04-13,08:40,"Vàng SJC 1L, 10L, 1KG (Vàng miếng 99.99%)",TP. Hồ Chí Minh,36780000,36960000,3678000,3696000,36870000,3687000,180000,Giavang Archive
2018-04-14,08:43,"Vàng SJC 1L, 10L, 1KG (Vàng miếng 99.99%)",TP. Hồ Chí Minh,36950000,37170000,3695000,3717000,37060000,3706000,220000,Giavang Archive
2018-04-15,08:43,"Vàng SJC 1L, 10L, 1KG (Vàng miếng 99.99%)",TP. Hồ Chí Minh,36950000,37170000,3695000,3717000,37060000,3706000,220000,Giavang Archive
2018-04-16,08:43,"Vàng SJC 1L, 10L, 1KG (Vàng miếng 99.99%)",TP. Hồ Chí Minh,36830000,37030000,3683000,3703000,36930000,3693000,200000,Giavang Archive
2018-04-17,10:05,"Vàng SJC 1L, 10L, 1KG (Vàng miếng 99.99%)",TP. Hồ Chí Minh,36840000,37020000,3684000,3702000,36930000,3693000,180000,Giavang Archive
2018-04-18,08:29,"Vàng SJC 1L, 10L, 1KG (Vàng miếng 99.99%)",TP. Hồ Chí Minh,36810000,36990000,3681000,3699000,36900000,3690000,180000,Giavang Archive
2018-04-19,08:27,"Vàng SJC 1L, 10L, 1KG (Vàng miếng 99.99%)",TP. Hồ Chí Minh,36890000,37090000,3689000,3709000,36990000,3699000,200000,Giavang Archive
2018-04-20,08:29,"Vàng SJC 1L, 10L, 1KG (Vàng miếng 99.99%)",TP. Hồ Chí Minh,36800000,36980000,3680000,3698000,36890000,3689000,180000,Giavang Archive
2018-04-21,08:33,"Vàng SJC 1L, 10L, 1KG (Vàng miếng 99.99%)",TP. Hồ Chí Minh,36730000,36930000,3673000,3693000,36830000,3683000,200000,Giavang Archive
2018-04-22,08:33,"Vàng SJC 1L, 10L, 1KG (Vàng miếng 99.99%)",TP. Hồ Chí Minh,36730000,36930000,3673000,3693000,36830000,3683000,200000,Giavang Archive
2018-04-23,08:21,"Vàng SJC 1L, 10L, 1KG (Vàng miếng 99.99%)",TP. Hồ Chí Minh,36650000,36830000,3665000,3683000,36740000,3674000,180000,Giavang Archive
2018-04-24,08:26,"Vàng SJC 1L, 10L, 1KG (Vàng miếng 99.99%)",TP. Hồ Chí Minh,36640000,36840000,3664000,3684000,36740000,3674000,200000,Giavang Archive
2018-04-25,08:26,"Vàng SJC 1L, 10L, 1KG (Vàng miếng 99.99%)",TP. Hồ Chí Minh,36640000,36840000,3664000,3684000,36740000,3674000,200000,Giavang Archive
2018-04-26,08:24,"Vàng SJC 1L, 10L, 1KG (Vàng miếng 99.99%)",TP. Hồ Chí Minh,36610000,36790000,3661000,3679000,36700000,3670000,180000,Giavang Archive
2018-04-27,08:29,"Vàng SJC 1L, 10L, 1KG (Vàng miếng 99.99%)",TP. Hồ Chí Minh,36620000,36820000,3662000,3682000,36720000,3672000,200000,Giavang Archive
2018-04-28,08:34,"Vàng SJC 1L, 10L, 1KG (Vàng miếng 99.99%)",TP. Hồ Chí Minh,36670000,36870000,3667000,3687000,36770000,3677000,200000,Giavang Archive
2018-04-29,08:34,"Vàng SJC 1L, 10L, 1KG (Vàng miếng 99.99%)",TP. Hồ Chí Minh,36670000,36870000,3667000,3687000,36770000,3677000,200000,Giavang Archive
2018-04-30,08:34,"Vàng SJC 1L, 10L, 1KG (Vàng miếng 99.99%)",TP. Hồ Chí Minh,36670000,36870000,3667000,3687000,36770000,3677000,200000,Giavang Archive
2018-05-01,08:34,"Vàng SJC 1L, 10L, 1KG (Vàng miếng 99.99%)",TP. Hồ Chí Minh,36670000,36870000,3667000,3687000,36770000,3677000,200000,Giavang Archive
2018-05-02,08:23,"Vàng SJC 1L, 10L, 1KG (Vàng miếng 99.99%)",TP. Hồ Chí Minh,36540000,36720000,3654000,3672000,36630000,3663000,180000,Giavang Archive
2018-05-03,08:46,"Vàng SJC 1L, 10L, 1KG (Vàng miếng 99.99%)",TP. Hồ Chí Minh,36570000,36750000,3657000,3675000,36660000,3666000,180000,Giavang Archive
2018-05-04,08:26,"Vàng SJC 1L, 10L, 1KG (Vàng miếng 99.99%)",TP. Hồ Chí Minh,36570000,36750000,3657000,3675000,36660000,3666000,180000,Giavang Archive
2018-05-05,08:23,"Vàng SJC 1L, 10L, 1KG (Vàng miếng 99.99%)",TP. Hồ Chí Minh,36600000,36780000,3660000,3678000,36690000,3669000,180000,Giavang Archive
2018-05-06,08:23,"Vàng SJC 1L, 10L, 1KG (Vàng miếng 99.99%)",TP. Hồ Chí Minh,36600000,36780000,3660000,3678000,36690000,3669000,180000,Giavang Archive
2018-05-07,13:04,"Vàng SJC 1L, 10L, 1KG (Vàng miếng 99.99%)",TP. Hồ Chí Minh,36550000,36730000,3655000,3673000,36640000,3664000,180000,Giavang Archive
2018-05-08,08:45,"Vàng SJC 1L, 10L, 1KG (Vàng miếng 99.99%)",TP. Hồ Chí Minh,36550000,36730000,3655000,3673000,36640000,3664000,180000,Giavang Archive
2018-05-09,14:12,"Vàng SJC 1L, 10L, 1KG (Vàng miếng 99.99%)",TP. Hồ Chí Minh,36540000,36720000,3654000,3672000,36630000,3663000,180000,Giavang Archive
2018-05-10,08:39,"Vàng SJC 1L, 10L, 1KG (Vàng miếng 99.99%)",TP. Hồ Chí Minh,36560000,36740000,3656000,3674000,36650000,3665000,180000,Giavang Archive
2018-05-11,08:32,"Vàng SJC 1L, 10L, 1KG (Vàng miếng 99.99%)",TP. Hồ Chí Minh,36650000,36830000,3665000,3683000,36740000,3674000,180000,Giavang Archive
2018-05-12,08:42,"Vàng SJC 1L, 10L, 1KG (Vàng miếng 99.99%)",TP. Hồ Chí Minh,36620000,36800000,3662000,3680000,36710000,3671000,180000,Giavang Archive
2018-05-13,08:42,"Vàng SJC 1L, 10L, 1KG (Vàng miếng 99.99%)",TP. Hồ Chí Minh,36620000,36800000,3662000,3680000,36710000,3671000,180000,Giavang Archive
2018-05-14,08:57,"Vàng SJC 1L, 10L, 1KG (Vàng miếng 99.99%)",TP. Hồ Chí Minh,36630000,36810000,3663000,3681000,36720000,3672000,180000,Giavang Archive
2018-05-15,08:30,"Vàng SJC 1L, 10L, 1KG (Vàng miếng 99.99%)",TP. Hồ Chí Minh,36550000,36730000,3655000,3673000,36640000,3664000,180000,Giavang Archive
2018-05-16,08:36,"Vàng SJC 1L, 10L, 1KG (Vàng miếng 99.99%)",TP. Hồ Chí Minh,36480000,36680000,3648000,3668000,36580000,3658000,200000,Giavang Archive
2018-05-17,08:44,"Vàng SJC 1L, 10L, 1KG (Vàng miếng 99.99%)",TP. Hồ Chí Minh,36460000,36660000,3646000,3666000,36560000,3656000,200000,Giavang Archive
2018-05-18,08:44,"Vàng SJC 1L, 10L, 1KG (Vàng miếng 99.99%)",TP. Hồ Chí Minh,36480000,36680000,3648000,3668000,36580000,3658000,200000,Giavang Archive
2018-05-19,08:34,"Vàng SJC 1L, 10L, 1KG (Vàng miếng 99.99%)",TP. Hồ Chí Minh,36550000,36750000,3655000,3675000,36650000,3665000,200000,Giavang Archive
2018-05-20,08:34,"Vàng SJC 1L, 10L, 1KG (Vàng miếng 99.99%)",TP. Hồ Chí Minh,36550000,36750000,3655000,3675000,36650000,3665000,200000,Giavang Archive
2018-05-21,09:33,"Vàng SJC 1L, 10L, 1KG (Vàng miếng 99.99%)",TP. Hồ Chí Minh,36490000,36690000,3649000,3669000,36590000,3659000,200000,Giavang Archive
2018-05-22,08:31,"Vàng SJC 1L, 10L, 1KG (Vàng miếng 99.99%)",TP. Hồ Chí Minh,36500000,36700000,3650000,3670000,36600000,3660000,200000,Giavang Archive
2018-05-23,08:31,"Vàng SJC 1L, 10L, 1KG (Vàng miếng 99.99%)",TP. Hồ Chí Minh,36500000,36700000,3650000,3670000,36600000,3660000,200000,Giavang Archive
2018-05-24,08:31,"Vàng SJC 1L, 10L, 1KG (Vàng miếng 99.99%)",TP. Hồ Chí Minh,36540000,36700000,3654000,3670000,36620000,3662000,160000,Giavang Archive
2018-05-25,08:52,"Vàng SJC 1L, 10L, 1KG (Vàng miếng 99.99%)",TP. Hồ Chí Minh,36600000,36750000,3660000,3675000,36675000,3667500,150000,Giavang Archive
2018-05-26,08:34,"Vàng SJC 1L, 10L, 1KG (Vàng miếng 99.99%)",TP. Hồ Chí Minh,36580000,36730000,3658000,3673000,36655000,3665500,150000,Giavang Archive
2018-05-27,08:34,"Vàng SJC 1L, 10L, 1KG (Vàng miếng 99.99%)",TP. Hồ Chí Minh,36580000,36730000,3658000,3673000,36655000,3665500,150000,Giavang Archive
2018-05-28,08:27,"Vàng SJC 1L, 10L, 1KG (Vàng miếng 99.99%)",TP. Hồ Chí Minh,36550000,36690000,3655000,3669000,36620000,3662000,140000,Giavang Archive
2018-05-29,08:31,"Vàng SJC 1L, 10L, 1KG (Vàng miếng 99.99%)",TP. Hồ Chí Minh,36590000,36740000,3659000,3674000,36665000,3666500,150000,Giavang Archive
2018-05-30,08:30,"Vàng SJC 1L, 10L, 1KG (Vàng miếng 99.99%)",TP. Hồ Chí Minh,36550000,36700000,3655000,3670000,36625000,3662500,150000,Giavang Archive
2018-05-31,08:30,"Vàng SJC 1L, 10L, 1KG (Vàng miếng 99.99%)",TP. Hồ Chí Minh,36570000,36720000,3657000,3672000,36645000,3664500,150000,Giavang Archive
2018-06-01,08:34,"Vàng SJC 1L, 10L, 1KG (Vàng miếng 99.99%)",TP. Hồ Chí Minh,36570000,36720000,3657000,3672000,36645000,3664500,150000,Giavang Archive
2018-06-02,08:39,"Vàng SJC 1L, 10L, 1KG (Vàng miếng 99.99%)",TP. Hồ Chí Minh,36560000,36710000,3656000,3671000,36635000,3663500,150000,Giavang Archive
2018-06-03,08:39,"Vàng SJC 1L, 10L, 1KG (Vàng miếng 99.99%)",TP. Hồ Chí Minh,36560000,36710000,3656000,3671000,36635000,3663500,150000,Giavang Archive
2018-06-04,08:32,"Vàng SJC 1L, 10L, 1KG (Vàng miếng 99.99%)",TP. Hồ Chí Minh,36550000,36700000,3655000,3670000,36625000,3662500,150000,Giavang Archive
2018-06-05,08:25,"Vàng SJC 1L, 10L, 1KG (Vàng miếng 99.99%)",TP. Hồ Chí Minh,36560000,36710000,3656000,3671000,36635000,3663500,150000,Giavang Archive
2018-06-06,08:29,"Vàng SJC 1L, 10L, 1KG (Vàng miếng 99.99%)",TP. Hồ Chí Minh,36560000,36720000,3656000,3672000,36640000,3664000,160000,Giavang Archive
2018-06-07,08:24,"Vàng SJC 1L, 10L, 1KG (Vàng miếng 99.99%)",TP. Hồ Chí Minh,36590000,36750000,3659000,3675000,36670000,3667000,160000,Giavang Archive
2018-06-08,08:32,"Vàng SJC 1L, 10L, 1KG (Vàng miếng 99.99%)",TP. Hồ Chí Minh,36610000,36770000,3661000,3677000,36690000,3669000,160000,Giavang Archive
2018-06-09,08:33,"Vàng SJC 1L, 10L, 1KG (Vàng miếng 99.99%)",TP. Hồ Chí Minh,36660000,36820000,3666000,3682000,36740000,3674000,160000,Giavang Archive
2018-06-10,08:33,"Vàng SJC 1L, 10L, 1KG (Vàng miếng 99.99%)",TP. Hồ Chí Minh,36660000,36820000,3666000,3682000,36740000,3674000,160000,Giavang Archive
2018-06-11,08:32,"Vàng SJC 1L, 10L, 1KG (Vàng miếng 99.99%)",TP. Hồ Chí Minh,36780000,36960000,3678000,3696000,36870000,3687000,180000,Giavang Archive
2018-06-12,08:59,"Vàng SJC 1L, 10L, 1KG (Vàng miếng 99.99%)",TP. Hồ Chí Minh,36850000,37030000,3685000,3703000,36940000,3694000,180000,Giavang Archive
2018-06-13,08:30,"Vàng SJC 1L, 10L, 1KG (Vàng miếng 99.99%)",TP. Hồ Chí Minh,36770000,36970000,3677000,3697000,36870000,3687000,200000,Giavang Archive
2018-06-14,08:48,"Vàng SJC 1L, 10L, 1KG (Vàng miếng 99.99%)",TP. Hồ Chí Minh,36800000,37000000,3680000,3700000,36900000,3690000,200000,Giavang Archive
2018-06-15,08:24,"Vàng SJC 1L, 10L, 1KG (Vàng miếng 99.99%)",TP. Hồ Chí Minh,36770000,36970000,3677000,3697000,36870000,3687000,200000,Giavang Archive
2018-06-16,08:24,"Vàng SJC 1L, 10L, 1KG (Vàng miếng 99.99%)",TP. Hồ Chí Minh,36690000,36890000,3669000,3689000,36790000,3679000,200000,Giavang Archive
2018-06-17,08:24,"Vàng SJC 1L, 10L, 1KG (Vàng miếng 99.99%)",TP. Hồ Chí Minh,36690000,36890000,3669000,3689000,36790000,3679000,200000,Giavang Archive
2018-06-18,08:54,"Vàng SJC 1L, 10L, 1KG (Vàng miếng 99.99%)",TP. Hồ Chí Minh,36740000,36920000,3674000,3692000,36830000,3683000,180000,Giavang Archive
2018-06-19,08:33,"Vàng SJC 1L, 10L, 1KG (Vàng miếng 99.99%)",TP. Hồ Chí Minh,36760000,36940000,3676000,3694000,36850000,3685000,180000,Giavang Archive
2018-06-20,09:11,"Vàng SJC 1L, 10L, 1KG (Vàng miếng 99.99%)",TP. Hồ Chí Minh,36740000,36920000,3674000,3692000,36830000,3683000,180000,Giavang Archive
2018-06-21,08:57,"Vàng SJC 1L, 10L, 1KG (Vàng miếng 99.99%)",TP. Hồ Chí Minh,36650000,36830000,3665000,3683000,36740000,3674000,180000,Giavang Archive
2018-06-22,08:26,"Vàng SJC 1L, 10L, 1KG (Vàng miếng 99.99%)",TP. Hồ Chí Minh,36790000,36970000,3679000,3697000,36880000,3688000,180000,Giavang Archive
2018-06-23,08:31,"Vàng SJC 1L, 10L, 1KG (Vàng miếng 99.99%)",TP. Hồ Chí Minh,36770000,36970000,3677000,3697000,36870000,3687000,200000,Giavang Archive
2018-06-24,08:31,"Vàng SJC 1L, 10L, 1KG (Vàng miếng 99.99%)",TP. Hồ Chí Minh,36770000,36970000,3677000,3697000,36870000,3687000,200000,Giavang Archive
2018-06-25,09:32,"Vàng SJC 1L, 10L, 1KG (Vàng miếng 99.99%)",TP. Hồ Chí Minh,36750000,36920000,3675000,3692000,36835000,3683500,170000,Giavang Archive
2018-06-26,08:27,"Vàng SJC 1L, 10L, 1KG (Vàng miếng 99.99%)",TP. Hồ Chí Minh,36700000,36850000,3670000,3685000,36775000,3677500,150000,Giavang Archive
2018-06-27,08:35,"Vàng SJC 1L, 10L, 1KG (Vàng miếng 99.99%)",TP. Hồ Chí Minh,36690000,36860000,3669000,3686000,36775000,3677500,170000,Giavang Archive
2018-06-28,08:46,"Vàng SJC 1L, 10L, 1KG (Vàng miếng 99.99%)",TP. Hồ Chí Minh,36640000,36810000,3664000,3681000,36725000,3672500,170000,Giavang Archive
2018-06-29,08:41,"Vàng SJC 1L, 10L, 1KG (Vàng miếng 99.99%)",TP. Hồ Chí Minh,36610000,36780000,3661000,3678000,36695000,3669500,170000,Giavang Archive
2018-06-30,09:19,"Vàng SJC 1L, 10L, 1KG (Vàng miếng 99.99%)",TP. Hồ Chí Minh,36640000,36820000,3664000,3682000,36730000,3673000,180000,Giavang Archive
2018-07-01,09:19,"Vàng SJC 1L, 10L, 1KG (Vàng miếng 99.99%)",TP. Hồ Chí Minh,36640000,36820000,3664000,3682000,36730000,3673000,180000,Giavang Archive
2018-07-02,08:29,"Vàng SJC 1L, 10L, 1KG (Vàng miếng 99.99%)",TP. Hồ Chí Minh,36700000,36880000,3670000,3688000,36790000,3679000,180000,Giavang Archive
2018-07-03,08:32,"Vàng SJC 1L, 10L, 1KG (Vàng miếng 99.99%)",TP. Hồ Chí Minh,36670000,36860000,3667000,3686000,36765000,3676500,190000,Giavang Archive
2018-07-04,09:04,"Vàng SJC 1L, 10L, 1KG (Vàng miếng 99.99%)",TP. Hồ Chí Minh,36680000,36870000,3668000,3687000,36775000,3677500,190000,Giavang Archive
2018-07-05,08:44,"Vàng SJC 1L, 10L, 1KG (Vàng miếng 99.99%)",TP. Hồ Chí Minh,36690000,36880000,3669000,3688000,36785000,3678500,190000,Giavang Archive
2018-07-06,08:34,"Vàng SJC 1L, 10L, 1KG (Vàng miếng 99.99%)",TP. Hồ Chí Minh,36750000,36930000,3675000,3693000,36840000,3684000,180000,Giavang Archive
2018-07-07,08:29,"Vàng SJC 1L, 10L, 1KG (Vàng miếng 99.99%)",TP. Hồ Chí Minh,36750000,36930000,3675000,3693000,36840000,3684000,180000,Giavang Archive
2018-07-08,08:29,"Vàng SJC 1L, 10L, 1KG (Vàng miếng 99.99%)",TP. Hồ Chí Minh,36750000,36930000,3675000,3693000,36840000,3684000,180000,Giavang Archive
2018-07-09,08:29,"Vàng SJC 1L, 10L, 1KG (Vàng miếng 99.99%)",TP. Hồ Chí Minh,36840000,37020000,3684000,3702000,36930000,3693000,180000,Giavang Archive
2018-07-10,08:33,"Vàng SJC 1L, 10L, 1KG (Vàng miếng 99.99%)",TP. Hồ Chí Minh,36800000,36980000,3680000,3698000,36890000,3689000,180000,Giavang Archive
2018-07-11,08:35,"Vàng SJC 1L, 10L, 1KG (Vàng miếng 99.99%)",TP. Hồ Chí Minh,36830000,37010000,3683000,3701000,36920000,3692000,180000,Giavang Archive
2018-07-12,08:37,"Vàng SJC 1L, 10L, 1KG (Vàng miếng 99.99%)",TP. Hồ Chí Minh,36790000,36970000,3679000,3697000,36880000,3688000,180000,Giavang Archive
2018-07-13,08:27,"Vàng SJC 1L, 10L, 1KG (Vàng miếng 99.99%)",TP. Hồ Chí Minh,36820000,37000000,3682000,3700000,36910000,3691000,180000,Giavang Archive
2018-07-14,08:33,"Vàng SJC 1L, 10L, 1KG (Vàng miếng 99.99%)",TP. Hồ Chí Minh,36830000,37010000,3683000,3701000,36920000,3692000,180000,Giavang Archive
2018-07-15,08:33,"Vàng SJC 1L, 10L, 1KG (Vàng miếng 99.99%)",TP. Hồ Chí Minh,36830000,37010000,3683000,3701000,36920000,3692000,180000,Giavang Archive
2018-07-16,08:37,"Vàng SJC 1L, 10L, 1KG (Vàng miếng 99.99%)",TP. Hồ Chí Minh,36780000,36960000,3678000,3696000,36870000,3687000,180000,Giavang Archive
2018-07-17,09:32,"Vàng SJC 1L, 10L, 1KG (Vàng miếng 99.99%)",TP. Hồ Chí Minh,36760000,36940000,3676000,3694000,36850000,3685000,180000,Giavang Archive
2018-07-18,08:36,"Vàng SJC 1L, 10L, 1KG (Vàng miếng 99.99%)",TP. Hồ Chí Minh,36590000,36770000,3659000,3677000,36680000,3668000,180000,Giavang Archive
2018-07-19,08:30,"Vàng SJC 1L, 10L, 1KG (Vàng miếng 99.99%)",TP. Hồ Chí Minh,36530000,36710000,3653000,3671000,36620000,3662000,180000,Giavang Archive
2018-07-20,08:32,"Vàng SJC 1L, 10L, 1KG (Vàng miếng 99.99%)",TP. Hồ Chí Minh,36650000,36830000,3665000,3683000,36740000,3674000,180000,Giavang Archive
2018-07-21,08:38,"Vàng SJC 1L, 10L, 1KG (Vàng miếng 99.99%)",TP. Hồ Chí Minh,36740000,36920000,3674000,3692000,36830000,3683000,180000,Giavang Archive
2018-07-22,08:38,"Vàng SJC 1L, 10L, 1KG (Vàng miếng 99.99%)",TP. Hồ Chí Minh,36740000,36920000,3674000,3692000,36830000,3683000,180000,Giavang Archive
2018-07-23,08:44,"Vàng SJC 1L, 10L, 1KG (Vàng miếng 99.99%)",TP. Hồ Chí Minh,36720000,36900000,3672000,3690000,36810000,3681000,180000,Giavang Archive
2018-07-24,08:31,"Vàng SJC 1L, 10L, 1KG (Vàng miếng 99.99%)",TP. Hồ Chí Minh,36740000,36920000,3674000,3692000,36830000,3683000,180000,Giavang Archive
2018-07-25,08:33,"Vàng SJC 1L, 10L, 1KG (Vàng miếng 99.99%)",TP. Hồ Chí Minh,36770000,36950000,3677000,3695000,36860000,3686000,180000,Giavang Archive
2018-07-26,08:31,"Vàng SJC 1L, 10L, 1KG (Vàng miếng 99.99%)",TP. Hồ Chí Minh,36700000,36880000,3670000,3688000,36790000,3679000,180000,Giavang Archive
2018-07-27,08:27,"Vàng SJC 1L, 10L, 1KG (Vàng miếng 99.99%)",TP. Hồ Chí Minh,36700000,36880000,3670000,3688000,36790000,3679000,180000,Giavang Archive
2018-07-28,08:36,"Vàng SJC 1L, 10L, 1KG (Vàng miếng 99.99%)",TP. Hồ Chí Minh,36720000,36900000,3672000,3690000,36810000,3681000,180000,Giavang Archive
2018-07-29,08:36,"Vàng SJC 1L, 10L, 1KG (Vàng miếng 99.99%)",TP. Hồ Chí Minh,36720000,36900000,3672000,3690000,36810000,3681000,180000,Giavang Archive
2018-07-30,08:30,"Vàng SJC 1L, 10L, 1KG (Vàng miếng 99.99%)",TP. Hồ Chí Minh,36710000,36890000,3671000,3689000,36800000,3680000,180000,Giavang Archive
2018-07-31,08:25,"Vàng SJC 1L, 10L, 1KG (Vàng miếng 99.99%)",TP. Hồ Chí Minh,36660000,36840000,3666000,3684000,36750000,3675000,180000,Giavang Archive
2018-08-01,08:26,"Vàng SJC 1L, 10L, 1KG (Vàng miếng 99.99%)",TP. Hồ Chí Minh,36660000,36840000,3666000,3684000,36750000,3675000,180000,Giavang Archive
2018-08-02,08:53,"Vàng SJC 1L, 10L, 1KG (Vàng miếng 99.99%)",TP. Hồ Chí Minh,36600000,36780000,3660000,3678000,36690000,3669000,180000,Giavang Archive
2018-08-03,08:30,"Vàng SJC 1L, 10L, 1KG (Vàng miếng 99.99%)",TP. Hồ Chí Minh,36610000,36790000,3661000,3679000,36700000,3670000,180000,Giavang Archive
2018-08-04,08:42,"Vàng SJC 1L, 10L, 1KG (Vàng miếng 99.99%)",TP. Hồ Chí Minh,36660000,36840000,3666000,3684000,36750000,3675000,180000,Giavang Archive
2018-08-05,08:42,"Vàng SJC 1L, 10L, 1KG (Vàng miếng 99.99%)",TP. Hồ Chí Minh,36660000,36840000,3666000,3684000,36750000,3675000,180000,Giavang Archive
2018-08-06,08:30,"Vàng SJC 1L, 10L, 1KG (Vàng miếng 99.99%)",TP. Hồ Chí Minh,36650000,36830000,3665000,3683000,36740000,3674000,180000,Giavang Archive
2018-08-07,09:52,"Vàng SJC 1L, 10L, 1KG (Vàng miếng 99.99%)",TP. Hồ Chí Minh,36680000,36860000,3668000,3686000,36770000,3677000,180000,Giavang Archive
2018-08-08,08:39,"Vàng SJC 1L, 10L, 1KG (Vàng miếng 99.99%)",TP. Hồ Chí Minh,36630000,36810000,3663000,3681000,36720000,3672000,180000,Giavang Archive
2018-08-09,08:37,"Vàng SJC 1L, 10L, 1KG (Vàng miếng 99.99%)",TP. Hồ Chí Minh,36610000,36780000,3661000,3678000,36695000,3669500,170000,Giavang Archive
2018-08-10,08:29,"Vàng SJC 1L, 10L, 1KG (Vàng miếng 99.99%)",TP. Hồ Chí Minh,36620000,36790000,3662000,3679000,36705000,3670500,170000,Giavang Archive
2018-08-11,08:26,"Vàng SJC 1L, 10L, 1KG (Vàng miếng 99.99%)",TP. Hồ Chí Minh,36640000,36820000,3664000,3682000,36730000,3673000,180000,Giavang Archive
2018-08-12,08:26,"Vàng SJC 1L, 10L, 1KG (Vàng miếng 99.99%)",TP. Hồ Chí Minh,36640000,36820000,3664000,3682000,36730000,3673000,180000,Giavang Archive
2018-08-13,08:37,"Vàng SJC 1L, 10L, 1KG (Vàng miếng 99.99%)",TP. Hồ Chí Minh,36590000,36770000,3659000,3677000,36680000,3668000,180000,Giavang Archive
2018-08-14,08:33,"Vàng SJC 1L, 10L, 1KG (Vàng miếng 99.99%)",TP. Hồ Chí Minh,36560000,36740000,3656000,3674000,36650000,3665000,180000,Giavang Archive
2018-08-15,08:30,"Vàng SJC 1L, 10L, 1KG (Vàng miếng 99.99%)",TP. Hồ Chí Minh,36540000,36720000,3654000,3672000,36630000,3663000,180000,Giavang Archive
2018-08-16,08:37,"Vàng SJC 1L, 10L, 1KG (Vàng miếng 99.99%)",TP. Hồ Chí Minh,36560000,36740000,3656000,3674000,36650000,3665000,180000,Giavang Archive
2018-08-17,08:26,"Vàng SJC 1L, 10L, 1KG (Vàng miếng 99.99%)",TP. Hồ Chí Minh,36550000,36730000,3655000,3673000,36640000,3664000,180000,Giavang Archive
2018-08-18,08:31,"Vàng SJC 1L, 10L, 1KG (Vàng miếng 99.99%)",TP. Hồ Chí Minh,36620000,36800000,3662000,3680000,36710000,3671000,180000,Giavang Archive
2018-08-19,08:31,"Vàng SJC 1L, 10L, 1KG (Vàng miếng 99.99%)",TP. Hồ Chí Minh,36620000,36800000,3662000,3680000,36710000,3671000,180000,Giavang Archive
2018-08-20,08:26,"Vàng SJC 1L, 10L, 1KG (Vàng miếng 99.99%)",TP. Hồ Chí Minh,36590000,36770000,3659000,3677000,36680000,3668000,180000,Giavang Archive
2018-08-21,09:10,"Vàng SJC 1L, 10L, 1KG (Vàng miếng 99.99%)",TP. Hồ Chí Minh,36560000,36740000,3656000,3674000,36650000,3665000,180000,Giavang Archive
2018-08-22,08:25,"Vàng SJC 1L, 10L, 1KG (Vàng miếng 99.99%)",TP. Hồ Chí Minh,36580000,36760000,3658000,3676000,36670000,3667000,180000,Giavang Archive
2018-08-23,09:49,"Vàng SJC 1L, 10L, 1KG (Vàng miếng 99.99%)",TP. Hồ Chí Minh,36560000,36740000,3656000,3674000,36650000,3665000,180000,Giavang Archive
2018-08-24,08:38,"Vàng SJC 1L, 10L, 1KG (Vàng miếng 99.99%)",TP. Hồ Chí Minh,36570000,36750000,3657000,3675000,36660000,3666000,180000,Giavang Archive
2018-08-25,08:39,"Vàng SJC 1L, 10L, 1KG (Vàng miếng 99.99%)",TP. Hồ Chí Minh,36640000,36820000,3664000,3682000,36730000,3673000,180000,Giavang Archive
2018-08-26,08:39,"Vàng SJC 1L, 10L, 1KG (Vàng miếng 99.99%)",TP. Hồ Chí Minh,36640000,36820000,3664000,3682000,36730000,3673000,180000,Giavang Archive
2018-08-27,08:33,"Vàng SJC 1L, 10L, 1KG (Vàng miếng 99.99%)",TP. Hồ Chí Minh,36620000,36800000,3662000,3680000,36710000,3671000,180000,Giavang Archive
2018-08-28,08:59,"Vàng SJC 1L, 10L, 1KG (Vàng miếng 99.99%)",TP. Hồ Chí Minh,36600000,36780000,3660000,3678000,36690000,3669000,180000,Giavang Archive
2018-08-29,08:38,"Vàng SJC 1L, 10L, 1KG (Vàng miếng 99.99%)",TP. Hồ Chí Minh,36560000,36730000,3656000,3673000,36645000,3664500,170000,Giavang Archive
2018-08-30,08:33,"Vàng SJC 1L, 10L, 1KG (Vàng miếng 99.99%)",TP. Hồ Chí Minh,36570000,36740000,3657000,3674000,36655000,3665500,170000,Giavang Archive
2018-08-31,08:34,"Vàng SJC 1L, 10L, 1KG (Vàng miếng 99.99%)",TP. Hồ Chí Minh,36560000,36730000,3656000,3673000,36645000,3664500,170000,Giavang Archive
2018-09-01,08:36,"Vàng SJC 1L, 10L, 1KG (Vàng miếng 99.99%)",TP. Hồ Chí Minh,36600000,36770000,3660000,3677000,36685000,3668500,170000,Giavang Archive
2018-09-02,08:36,"Vàng SJC 1L, 10L, 1KG (Vàng miếng 99.99%)",TP. Hồ Chí Minh,36600000,36770000,3660000,3677000,36685000,3668500,170000,Giavang Archive
2018-09-03,08:36,"Vàng SJC 1L, 10L, 1KG (Vàng miếng 99.99%)",TP. Hồ Chí Minh,36600000,36770000,3660000,3677000,36685000,3668500,170000,Giavang Archive
2018-09-04,08:50,"Vàng SJC 1L, 10L, 1KG (Vàng miếng 99.99%)",TP. Hồ Chí Minh,36550000,36720000,3655000,3672000,36635000,3663500,170000,Giavang Archive
2018-09-05,08:31,"Vàng SJC 1L, 10L, 1KG (Vàng miếng 99.99%)",TP. Hồ Chí Minh,36560000,36730000,3656000,3673000,36645000,3664500,170000,Giavang Archive
2018-09-06,13:10,"Vàng SJC 1L, 10L, 1KG (Vàng miếng 99.99%)",TP. Hồ Chí Minh,36600000,36770000,3660000,3677000,36685000,3668500,170000,Giavang Archive
2018-09-07,08:36,"Vàng SJC 1L, 10L, 1KG (Vàng miếng 99.99%)",TP. Hồ Chí Minh,36590000,36760000,3659000,3676000,36675000,3667500,170000,Giavang Archive
2018-09-08,08:17,"Vàng SJC 1L, 10L, 1KG (Vàng miếng 99.99%)",TP. Hồ Chí Minh,36570000,36740000,3657000,3674000,36655000,3665500,170000,Giavang Archive
2018-09-09,08:17,"Vàng SJC 1L, 10L, 1KG (Vàng miếng 99.99%)",TP. Hồ Chí Minh,36570000,36740000,3657000,3674000,36655000,3665500,170000,Giavang Archive
2018-09-10,09:05,"Vàng SJC 1L, 10L, 1KG (Vàng miếng 99.99%)",TP. Hồ Chí Minh,36520000,36690000,3652000,3669000,36605000,3660500,170000,Giavang Archive
2018-09-11,08:23,"Vàng SJC 1L, 10L, 1KG (Vàng miếng 99.99%)",TP. Hồ Chí Minh,36530000,36700000,3653000,3670000,36615000,3661500,170000,Giavang Archive
2018-09-12,09:06,"Vàng SJC 1L, 10L, 1KG (Vàng miếng 99.99%)",TP. Hồ Chí Minh,36520000,36690000,3652000,3669000,36605000,3660500,170000,Giavang Archive
2018-09-13,08:33,"Vàng SJC 1L, 10L, 1KG (Vàng miếng 99.99%)",TP. Hồ Chí Minh,36540000,36710000,3654000,3671000,36625000,3662500,170000,Giavang Archive
2018-09-14,08:28,"Vàng SJC 1L, 10L, 1KG (Vàng miếng 99.99%)",TP. Hồ Chí Minh,36550000,36710000,3655000,3671000,36630000,3663000,160000,Giavang Archive
2018-09-15,08:35,"Vàng SJC 1L, 10L, 1KG (Vàng miếng 99.99%)",TP. Hồ Chí Minh,36520000,36680000,3652000,3668000,36600000,3660000,160000,Giavang Archive
2018-09-16,08:35,"Vàng SJC 1L, 10L, 1KG (Vàng miếng 99.99%)",TP. Hồ Chí Minh,36520000,36680000,3652000,3668000,36600000,3660000,160000,Giavang Archive
2018-09-17,08:37,"Vàng SJC 1L, 10L, 1KG (Vàng miếng 99.99%)",TP. Hồ Chí Minh,36530000,36690000,3653000,3669000,36610000,3661000,160000,Giavang Archive
2018-09-18,08:44,"Vàng SJC 1L, 10L, 1KG (Vàng miếng 99.99%)",TP. Hồ Chí Minh,36520000,36680000,3652000,3668000,36600000,3660000,160000,Giavang Archive
2018-09-19,08:25,"Vàng SJC 1L, 10L, 1KG (Vàng miếng 99.99%)",TP. Hồ Chí Minh,36530000,36680000,3653000,3668000,36605000,3660500,150000,Giavang Archive
2018-09-20,09:35,"Vàng SJC 1L, 10L, 1KG (Vàng miếng 99.99%)",TP. Hồ Chí Minh,36510000,36660000,3651000,3666000,36585000,3658500,150000,Giavang Archive
2018-09-21,13:46,"Vàng SJC 1L, 10L, 1KG (Vàng miếng 99.99%)",TP. Hồ Chí Minh,36540000,36690000,3654000,3669000,36615000,3661500,150000,Giavang Archive
2018-09-22,08:22,"Vàng SJC 1L, 10L, 1KG (Vàng miếng 99.99%)",TP. Hồ Chí Minh,36520000,36670000,3652000,3667000,36595000,3659500,150000,Giavang Archive
2018-09-23,08:22,"Vàng SJC 1L, 10L, 1KG (Vàng miếng 99.99%)",TP. Hồ Chí Minh,36520000,36670000,3652000,3667000,36595000,3659500,150000,Giavang Archive
2018-09-24,08:25,"Vàng SJC 1L, 10L, 1KG (Vàng miếng 99.99%)",TP. Hồ Chí Minh,36470000,36620000,3647000,3662000,36545000,3654500,150000,Giavang Archive
2018-09-25,09:10,"Vàng SJC 1L, 10L, 1KG (Vàng miếng 99.99%)",TP. Hồ Chí Minh,36410000,36560000,3641000,3656000,36485000,3648500,150000,Giavang Archive
2018-09-26,08:34,"Vàng SJC 1L, 10L, 1KG (Vàng miếng 99.99%)",TP. Hồ Chí Minh,36410000,36560000,3641000,3656000,36485000,3648500,150000,Giavang Archive
2018-09-27,08:26,"Vàng SJC 1L, 10L, 1KG (Vàng miếng 99.99%)",TP. Hồ Chí Minh,36350000,36500000,3635000,3650000,36425000,3642500,150000,Giavang Archive
2018-09-28,10:58,"Vàng SJC 1L, 10L, 1KG (Vàng miếng 99.99%)",TP. Hồ Chí Minh,36280000,36430000,3628000,3643000,36355000,3635500,150000,Giavang Archive
2018-09-29,08:18,"Vàng SJC 1L, 10L, 1KG (Vàng miếng 99.99%)",TP. Hồ Chí Minh,36350000,36500000,3635000,3650000,36425000,3642500,150000,Giavang Archive
2018-09-30,08:18,"Vàng SJC 1L, 10L, 1KG (Vàng miếng 99.99%)",TP. Hồ Chí Minh,36350000,36500000,3635000,3650000,36425000,3642500,150000,Giavang Archive
2018-10-01,08:30,"Vàng SJC 1L, 10L, 1KG (Vàng miếng 99.99%)",TP. Hồ Chí Minh,36320000,36470000,3632000,3647000,36395000,3639500,150000,Giavang Archive
2018-10-02,10:05,"Vàng SJC 1L, 10L, 1KG (Vàng miếng 99.99%)",TP. Hồ Chí Minh,36360000,36510000,3636000,3651000,36435000,3643500,150000,Giavang Archive
2018-10-03,08:34,"Vàng SJC 1L, 10L, 1KG (Vàng miếng 99.99%)",TP. Hồ Chí Minh,36380000,36530000,3638000,3653000,36455000,3645500,150000,Giavang Archive
2018-10-04,09:00,"Vàng SJC 1L, 10L, 1KG (Vàng miếng 99.99%)",TP. Hồ Chí Minh,36380000,36520000,3638000,3652000,36450000,3645000,140000,Giavang Archive
2018-10-05,08:42,"Vàng SJC 1L, 10L, 1KG (Vàng miếng 99.99%)",TP. Hồ Chí Minh,36380000,36520000,3638000,3652000,36450000,3645000,140000,Giavang Archive
2018-10-06,08:28,"Vàng SJC 1L, 10L, 1KG (Vàng miếng 99.99%)",TP. Hồ Chí Minh,36400000,36540000,3640000,3654000,36470000,3647000,140000,Giavang Archive
2018-10-07,08:28,"Vàng SJC 1L, 10L, 1KG (Vàng miếng 99.99%)",TP. Hồ Chí Minh,36400000,36540000,3640000,3654000,36470000,3647000,140000,Giavang Archive
2018-10-08,08:29,"Vàng SJC 1L, 10L, 1KG (Vàng miếng 99.99%)",TP. Hồ Chí Minh,36380000,36520000,3638000,3652000,36450000,3645000,140000,Giavang Archive
2018-10-09,08:35,"Vàng SJC 1L, 10L, 1KG (Vàng miếng 99.99%)",TP. Hồ Chí Minh,36360000,36500000,3636000,3650000,36430000,3643000,140000,Giavang Archive
2018-10-10,09:34,"Vàng SJC 1L, 10L, 1KG (Vàng miếng 99.99%)",TP. Hồ Chí Minh,36360000,36500000,3636000,3650000,36430000,3643000,140000,Giavang Archive
2018-10-11,14:13,"Vàng SJC 1L, 10L, 1KG (Vàng miếng 99.99%)",TP. Hồ Chí Minh,36390000,36530000,3639000,3653000,36460000,3646000,140000,Giavang Archive
2018-10-12,08:35,"Vàng SJC 1L, 10L, 1KG (Vàng miếng 99.99%)",TP. Hồ Chí Minh,36460000,36600000,3646000,3660000,36530000,3653000,140000,Giavang Archive
2018-10-13,08:26,"Vàng SJC 1L, 10L, 1KG (Vàng miếng 99.99%)",TP. Hồ Chí Minh,36470000,36610000,3647000,3661000,36540000,3654000,140000,Giavang Archive
2018-10-14,08:26,"Vàng SJC 1L, 10L, 1KG (Vàng miếng 99.99%)",TP. Hồ Chí Minh,36470000,36610000,3647000,3661000,36540000,3654000,140000,Giavang Archive
2018-10-15,08:32,"Vàng SJC 1L, 10L, 1KG (Vàng miếng 99.99%)",TP. Hồ Chí Minh,36530000,36670000,3653000,3667000,36600000,3660000,140000,Giavang Archive
2018-10-16,09:10,"Vàng SJC 1L, 10L, 1KG (Vàng miếng 99.99%)",TP. Hồ Chí Minh,36490000,36630000,3649000,3663000,36560000,3656000,140000,Giavang Archive
2018-10-17,08:37,"Vàng SJC 1L, 10L, 1KG (Vàng miếng 99.99%)",TP. Hồ Chí Minh,36520000,36660000,3652000,3666000,36590000,3659000,140000,Giavang Archive
2018-10-18,11:01,"Vàng SJC 1L, 10L, 1KG (Vàng miếng 99.99%)",TP. Hồ Chí Minh,36490000,36630000,3649000,3663000,36560000,3656000,140000,Giavang Archive
2018-10-19,08:49,"Vàng SJC 1L, 10L, 1KG (Vàng miếng 99.99%)",TP. Hồ Chí Minh,36490000,36630000,3649000,3663000,36560000,3656000,140000,Giavang Archive
2018-10-20,08:33,"Vàng SJC 1L, 10L, 1KG (Vàng miếng 99.99%)",TP. Hồ Chí Minh,36490000,36630000,3649000,3663000,36560000,3656000,140000,Giavang Archive
2018-10-21,08:33,"Vàng SJC 1L, 10L, 1KG (Vàng miếng 99.99%)",TP. Hồ Chí Minh,36490000,36630000,3649000,3663000,36560000,3656000,140000,Giavang Archive
2018-10-22,08:54,"Vàng SJC 1L, 10L, 1KG (Vàng miếng 99.99%)",TP. Hồ Chí Minh,36470000,36610000,3647000,3661000,36540000,3654000,140000,Giavang Archive
2018-10-23,08:29,"Vàng SJC 1L, 10L, 1KG (Vàng miếng 99.99%)",TP. Hồ Chí Minh,36520000,36660000,3652000,3666000,36590000,3659000,140000,Giavang Archive
2018-10-24,08:18,"Vàng SJC 1L, 10L, 1KG (Vàng miếng 99.99%)",TP. Hồ Chí Minh,36480000,36620000,3648000,3662000,36550000,3655000,140000,Giavang Archive
2018-10-25,09:04,"Vàng SJC 1L, 10L, 1KG (Vàng miếng 99.99%)",TP. Hồ Chí Minh,36460000,36600000,3646000,3660000,36530000,3653000,140000,Giavang Archive
2018-10-26,08:48,"Vàng SJC 1L, 10L, 1KG (Vàng miếng 99.99%)",TP. Hồ Chí Minh,36500000,36640000,3650000,3664000,36570000,3657000,140000,Giavang Archive
2018-10-27,08:29,"Vàng SJC 1L, 10L, 1KG (Vàng miếng 99.99%)",TP. Hồ Chí Minh,36480000,36620000,3648000,3662000,36550000,3655000,140000,Giavang Archive
2018-10-28,08:29,"Vàng SJC 1L, 10L, 1KG (Vàng miếng 99.99%)",TP. Hồ Chí Minh,36480000,36620000,3648000,3662000,36550000,3655000,140000,Giavang Archive
2018-10-29,08:53,"Vàng SJC 1L, 10L, 1KG (Vàng miếng 99.99%)",TP. Hồ Chí Minh,36430000,36570000,3643000,3657000,36500000,3650000,140000,Giavang Archive
2018-10-30,08:35,"Vàng SJC 1L, 10L, 1KG (Vàng miếng 99.99%)",TP. Hồ Chí Minh,36380000,36520000,3638000,3652000,36450000,3645000,140000,Giavang Archive
2018-10-31,08:28,"Vàng SJC 1L, 10L, 1KG (Vàng miếng 99.99%)",TP. Hồ Chí Minh,36360000,36500000,3636000,3650000,36430000,3643000,140000,Giavang Archive
2018-11-01,08:38,"Vàng SJC 1L, 10L, 1KG (Vàng miếng 99.99%)",TP. Hồ Chí Minh,36410000,36560000,3641000,3656000,36485000,3648500,150000,Giavang Archive
2018-11-02,08:32,"Vàng SJC 1L, 10L, 1KG (Vàng miếng 99.99%)",TP. Hồ Chí Minh,36440000,36600000,3644000,3660000,36520000,3652000,160000,Giavang Archive
2018-11-03,08:29,"Vàng SJC 1L, 10L, 1KG (Vàng miếng 99.99%)",TP. Hồ Chí Minh,36450000,36600000,3645000,3660000,36525000,3652500,150000,Giavang Archive
2018-11-04,08:29,"Vàng SJC 1L, 10L, 1KG (Vàng miếng 99.99%)",TP. Hồ Chí Minh,36450000,36600000,3645000,3660000,36525000,3652500,150000,Giavang Archive
2018-11-05,08:47,"Vàng SJC 1L, 10L, 1KG (Vàng miếng 99.99%)",TP. Hồ Chí Minh,36440000,36590000,3644000,3659000,36515000,3651500,150000,Giavang Archive
2018-11-06,08:30,"Vàng SJC 1L, 10L, 1KG (Vàng miếng 99.99%)",TP. Hồ Chí Minh,36380000,36540000,3638000,3654000,36460000,3646000,160000,Giavang Archive
2018-11-07,08:29,"Vàng SJC 1L, 10L, 1KG (Vàng miếng 99.99%)",TP. Hồ Chí Minh,36410000,36570000,3641000,3657000,36490000,3649000,160000,Giavang Archive
2018-11-08,08:19,"Vàng SJC 1L, 10L, 1KG (Vàng miếng 99.99%)",TP. Hồ Chí Minh,36370000,36530000,3637000,3653000,36450000,3645000,160000,Giavang Archive
2018-11-09,09:10,"Vàng SJC 1L, 10L, 1KG (Vàng miếng 99.99%)",TP. Hồ Chí Minh,36350000,36510000,3635000,3651000,36430000,3643000,160000,Giavang Archive
2018-11-10,08:33,"Vàng SJC 1L, 10L, 1KG (Vàng miếng 99.99%)",TP. Hồ Chí Minh,36340000,36500000,3634000,3650000,36420000,3642000,160000,Giavang Archive
2018-11-11,08:33,"Vàng SJC 1L, 10L, 1KG (Vàng miếng 99.99%)",TP. Hồ Chí Minh,36340000,36500000,3634000,3650000,36420000,3642000,160000,Giavang Archive
2018-11-12,08:37,"Vàng SJC 1L, 10L, 1KG (Vàng miếng 99.99%)",TP. Hồ Chí Minh,36320000,36480000,3632000,3648000,36400000,3640000,160000,Giavang Archive
2018-11-13,15:14,"Vàng SJC 1L, 10L, 1KG (Vàng miếng 99.99%)",TP. Hồ Chí Minh,36320000,36480000,3632000,3648000,36400000,3640000,160000,Giavang Archive
2018-11-14,08:40,"Vàng SJC 1L, 10L, 1KG (Vàng miếng 99.99%)",TP. Hồ Chí Minh,36360000,36500000,3636000,3650000,36430000,3643000,140000,Giavang Archive
2018-11-15,08:24,"Vàng SJC 1L, 10L, 1KG (Vàng miếng 99.99%)",TP. Hồ Chí Minh,36420000,36580000,3642000,3658000,36500000,3650000,160000,Giavang Archive
2018-11-16,08:28,"Vàng SJC 1L, 10L, 1KG (Vàng miếng 99.99%)",TP. Hồ Chí Minh,36480000,36640000,3648000,3664000,36560000,3656000,160000,Giavang Archive
2018-11-17,08:29,"Vàng SJC 1L, 10L, 1KG (Vàng miếng 99.99%)",TP. Hồ Chí Minh,36520000,36680000,3652000,3668000,36600000,3660000,160000,Giavang Archive
2018-11-18,08:29,"Vàng SJC 1L, 10L, 1KG (Vàng miếng 99.99%)",TP. Hồ Chí Minh,36520000,36680000,3652000,3668000,36600000,3660000,160000,Giavang Archive
2018-11-19,08:30,"Vàng SJC 1L, 10L, 1KG (Vàng miếng 99.99%)",TP. Hồ Chí Minh,36490000,36650000,3649000,3665000,36570000,3657000,160000,Giavang Archive
2018-11-20,08:30,"Vàng SJC 1L, 10L, 1KG (Vàng miếng 99.99%)",TP. Hồ Chí Minh,36460000,36620000,3646000,3662000,36540000,3654000,160000,Giavang Archive
2018-11-21,09:19,"Vàng SJC 1L, 10L, 1KG (Vàng miếng 99.99%)",TP. Hồ Chí Minh,36430000,36590000,3643000,3659000,36510000,3651000,160000,Giavang Archive
2018-11-22,08:31,"Vàng SJC 1L, 10L, 1KG (Vàng miếng 99.99%)",TP. Hồ Chí Minh,36410000,36570000,3641000,3657000,36490000,3649000,160000,Giavang Archive
2018-11-23,14:31,"Vàng SJC 1L, 10L, 1KG (Vàng miếng 99.99%)",TP. Hồ Chí Minh,36380000,36540000,3638000,3654000,36460000,3646000,160000,Giavang Archive
2018-11-24,08:35,"Vàng SJC 1L, 10L, 1KG (Vàng miếng 99.99%)",TP. Hồ Chí Minh,36380000,36540000,3638000,3654000,36460000,3646000,160000,Giavang Archive
2018-11-25,08:35,"Vàng SJC 1L, 10L, 1KG (Vàng miếng 99.99%)",TP. Hồ Chí Minh,36380000,36540000,3638000,3654000,36460000,3646000,160000,Giavang Archive
2018-11-26,08:47,"Vàng SJC 1L, 10L, 1KG (Vàng miếng 99.99%)",TP. Hồ Chí Minh,36370000,36530000,3637000,3653000,36450000,3645000,160000,Giavang Archive
2018-11-27,08:32,"Vàng SJC 1L, 10L, 1KG (Vàng miếng 99.99%)",TP. Hồ Chí Minh,36320000,36480000,3632000,3648000,36400000,3640000,160000,Giavang Archive
2018-11-28,10:50,"Vàng SJC 1L, 10L, 1KG (Vàng miếng 99.99%)",TP. Hồ Chí Minh,36290000,36450000,3629000,3645000,36370000,3637000,160000,Giavang Archive
2018-11-29,08:44,"Vàng SJC 1L, 10L, 1KG (Vàng miếng 99.99%)",TP. Hồ Chí Minh,36340000,36500000,3634000,3650000,36420000,3642000,160000,Giavang Archive
2018-11-30,10:17,"Vàng SJC 1L, 10L, 1KG (Vàng miếng 99.99%)",TP. Hồ Chí Minh,36320000,36480000,3632000,3648000,36400000,3640000,160000,Giavang Archive
2018-12-01,08:38,"Vàng SJC 1L, 10L, 1KG (Vàng miếng 99.99%)",TP. Hồ Chí Minh,36320000,36480000,3632000,3648000,36400000,3640000,160000,Giavang Archive
2018-12-02,08:38,"Vàng SJC 1L, 10L, 1KG (Vàng miếng 99.99%)",TP. Hồ Chí Minh,36320000,36480000,3632000,3648000,36400000,3640000,160000,Giavang Archive
2018-12-03,08:14,"Vàng SJC 1L, 10L, 1KG (Vàng miếng 99.99%)",TP. Hồ Chí Minh,36340000,36500000,3634000,3650000,36420000,3642000,160000,Giavang Archive
2018-12-04,08:59,"Vàng SJC 1L, 10L, 1KG (Vàng miếng 99.99%)",TP. Hồ Chí Minh,36330000,36490000,3633000,3649000,36410000,3641000,160000,Giavang Archive
2018-12-05,10:28,"Vàng SJC 1L, 10L, 1KG (Vàng miếng 99.99%)",TP. Hồ Chí Minh,36300000,36460000,3630000,3646000,36380000,3638000,160000,Giavang Archive
2018-12-06,08:32,"Vàng SJC 1L, 10L, 1KG (Vàng miếng 99.99%)",TP. Hồ Chí Minh,36260000,36420000,3626000,3642000,36340000,3634000,160000,Giavang Archive
2018-12-07,08:31,"Vàng SJC 1L, 10L, 1KG (Vàng miếng 99.99%)",TP. Hồ Chí Minh,36270000,36430000,3627000,3643000,36350000,3635000,160000,Giavang Archive
2018-12-08,08:52,"Vàng SJC 1L, 10L, 1KG (Vàng miếng 99.99%)",TP. Hồ Chí Minh,36330000,36490000,3633000,3649000,36410000,3641000,160000,Giavang Archive
2018-12-09,08:52,"Vàng SJC 1L, 10L, 1KG (Vàng miếng 99.99%)",TP. Hồ Chí Minh,36330000,36490000,3633000,3649000,36410000,3641000,160000,Giavang Archive
2018-12-10,14:04,"Vàng SJC 1L, 10L, 1KG (Vàng miếng 99.99%)",TP. Hồ Chí Minh,36350000,36510000,3635000,3651000,36430000,3643000,160000,Giavang Archive
2018-12-11,08:44,"Vàng SJC 1L, 10L, 1KG (Vàng miếng 99.99%)",TP. Hồ Chí Minh,36310000,36470000,3631000,3647000,36390000,3639000,160000,Giavang Archive
2018-12-12,08:27,"Vàng SJC 1L, 10L, 1KG (Vàng miếng 99.99%)",TP. Hồ Chí Minh,36260000,36420000,3626000,3642000,36340000,3634000,160000,Giavang Archive
2018-12-13,08:28,"Vàng SJC 1L, 10L, 1KG (Vàng miếng 99.99%)",TP. Hồ Chí Minh,36220000,36380000,3622000,3638000,36300000,3630000,160000,Giavang Archive
2018-12-14,08:34,"Vàng SJC 1L, 10L, 1KG (Vàng miếng 99.99%)",TP. Hồ Chí Minh,36250000,36410000,3625000,3641000,36330000,3633000,160000,Giavang Archive
2018-12-15,08:28,"Vàng SJC 1L, 10L, 1KG (Vàng miếng 99.99%)",TP. Hồ Chí Minh,36280000,36440000,3628000,3644000,36360000,3636000,160000,Giavang Archive
2018-12-16,08:28,"Vàng SJC 1L, 10L, 1KG (Vàng miếng 99.99%)",TP. Hồ Chí Minh,36280000,36440000,3628000,3644000,36360000,3636000,160000,Giavang Archive
2018-12-17,08:31,"Vàng SJC 1L, 10L, 1KG (Vàng miếng 99.99%)",TP. Hồ Chí Minh,36250000,36430000,3625000,3643000,36340000,3634000,180000,Giavang Archive
2018-12-18,09:15,"Vàng SJC 1L, 10L, 1KG (Vàng miếng 99.99%)",TP. Hồ Chí Minh,36240000,36420000,3624000,3642000,36330000,3633000,180000,Giavang Archive
2018-12-19,09:08,"Vàng SJC 1L, 10L, 1KG (Vàng miếng 99.99%)",TP. Hồ Chí Minh,36230000,36410000,3623000,3641000,36320000,3632000,180000,Giavang Archive
2018-12-20,13:49,"Vàng SJC 1L, 10L, 1KG (Vàng miếng 99.99%)",TP. Hồ Chí Minh,36220000,36400000,3622000,3640000,36310000,3631000,180000,Giavang Archive
2018-12-21,08:34,"Vàng SJC 1L, 10L, 1KG (Vàng miếng 99.99%)",TP. Hồ Chí Minh,36250000,36430000,3625000,3643000,36340000,3634000,180000,Giavang Archive
2018-12-22,08:34,"Vàng SJC 1L, 10L, 1KG (Vàng miếng 99.99%)",TP. Hồ Chí Minh,36240000,36420000,3624000,3642000,36330000,3633000,180000,Giavang Archive
2018-12-23,08:34,"Vàng SJC 1L, 10L, 1KG (Vàng miếng 99.99%)",TP. Hồ Chí Minh,36240000,36420000,3624000,3642000,36330000,3633000,180000,Giavang Archive
2018-12-24,09:31,"Vàng SJC 1L, 10L, 1KG (Vàng miếng 99.99%)",TP. Hồ Chí Minh,36260000,36440000,3626000,3644000,36350000,3635000,180000,Giavang Archive
2018-12-25,08:45,"Vàng SJC 1L, 10L, 1KG (Vàng miếng 99.99%)",TP. Hồ Chí Minh,36230000,36410000,3623000,3641000,36320000,3632000,180000,Giavang Archive
2018-12-26,09:05,"Vàng SJC 1L, 10L, 1KG (Vàng miếng 99.99%)",TP. Hồ Chí Minh,36280000,36460000,3628000,3646000,36370000,3637000,180000,Giavang Archive
2018-12-27,09:29,"Vàng SJC 1L, 10L, 1KG (Vàng miếng 99.99%)",TP. Hồ Chí Minh,36270000,36450000,3627000,3645000,36360000,3636000,180000,Giavang Archive
2018-12-28,08:39,"Vàng SJC 1L, 10L, 1KG (Vàng miếng 99.99%)",TP. Hồ Chí Minh,36340000,36540000,3634000,3654000,36440000,3644000,200000,Giavang Archive
2018-12-29,08:42,"Vàng SJC 1L, 10L, 1KG (Vàng miếng 99.99%)",TP. Hồ Chí Minh,36330000,36550000,3633000,3655000,36440000,3644000,220000,Giavang Archive
2018-12-30,08:42,"Vàng SJC 1L, 10L, 1KG (Vàng miếng 99.99%)",TP. Hồ Chí Minh,36330000,36550000,3633000,3655000,36440000,3644000,220000,Giavang Archive
2018-12-31,08:29,"Vàng SJC 1L, 10L, 1KG (Vàng miếng 99.99%)",TP. Hồ Chí Minh,36270000,36570000,3627000,3657000,36420000,3642000,300000,Giavang Archive
2019-01-01,08:29,"Vàng SJC 1L, 10L, 1KG (Vàng miếng 99.99%)",TP. Hồ Chí Minh,36270000,36570000,3627000,3657000,36420000,3642000,300000,Giavang Archive
2019-01-02,08:39,"Vàng SJC 1L, 10L, 1KG (Vàng miếng 99.99%)",TP. Hồ Chí Minh,36490000,36670000,3649000,3667000,36580000,3658000,180000,Giavang Archive
2019-01-03,08:39,"Vàng SJC 1L, 10L, 1KG (Vàng miếng 99.99%)",TP. Hồ Chí Minh,36540000,36740000,3654000,3674000,36640000,3664000,200000,Giavang Archive
2019-01-04,08:39,"Vàng SJC 1L, 10L, 1KG (Vàng miếng 99.99%)",TP. Hồ Chí Minh,36590000,36790000,3659000,3679000,36690000,3669000,200000,Giavang Archive
2019-01-05,08:37,"Vàng SJC 1L, 10L, 1KG (Vàng miếng 99.99%)",TP. Hồ Chí Minh,36540000,36740000,3654000,3674000,36640000,3664000,200000,Giavang Archive
2019-01-06,08:37,"Vàng SJC 1L, 10L, 1KG (Vàng miếng 99.99%)",TP. Hồ Chí Minh,36540000,36740000,3654000,3674000,36640000,3664000,200000,Giavang Archive
2019-01-07,08:32,"Vàng SJC 1L, 10L, 1KG (Vàng miếng 99.99%)",TP. Hồ Chí Minh,36630000,36810000,3663000,3681000,36720000,3672000,180000,Giavang Archive
2019-01-08,08:36,"Vàng SJC 1L, 10L, 1KG (Vàng miếng 99.99%)",TP. Hồ Chí Minh,36540000,36720000,3654000,3672000,36630000,3663000,180000,Giavang Archive
2019-01-09,09:20,"Vàng SJC 1L, 10L, 1KG (Vàng miếng 99.99%)",TP. Hồ Chí Minh,36500000,36670000,3650000,3667000,36585000,3658500,170000,Giavang Archive
2019-01-10,08:32,"Vàng SJC 1L, 10L, 1KG (Vàng miếng 99.99%)",TP. Hồ Chí Minh,36580000,36760000,3658000,3676000,36670000,3667000,180000,Giavang Archive
2019-01-11,08:30,"Vàng SJC 1L, 10L, 1KG (Vàng miếng 99.99%)",TP. Hồ Chí Minh,36550000,36730000,3655000,3673000,36640000,3664000,180000,Giavang Archive
2019-01-12,08:38,"Vàng SJC 1L, 10L, 1KG (Vàng miếng 99.99%)",TP. Hồ Chí Minh,36540000,36720000,3654000,3672000,36630000,3663000,180000,Giavang Archive
2019-01-13,08:38,"Vàng SJC 1L, 10L, 1KG (Vàng miếng 99.99%)",TP. Hồ Chí Minh,36540000,36720000,3654000,3672000,36630000,3663000,180000,Giavang Archive
2019-01-14,08:55,"Vàng SJC 1L, 10L, 1KG (Vàng miếng 99.99%)",TP. Hồ Chí Minh,36530000,36710000,3653000,3671000,36620000,3662000,180000,Giavang Archive
2019-01-15,08:29,"Vàng SJC 1L, 10L, 1KG (Vàng miếng 99.99%)",TP. Hồ Chí Minh,36500000,36680000,3650000,3668000,36590000,3659000,180000,Giavang Archive
2019-01-16,08:28,"Vàng SJC 1L, 10L, 1KG (Vàng miếng 99.99%)",TP. Hồ Chí Minh,36470000,36650000,3647000,3665000,36560000,3656000,180000,Giavang Archive
2019-01-17,08:23,"Vàng SJC 1L, 10L, 1KG (Vàng miếng 99.99%)",TP. Hồ Chí Minh,36540000,36720000,3654000,3672000,36630000,3663000,180000,Giavang Archive
2019-01-18,08:37,"Vàng SJC 1L, 10L, 1KG (Vàng miếng 99.99%)",TP. Hồ Chí Minh,36560000,36740000,3656000,3674000,36650000,3665000,180000,Giavang Archive
2019-01-19,08:35,"Vàng SJC 1L, 10L, 1KG (Vàng miếng 99.99%)",TP. Hồ Chí Minh,36520000,36700000,3652000,3670000,36610000,3661000,180000,Giavang Archive
2019-01-20,08:35,"Vàng SJC 1L, 10L, 1KG (Vàng miếng 99.99%)",TP. Hồ Chí Minh,36520000,36700000,3652000,3670000,36610000,3661000,180000,Giavang Archive
2019-01-21,08:40,"Vàng SJC 1L, 10L, 1KG (Vàng miếng 99.99%)",TP. Hồ Chí Minh,36410000,36590000,3641000,3659000,36500000,3650000,180000,Giavang Archive
2019-01-22,08:29,"Vàng SJC 1L, 10L, 1KG (Vàng miếng 99.99%)",TP. Hồ Chí Minh,36350000,36530000,3635000,3653000,36440000,3644000,180000,Giavang Archive
2019-01-23,08:47,"Vàng SJC 1L, 10L, 1KG (Vàng miếng 99.99%)",TP. Hồ Chí Minh,36370000,36550000,3637000,3655000,36460000,3646000,180000,Giavang Archive
2019-01-24,09:27,"Vàng SJC 1L, 10L, 1KG (Vàng miếng 99.99%)",TP. Hồ Chí Minh,36360000,36540000,3636000,3654000,36450000,3645000,180000,Giavang Archive
2019-01-25,09:46,"Vàng SJC 1L, 10L, 1KG (Vàng miếng 99.99%)",TP. Hồ Chí Minh,36480000,36660000,3648000,3666000,36570000,3657000,180000,Giavang Archive
2019-01-26,08:41,"Vàng SJC 1L, 10L, 1KG (Vàng miếng 99.99%)",TP. Hồ Chí Minh,36630000,36830000,3663000,3683000,36730000,3673000,200000,Giavang Archive
2019-01-27,08:41,"Vàng SJC 1L, 10L, 1KG (Vàng miếng 99.99%)",TP. Hồ Chí Minh,36630000,36830000,3663000,3683000,36730000,3673000,200000,Giavang Archive
2019-01-28,08:33,"Vàng SJC 1L, 10L, 1KG (Vàng miếng 99.99%)",TP. Hồ Chí Minh,36580000,36780000,3658000,3678000,36680000,3668000,200000,Giavang Archive
2019-01-29,08:33,"Vàng SJC 1L, 10L, 1KG (Vàng miếng 99.99%)",TP. Hồ Chí Minh,36650000,36850000,3665000,3685000,36750000,3675000,200000,Giavang Archive
2019-01-30,08:39,"Vàng SJC 1L, 10L, 1KG (Vàng miếng 99.99%)",TP. Hồ Chí Minh,36720000,36920000,3672000,3692000,36820000,3682000,200000,Giavang Archive
2019-01-31,08:36,"Vàng SJC 1L, 10L, 1KG (Vàng miếng 99.99%)",TP. Hồ Chí Minh,36900000,37100000,3690000,3710000,37000000,3700000,200000,Giavang Archive
2019-02-01,08:37,"Vàng SJC 1L, 10L, 1KG (Vàng miếng 99.99%)",TP. Hồ Chí Minh,36880000,37100000,3688000,3710000,36990000,3699000,220000,Giavang Archive
2019-02-02,08:37,"Vàng SJC 1L, 10L, 1KG (Vàng miếng 99.99%)",TP. Hồ Chí Minh,36880000,37100000,3688000,3710000,36990000,3699000,220000,Giavang Archive
2019-02-03,08:37,"Vàng SJC 1L, 10L, 1KG (Vàng miếng 99.99%)",TP. Hồ Chí Minh,36880000,37100000,3688000,3710000,36990000,3699000,220000,Giavang Archive
2019-02-04,08:37,"Vàng SJC 1L, 10L, 1KG (Vàng miếng 99.99%)",TP. Hồ Chí Minh,36880000,37100000,3688000,3710000,36990000,3699000,220000,Giavang Archive
2019-02-05,08:37,"Vàng SJC 1L, 10L, 1KG (Vàng miếng 99.99%)",TP. Hồ Chí Minh,36880000,37100000,3688000,3710000,36990000,3699000,220000,Giavang Archive
2019-02-06,08:37,"Vàng SJC 1L, 10L, 1KG (Vàng miếng 99.99%)",TP. Hồ Chí Minh,36880000,37100000,3688000,3710000,36990000,3699000,220000,Giavang Archive
2019-02-07,08:37,"Vàng SJC 1L, 10L, 1KG (Vàng miếng 99.99%)",TP. Hồ Chí Minh,36880000,37100000,3688000,3710000,36990000,3699000,220000,Giavang Archive
2019-02-08,08:37,"Vàng SJC 1L, 10L, 1KG (Vàng miếng 99.99%)",TP. Hồ Chí Minh,36880000,37100000,3688000,3710000,36990000,3699000,220000,Giavang Archive
2019-02-09,08:37,"Vàng SJC 1L, 10L, 1KG (Vàng miếng 99.99%)",TP. Hồ Chí Minh,36880000,37100000,3688000,3710000,36990000,3699000,220000,Giavang Archive
2019-02-10,08:37,"Vàng SJC 1L, 10L, 1KG (Vàng miếng 99.99%)",TP. Hồ Chí Minh,36880000,37100000,3688000,3710000,36990000,3699000,220000,Giavang Archive
2019-02-11,08:58,"Vàng SJC 1L, 10L, 1KG (Vàng miếng 99.99%)",TP. Hồ Chí Minh,36930000,37130000,3693000,3713000,37030000,3703000,200000,Giavang Archive
2019-02-12,08:37,"Vàng SJC 1L, 10L, 1KG (Vàng miếng 99.99%)",TP. Hồ Chí Minh,36970000,37170000,3697000,3717000,37070000,3707000,200000,Giavang Archive
2019-02-13,12:20,"Vàng SJC 1L, 10L, 1KG (Vàng miếng 99.99%)",TP. Hồ Chí Minh,36780000,37020000,3678000,3702000,36900000,3690000,240000,Giavang Archive
2019-02-14,16:22,"Vàng SJC 1L, 10L, 1KG (Vàng miếng 99.99%)",TP. Hồ Chí Minh,36500000,37000000,3650000,3700000,36750000,3675000,500000,Giavang Archive
2019-02-15,08:44,"Vàng SJC 1L, 10L, 1KG (Vàng miếng 99.99%)",TP. Hồ Chí Minh,36680000,36880000,3668000,3688000,36780000,3678000,200000,Giavang Archive
2019-02-16,08:42,"Vàng SJC 1L, 10L, 1KG (Vàng miếng 99.99%)",TP. Hồ Chí Minh,36740000,36980000,3674000,3698000,36860000,3686000,240000,Giavang Archive
2019-02-17,08:42,"Vàng SJC 1L, 10L, 1KG (Vàng miếng 99.99%)",TP. Hồ Chí Minh,36740000,36980000,3674000,3698000,36860000,3686000,240000,Giavang Archive
2019-02-18,08:40,"Vàng SJC 1L, 10L, 1KG (Vàng miếng 99.99%)",TP. Hồ Chí Minh,36800000,37000000,3680000,3700000,36900000,3690000,200000,Giavang Archive
2019-02-19,08:37,"Vàng SJC 1L, 10L, 1KG (Vàng miếng 99.99%)",TP. Hồ Chí Minh,36800000,37000000,3680000,3700000,36900000,3690000,200000,Giavang Archive
2019-02-20,08:33,"Vàng SJC 1L, 10L, 1KG (Vàng miếng 99.99%)",TP. Hồ Chí Minh,36950000,37150000,3695000,3715000,37050000,3705000,200000,Giavang Archive
2019-02-21,08:25,"Vàng SJC 1L, 10L, 1KG (Vàng miếng 99.99%)",TP. Hồ Chí Minh,36930000,37130000,3693000,3713000,37030000,3703000,200000,Giavang Archive
2019-02-22,09:28,"Vàng SJC 1L, 10L, 1KG (Vàng miếng 99.99%)",TP. Hồ Chí Minh,36900000,37100000,3690000,3710000,37000000,3700000,200000,Giavang Archive
2019-02-23,07:49,"Vàng SJC 1L, 10L, 1KG (Vàng miếng 99.99%)",TP. Hồ Chí Minh,36900000,37100000,3690000,3710000,37000000,3700000,200000,Giavang Archive
2019-02-24,07:49,"Vàng SJC 1L, 10L, 1KG (Vàng miếng 99.99%)",TP. Hồ Chí Minh,36900000,37100000,3690000,3710000,37000000,3700000,200000,Giavang Archive
2019-02-25,08:29,"Vàng SJC 1L, 10L, 1KG (Vàng miếng 99.99%)",TP. Hồ Chí Minh,36870000,37070000,3687000,3707000,36970000,3697000,200000,Giavang Archive
2019-02-26,08:54,"Vàng SJC 1L, 10L, 1KG (Vàng miếng 99.99%)",TP. Hồ Chí Minh,36860000,37060000,3686000,3706000,36960000,3696000,200000,Giavang Archive
2019-02-27,08:27,"Vàng SJC 1L, 10L, 1KG (Vàng miếng 99.99%)",TP. Hồ Chí Minh,36850000,37050000,3685000,3705000,36950000,3695000,200000,Giavang Archive
2019-02-28,08:33,"Vàng SJC 1L, 10L, 1KG (Vàng miếng 99.99%)",TP. Hồ Chí Minh,36800000,37000000,3680000,3700000,36900000,3690000,200000,Giavang Archive
2019-03-01,08:38,"Vàng SJC 1L, 10L, 1KG (Vàng miếng 99.99%)",TP. Hồ Chí Minh,36660000,36860000,3666000,3686000,36760000,3676000,200000,Giavang Archive
2019-03-02,08:49,"Vàng SJC 1L, 10L, 1KG (Vàng miếng 99.99%)",TP. Hồ Chí Minh,36480000,36680000,3648000,3668000,36580000,3658000,200000,Giavang Archive
2019-03-03,08:49,"Vàng SJC 1L, 10L, 1KG (Vàng miếng 99.99%)",TP. Hồ Chí Minh,36480000,36680000,3648000,3668000,36580000,3658000,200000,Giavang Archive
2019-03-04,08:33,"Vàng SJC 1L, 10L, 1KG (Vàng miếng 99.99%)",TP. Hồ Chí Minh,36420000,36600000,3642000,3660000,36510000,3651000,180000,Giavang Archive
2019-03-05,08:44,"Vàng SJC 1L, 10L, 1KG (Vàng miếng 99.99%)",TP. Hồ Chí Minh,36430000,36600000,3643000,3660000,36515000,3651500,170000,Giavang Archive
2019-03-06,08:27,"Vàng SJC 1L, 10L, 1KG (Vàng miếng 99.99%)",TP. Hồ Chí Minh,36460000,36610000,3646000,3661000,36535000,3653500,150000,Giavang Archive
2019-03-07,08:25,"Vàng SJC 1L, 10L, 1KG (Vàng miếng 99.99%)",TP. Hồ Chí Minh,36450000,36620000,3645000,3662000,36535000,3653500,170000,Giavang Archive
2019-03-08,10:15,"Vàng SJC 1L, 10L, 1KG (Vàng miếng 99.99%)",TP. Hồ Chí Minh,36470000,36640000,3647000,3664000,36555000,3655500,170000,Giavang Archive
2019-03-09,08:37,"Vàng SJC 1L, 10L, 1KG (Vàng miếng 99.99%)",TP. Hồ Chí Minh,36510000,36680000,3651000,3668000,36595000,3659500,170000,Giavang Archive
2019-03-10,08:37,"Vàng SJC 1L, 10L, 1KG (Vàng miếng 99.99%)",TP. Hồ Chí Minh,36510000,36680000,3651000,3668000,36595000,3659500,170000,Giavang Archive
2019-03-11,08:43,"Vàng SJC 1L, 10L, 1KG (Vàng miếng 99.99%)",TP. Hồ Chí Minh,36480000,36650000,3648000,3665000,36565000,3656500,170000,Giavang Archive
2019-03-12,10:12,"Vàng SJC 1L, 10L, 1KG (Vàng miếng 99.99%)",TP. Hồ Chí Minh,36470000,36630000,3647000,3663000,36550000,3655000,160000,Giavang Archive
2019-03-13,09:28,"Vàng SJC 1L, 10L, 1KG (Vàng miếng 99.99%)",TP. Hồ Chí Minh,36570000,36730000,3657000,3673000,36650000,3665000,160000,Giavang Archive
2019-03-14,08:34,"Vàng SJC 1L, 10L, 1KG (Vàng miếng 99.99%)",TP. Hồ Chí Minh,36510000,36670000,3651000,3667000,36590000,3659000,160000,Giavang Archive
2019-03-15,08:31,"Vàng SJC 1L, 10L, 1KG (Vàng miếng 99.99%)",TP. Hồ Chí Minh,36500000,36650000,3650000,3665000,36575000,3657500,150000,Giavang Archive
2019-03-16,08:27,"Vàng SJC 1L, 10L, 1KG (Vàng miếng 99.99%)",TP. Hồ Chí Minh,36480000,36630000,3648000,3663000,36555000,3655500,150000,Giavang Archive
2019-03-17,08:27,"Vàng SJC 1L, 10L, 1KG (Vàng miếng 99.99%)",TP. Hồ Chí Minh,36480000,36630000,3648000,3663000,36555000,3655500,150000,Giavang Archive
2019-03-18,08:26,"Vàng SJC 1L, 10L, 1KG (Vàng miếng 99.99%)",TP. Hồ Chí Minh,36500000,36650000,3650000,3665000,36575000,3657500,150000,Giavang Archive
2019-03-19,08:21,"Vàng SJC 1L, 10L, 1KG (Vàng miếng 99.99%)",TP. Hồ Chí Minh,36520000,36670000,3652000,3667000,36595000,3659500,150000,Giavang Archive
2019-03-20,08:31,"Vàng SJC 1L, 10L, 1KG (Vàng miếng 99.99%)",TP. Hồ Chí Minh,36510000,36660000,3651000,3666000,36585000,3658500,150000,Giavang Archive
2019-03-21,08:30,"Vàng SJC 1L, 10L, 1KG (Vàng miếng 99.99%)",TP. Hồ Chí Minh,36650000,36800000,3665000,3680000,36725000,3672500,150000,Giavang Archive
2019-03-22,08:31,"Vàng SJC 1L, 10L, 1KG (Vàng miếng 99.99%)",TP. Hồ Chí Minh,36560000,36700000,3656000,3670000,36630000,3663000,140000,Giavang Archive
2019-03-23,08:43,"Vàng SJC 1L, 10L, 1KG (Vàng miếng 99.99%)",TP. Hồ Chí Minh,36600000,36740000,3660000,3674000,36670000,3667000,140000,Giavang Archive
2019-03-24,08:43,"Vàng SJC 1L, 10L, 1KG (Vàng miếng 99.99%)",TP. Hồ Chí Minh,36600000,36740000,3660000,3674000,36670000,3667000,140000,Giavang Archive
2019-03-25,14:13,"Vàng SJC 1L, 10L, 1KG (Vàng miếng 99.99%)",TP. Hồ Chí Minh,36650000,36780000,3665000,3678000,36715000,3671500,130000,Giavang Archive
2019-03-26,08:36,"Vàng SJC 1L, 10L, 1KG (Vàng miếng 99.99%)",TP. Hồ Chí Minh,36670000,36790000,3667000,3679000,36730000,3673000,120000,Giavang Archive
2019-03-27,08:25,"Vàng SJC 1L, 10L, 1KG (Vàng miếng 99.99%)",TP. Hồ Chí Minh,36650000,36770000,3665000,3677000,36710000,3671000,120000,Giavang Archive
2019-03-28,08:29,"Vàng SJC 1L, 10L, 1KG (Vàng miếng 99.99%)",TP. Hồ Chí Minh,36610000,36730000,3661000,3673000,36670000,3667000,120000,Giavang Archive
2019-03-29,08:40,"Vàng SJC 1L, 10L, 1KG (Vàng miếng 99.99%)",TP. Hồ Chí Minh,36400000,36520000,3640000,3652000,36460000,3646000,120000,Giavang Archive
2019-03-30,08:32,"Vàng SJC 1L, 10L, 1KG (Vàng miếng 99.99%)",TP. Hồ Chí Minh,36440000,36550000,3644000,3655000,36495000,3649500,110000,Giavang Archive
2019-03-31,08:32,"Vàng SJC 1L, 10L, 1KG (Vàng miếng 99.99%)",TP. Hồ Chí Minh,36440000,36550000,3644000,3655000,36495000,3649500,110000,Giavang Archive
2019-04-01,08:30,"Vàng SJC 1L, 10L, 1KG (Vàng miếng 99.99%)",TP. Hồ Chí Minh,36370000,36530000,3637000,3653000,36450000,3645000,160000,Giavang Archive
2019-04-02,10:04,"Vàng SJC 1L, 10L, 1KG (Vàng miếng 99.99%)",TP. Hồ Chí Minh,36330000,36490000,3633000,3649000,36410000,3641000,160000,Giavang Archive
2019-04-03,08:23,"Vàng SJC 1L, 10L, 1KG (Vàng miếng 99.99%)",TP. Hồ Chí Minh,36330000,36490000,3633000,3649000,36410000,3641000,160000,Giavang Archive
2019-04-04,08:47,"Vàng SJC 1L, 10L, 1KG (Vàng miếng 99.99%)",TP. Hồ Chí Minh,36350000,36500000,3635000,3650000,36425000,3642500,150000,Giavang Archive
2019-04-05,08:32,"Vàng SJC 1L, 10L, 1KG (Vàng miếng 99.99%)",TP. Hồ Chí Minh,36330000,36480000,3633000,3648000,36405000,3640500,150000,Giavang Archive
2019-04-06,08:39,"Vàng SJC 1L, 10L, 1KG (Vàng miếng 99.99%)",TP. Hồ Chí Minh,36330000,36480000,3633000,3648000,36405000,3640500,150000,Giavang Archive
2019-04-07,08:39,"Vàng SJC 1L, 10L, 1KG (Vàng miếng 99.99%)",TP. Hồ Chí Minh,36330000,36480000,3633000,3648000,36405000,3640500,150000,Giavang Archive
2019-04-08,09:07,"Vàng SJC 1L, 10L, 1KG (Vàng miếng 99.99%)",TP. Hồ Chí Minh,36370000,36520000,3637000,3652000,36445000,3644500,150000,Giavang Archive
2019-04-09,08:24,"Vàng SJC 1L, 10L, 1KG (Vàng miếng 99.99%)",TP. Hồ Chí Minh,36370000,36520000,3637000,3652000,36445000,3644500,150000,Giavang Archive
2019-04-10,09:09,"Vàng SJC 1L, 10L, 1KG (Vàng miếng 99.99%)",TP. Hồ Chí Minh,36410000,36560000,3641000,3656000,36485000,3648500,150000,Giavang Archive
2019-04-11,09:10,"Vàng SJC 1L, 10L, 1KG (Vàng miếng 99.99%)",TP. Hồ Chí Minh,36420000,36570000,3642000,3657000,36495000,3649500,150000,Giavang Archive
2019-04-12,08:25,"Vàng SJC 1L, 10L, 1KG (Vàng miếng 99.99%)",TP. Hồ Chí Minh,36340000,36490000,3634000,3649000,36415000,3641500,150000,Giavang Archive
2019-04-13,08:39,"Vàng SJC 1L, 10L, 1KG (Vàng miếng 99.99%)",TP. Hồ Chí Minh,36340000,36490000,3634000,3649000,36415000,3641500,150000,Giavang Archive
2019-04-14,08:39,"Vàng SJC 1L, 10L, 1KG (Vàng miếng 99.99%)",TP. Hồ Chí Minh,36340000,36490000,3634000,3649000,36415000,3641500,150000,Giavang Archive
2019-04-15,08:39,"Vàng SJC 1L, 10L, 1KG (Vàng miếng 99.99%)",TP. Hồ Chí Minh,36340000,36490000,3634000,3649000,36415000,3641500,150000,Giavang Archive
2019-04-16,14:20,"Vàng SJC 1L, 10L, 1KG (Vàng miếng 99.99%)",TP. Hồ Chí Minh,36290000,36440000,3629000,3644000,36365000,3636500,150000,Giavang Archive
2019-04-17,08:26,"Vàng SJC 1L, 10L, 1KG (Vàng miếng 99.99%)",TP. Hồ Chí Minh,36200000,36350000,3620000,3635000,36275000,3627500,150000,Giavang Archive
2019-04-18,08:39,"Vàng SJC 1L, 10L, 1KG (Vàng miếng 99.99%)",TP. Hồ Chí Minh,36210000,36360000,3621000,3636000,36285000,3628500,150000,Giavang Archive
2019-04-19,08:17,"Vàng SJC 1L, 10L, 1KG (Vàng miếng 99.99%)",TP. Hồ Chí Minh,36200000,36350000,3620000,3635000,36275000,3627500,150000,Giavang Archive
2019-04-20,08:14,"Vàng SJC 1L, 10L, 1KG (Vàng miếng 99.99%)",TP. Hồ Chí Minh,36230000,36380000,3623000,3638000,36305000,3630500,150000,Giavang Archive
2019-04-21,08:14,"Vàng SJC 1L, 10L, 1KG (Vàng miếng 99.99%)",TP. Hồ Chí Minh,36230000,36380000,3623000,3638000,36305000,3630500,150000,Giavang Archive
2019-04-22,08:46,"Vàng SJC 1L, 10L, 1KG (Vàng miếng 99.99%)",TP. Hồ Chí Minh,36200000,36350000,3620000,3635000,36275000,3627500,150000,Giavang Archive
2019-04-23,08:32,"Vàng SJC 1L, 10L, 1KG (Vàng miếng 99.99%)",TP. Hồ Chí Minh,36140000,36310000,3614000,3631000,36225000,3622500,170000,Giavang Archive
2019-04-24,08:25,"Vàng SJC 1L, 10L, 1KG (Vàng miếng 99.99%)",TP. Hồ Chí Minh,36130000,36300000,3613000,3630000,36215000,3621500,170000,Giavang Archive
2019-04-25,09:11,"Vàng SJC 1L, 10L, 1KG (Vàng miếng 99.99%)",TP. Hồ Chí Minh,36180000,36350000,3618000,3635000,36265000,3626500,170000,Giavang Archive
2019-04-26,09:20,"Vàng SJC 1L, 10L, 1KG (Vàng miếng 99.99%)",TP. Hồ Chí Minh,36250000,36420000,3625000,3642000,36335000,3633500,170000,Giavang Archive
2019-04-27,08:30,"Vàng SJC 1L, 10L, 1KG (Vàng miếng 99.99%)",TP. Hồ Chí Minh,36300000,36500000,3630000,3650000,36400000,3640000,200000,Giavang Archive
2019-04-28,08:30,"Vàng SJC 1L, 10L, 1KG (Vàng miếng 99.99%)",TP. Hồ Chí Minh,36300000,36500000,3630000,3650000,36400000,3640000,200000,Giavang Archive
2019-04-29,08:30,"Vàng SJC 1L, 10L, 1KG (Vàng miếng 99.99%)",TP. Hồ Chí Minh,36300000,36500000,3630000,3650000,36400000,3640000,200000,Giavang Archive
2019-04-30,08:30,"Vàng SJC 1L, 10L, 1KG (Vàng miếng 99.99%)",TP. Hồ Chí Minh,36300000,36500000,3630000,3650000,36400000,3640000,200000,Giavang Archive
2019-05-01,08:30,"Vàng SJC 1L, 10L, 1KG (Vàng miếng 99.99%)",TP. Hồ Chí Minh,36300000,36500000,3630000,3650000,36400000,3640000,200000,Giavang Archive
2019-05-02,08:15,"Vàng SJC 1L, 10L, 1KG (Vàng miếng 99.99%)",TP. Hồ Chí Minh,36100000,36270000,3610000,3627000,36185000,3618500,170000,Giavang Archive
2019-05-03,08:25,"Vàng SJC 1L, 10L, 1KG (Vàng miếng 99.99%)",TP. Hồ Chí Minh,36070000,36240000,3607000,3624000,36155000,3615500,170000,Giavang Archive
2019-05-04,08:25,"Vàng SJC 1L, 10L, 1KG (Vàng miếng 99.99%)",TP. Hồ Chí Minh,36180000,36350000,3618000,3635000,36265000,3626500,170000,Giavang Archive
2019-05-05,08:25,"Vàng SJC 1L, 10L, 1KG (Vàng miếng 99.99%)",TP. Hồ Chí Minh,36180000,36350000,3618000,3635000,36265000,3626500,170000,Giavang Archive
2019-05-06,08:30,"Vàng SJC 1L, 10L, 1KG (Vàng miếng 99.99%)",TP. Hồ Chí Minh,36200000,36370000,3620000,3637000,36285000,3628500,170000,Giavang Archive
2019-05-07,08:25,"Vàng SJC 1L, 10L, 1KG (Vàng miếng 99.99%)",TP. Hồ Chí Minh,36160000,36330000,3616000,3633000,36245000,3624500,170000,Giavang Archive
2019-05-08,08:45,"Vàng SJC 1L, 10L, 1KG (Vàng miếng 99.99%)",TP. Hồ Chí Minh,36200000,36370000,3620000,3637000,36285000,3628500,170000,Giavang Archive
2019-05-09,08:25,"Vàng SJC 1L, 10L, 1KG (Vàng miếng 99.99%)",TP. Hồ Chí Minh,36180000,36350000,3618000,3635000,36265000,3626500,170000,Giavang Archive
2019-05-10,09:00,"Vàng SJC 1L, 10L, 1KG (Vàng miếng 99.99%)",TP. Hồ Chí Minh,36240000,36410000,3624000,3641000,36325000,3632500,170000,Giavang Archive
2019-05-11,08:35,"Vàng SJC 1L, 10L, 1KG (Vàng miếng 99.99%)",TP. Hồ Chí Minh,36260000,36430000,3626000,3643000,36345000,3634500,170000,Giavang Archive
2019-05-12,08:35,"Vàng SJC 1L, 10L, 1KG (Vàng miếng 99.99%)",TP. Hồ Chí Minh,36260000,36430000,3626000,3643000,36345000,3634500,170000,Giavang Archive
2019-05-13,10:00,"Vàng SJC 1L, 10L, 1KG (Vàng miếng 99.99%)",TP. Hồ Chí Minh,36200000,36370000,3620000,3637000,36285000,3628500,170000,Giavang Archive
2019-05-14,08:25,"Vàng SJC 1L, 10L, 1KG (Vàng miếng 99.99%)",TP. Hồ Chí Minh,36380000,36550000,3638000,3655000,36465000,3646500,170000,Giavang Archive
2019-05-15,09:30,"Vàng SJC 1L, 10L, 1KG (Vàng miếng 99.99%)",TP. Hồ Chí Minh,36340000,36510000,3634000,3651000,36425000,3642500,170000,Giavang Archive
2019-05-16,08:25,"Vàng SJC 1L, 10L, 1KG (Vàng miếng 99.99%)",TP. Hồ Chí Minh,36340000,36510000,3634000,3651000,36425000,3642500,170000,Giavang Archive
2019-05-17,09:20,"Vàng SJC 1L, 10L, 1KG (Vàng miếng 99.99%)",TP. Hồ Chí Minh,36300000,36470000,3630000,3647000,36385000,3638500,170000,Giavang Archive
2019-05-18,08:25,"Vàng SJC 1L, 10L, 1KG (Vàng miếng 99.99%)",TP. Hồ Chí Minh,36260000,36430000,3626000,3643000,36345000,3634500,170000,Giavang Archive
2019-05-19,08:25,"Vàng SJC 1L, 10L, 1KG (Vàng miếng 99.99%)",TP. Hồ Chí Minh,36260000,36430000,3626000,3643000,36345000,3634500,170000,Giavang Archive
2019-05-20,08:25,"Vàng SJC 1L, 10L, 1KG (Vàng miếng 99.99%)",TP. Hồ Chí Minh,36200000,36370000,3620000,3637000,36285000,3628500,170000,Giavang Archive
2019-05-21,08:15,"Vàng SJC 1L, 10L, 1KG (Vàng miếng 99.99%)",TP. Hồ Chí Minh,36150000,36320000,3615000,3632000,36235000,3623500,170000,Giavang Archive
2019-05-22,08:35,"Vàng SJC 1L, 10L, 1KG (Vàng miếng 99.99%)",TP. Hồ Chí Minh,36130000,36300000,3613000,3630000,36215000,3621500,170000,Giavang Archive
2019-05-23,08:20,"Vàng SJC 1L, 10L, 1KG (Vàng miếng 99.99%)",TP. Hồ Chí Minh,36160000,36330000,3616000,3633000,36245000,3624500,170000,Giavang Archive
2019-05-24,08:25,"Vàng SJC 1L, 10L, 1KG (Vàng miếng 99.99%)",TP. Hồ Chí Minh,36250000,36420000,3625000,3642000,36335000,3633500,170000,Giavang Archive
2019-05-25,08:25,"Vàng SJC 1L, 10L, 1KG (Vàng miếng 99.99%)",TP. Hồ Chí Minh,36280000,36450000,3628000,3645000,36365000,3636500,170000,Giavang Archive
2019-05-26,08:25,"Vàng SJC 1L, 10L, 1KG (Vàng miếng 99.99%)",TP. Hồ Chí Minh,36280000,36450000,3628000,3645000,36365000,3636500,170000,Giavang Archive
2019-05-27,08:25,"Vàng SJC 1L, 10L, 1KG (Vàng miếng 99.99%)",TP. Hồ Chí Minh,36280000,36450000,3628000,3645000,36365000,3636500,170000,Giavang Archive
2019-05-28,08:20,"Vàng SJC 1L, 10L, 1KG (Vàng miếng 99.99%)",TP. Hồ Chí Minh,36230000,36400000,3623000,3640000,36315000,3631500,170000,Giavang Archive
2019-05-29,09:00,"Vàng SJC 1L, 10L, 1KG (Vàng miếng 99.99%)",TP. Hồ Chí Minh,36190000,36360000,3619000,3636000,36275000,3627500,170000,Giavang Archive
2019-05-30,08:25,"Vàng SJC 1L, 10L, 1KG (Vàng miếng 99.99%)",TP. Hồ Chí Minh,36150000,36340000,3615000,3634000,36245000,3624500,190000,Giavang Archive
2019-05-31,08:35,"Vàng SJC 1L, 10L, 1KG (Vàng miếng 99.99%)",TP. Hồ Chí Minh,36330000,36500000,3633000,3650000,36415000,3641500,170000,Giavang Archive
2019-06-01,08:20,"Vàng SJC 1L, 10L, 1KG (Vàng miếng 99.99%)",TP. Hồ Chí Minh,36500000,36700000,3650000,3670000,36600000,3660000,200000,Giavang Archive
2019-06-02,08:20,"Vàng SJC 1L, 10L, 1KG (Vàng miếng 99.99%)",TP. Hồ Chí Minh,36500000,36700000,3650000,3670000,36600000,3660000,200000,Giavang Archive
2019-06-03,08:25,"Vàng SJC 1L, 10L, 1KG (Vàng miếng 99.99%)",TP. Hồ Chí Minh,36640000,36810000,3664000,3681000,36725000,3672500,170000,Giavang Archive
2019-06-04,08:20,"Vàng SJC 1L, 10L, 1KG (Vàng miếng 99.99%)",TP. Hồ Chí Minh,36820000,37020000,3682000,3702000,36920000,3692000,200000,Giavang Archive
2019-06-05,08:20,"Vàng SJC 1L, 10L, 1KG (Vàng miếng 99.99%)",TP. Hồ Chí Minh,36900000,37150000,3690000,3715000,37025000,3702500,250000,Giavang Archive
2019-06-06,09:10,"Vàng SJC 1L, 10L, 1KG (Vàng miếng 99.99%)",TP. Hồ Chí Minh,36950000,37200000,3695000,3720000,37075000,3707500,250000,Giavang Archive
2019-06-07,10:20,"Vàng SJC 1L, 10L, 1KG (Vàng miếng 99.99%)",TP. Hồ Chí Minh,37000000,37200000,3700000,3720000,37100000,3710000,200000,Giavang Archive
2019-06-08,08:40,"Vàng SJC 1L, 10L, 1KG (Vàng miếng 99.99%)",TP. Hồ Chí Minh,37150000,37450000,3715000,3745000,37300000,3730000,300000,Giavang Archive
2019-06-09,08:40,"Vàng SJC 1L, 10L, 1KG (Vàng miếng 99.99%)",TP. Hồ Chí Minh,37150000,37450000,3715000,3745000,37300000,3730000,300000,Giavang Archive
2019-06-10,08:20,"Vàng SJC 1L, 10L, 1KG (Vàng miếng 99.99%)",TP. Hồ Chí Minh,37050000,37250000,3705000,3725000,37150000,3715000,200000,Giavang Archive
2019-06-11,08:50,"Vàng SJC 1L, 10L, 1KG (Vàng miếng 99.99%)",TP. Hồ Chí Minh,36910000,37110000,3691000,3711000,37010000,3701000,200000,Giavang Archive
2019-06-12,08:25,"Vàng SJC 1L, 10L, 1KG (Vàng miếng 99.99%)",TP. Hồ Chí Minh,37150000,37400000,3715000,3740000,37275000,3727500,250000,Giavang Archive
2019-06-13,08:20,"Vàng SJC 1L, 10L, 1KG (Vàng miếng 99.99%)",TP. Hồ Chí Minh,37200000,37400000,3720000,3740000,37300000,3730000,200000,Giavang Archive
2019-06-14,08:35,"Vàng SJC 1L, 10L, 1KG (Vàng miếng 99.99%)",TP. Hồ Chí Minh,37400000,37800000,3740000,3780000,37600000,3760000,400000,Giavang Archive
2019-06-15,08:55,"Vàng SJC 1L, 10L, 1KG (Vàng miếng 99.99%)",TP. Hồ Chí Minh,37300000,37600000,3730000,3760000,37450000,3745000,300000,Giavang Archive
2019-06-16,08:55,"Vàng SJC 1L, 10L, 1KG (Vàng miếng 99.99%)",TP. Hồ Chí Minh,37300000,37600000,3730000,3760000,37450000,3745000,300000,Giavang Archive
2019-06-17,08:25,"Vàng SJC 1L, 10L, 1KG (Vàng miếng 99.99%)",TP. Hồ Chí Minh,37300000,37500000,3730000,3750000,37400000,3740000,200000,Giavang Archive
2019-06-18,09:05,"Vàng SJC 1L, 10L, 1KG (Vàng miếng 99.99%)",TP. Hồ Chí Minh,37500000,37700000,3750000,3770000,37600000,3760000,200000,Giavang Archive
2019-06-19,08:20,"Vàng SJC 1L, 10L, 1KG (Vàng miếng 99.99%)",TP. Hồ Chí Minh,37400000,37600000,3740000,3760000,37500000,3750000,200000,Giavang Archive
2019-06-20,08:30,"Vàng SJC 1L, 10L, 1KG (Vàng miếng 99.99%)",TP. Hồ Chí Minh,38180000,38430000,3818000,3843000,38305000,3830500,250000,Giavang Archive
2019-06-21,08:20,"Vàng SJC 1L, 10L, 1KG (Vàng miếng 99.99%)",TP. Hồ Chí Minh,38400000,38650000,3840000,3865000,38525000,3852500,250000,Giavang Archive
2019-06-22,08:25,"Vàng SJC 1L, 10L, 1KG (Vàng miếng 99.99%)",TP. Hồ Chí Minh,38600000,38850000,3860000,3885000,38725000,3872500,250000,Giavang Archive
2019-06-23,08:25,"Vàng SJC 1L, 10L, 1KG (Vàng miếng 99.99%)",TP. Hồ Chí Minh,38600000,38850000,3860000,3885000,38725000,3872500,250000,Giavang Archive
2019-06-24,08:20,"Vàng SJC 1L, 10L, 1KG (Vàng miếng 99.99%)",TP. Hồ Chí Minh,38600000,38850000,3860000,3885000,38725000,3872500,250000,Giavang Archive
2019-06-25,08:25,"Vàng SJC 1L, 10L, 1KG (Vàng miếng 99.99%)",TP. Hồ Chí Minh,39100000,39400000,3910000,3940000,39250000,3925000,300000,Giavang Archive
2019-06-26,08:25,"Vàng SJC 1L, 10L, 1KG (Vàng miếng 99.99%)",TP. Hồ Chí Minh,38800000,39050000,3880000,3905000,38925000,3892500,250000,Giavang Archive
2019-06-27,09:00,"Vàng SJC 1L, 10L, 1KG (Vàng miếng 99.99%)",TP. Hồ Chí Minh,38450000,38700000,3845000,3870000,38575000,3857500,250000,Giavang Archive
2019-06-28,08:25,"Vàng SJC 1L, 10L, 1KG (Vàng miếng 99.99%)",TP. Hồ Chí Minh,38650000,38900000,3865000,3890000,38775000,3877500,250000,Giavang Archive
2019-06-29,08:20,"Vàng SJC 1L, 10L, 1KG (Vàng miếng 99.99%)",TP. Hồ Chí Minh,38650000,38900000,3865000,3890000,38775000,3877500,250000,Giavang Archive
2019-06-30,08:20,"Vàng SJC 1L, 10L, 1KG (Vàng miếng 99.99%)",TP. Hồ Chí Minh,38650000,38900000,3865000,3890000,38775000,3877500,250000,Giavang Archive
2019-07-01,08:25,"Vàng SJC 1L, 10L, 1KG (Vàng miếng 99.99%)",TP. Hồ Chí Minh,38100000,38350000,3810000,3835000,38225000,3822500,250000,Giavang Archive
2019-07-02,10:05,"Vàng SJC 1L, 10L, 1KG (Vàng miếng 99.99%)",TP. Hồ Chí Minh,38250000,38450000,3825000,3845000,38350000,3835000,200000,Giavang Archive
2019-07-03,07:55,"Vàng SJC 1L, 10L, 1KG (Vàng miếng 99.99%)",TP. Hồ Chí Minh,38850000,39150000,3885000,3915000,39000000,3900000,300000,Giavang Archive
2019-07-04,08:30,"Vàng SJC 1L, 10L, 1KG (Vàng miếng 99.99%)",TP. Hồ Chí Minh,38750000,39000000,3875000,3900000,38875000,3887500,250000,Giavang Archive
2019-07-05,08:30,"Vàng SJC 1L, 10L, 1KG (Vàng miếng 99.99%)",TP. Hồ Chí Minh,38850000,39100000,3885000,3910000,38975000,3897500,250000,Giavang Archive
2019-07-06,08:30,"Vàng SJC 1L, 10L, 1KG (Vàng miếng 99.99%)",TP. Hồ Chí Minh,38550000,38800000,3855000,3880000,38675000,3867500,250000,Giavang Archive
2019-07-07,08:30,"Vàng SJC 1L, 10L, 1KG (Vàng miếng 99.99%)",TP. Hồ Chí Minh,38550000,38800000,3855000,3880000,38675000,3867500,250000,Giavang Archive
2019-07-08,13:10,"Vàng SJC 1L, 10L, 1KG (Vàng miếng 99.99%)",TP. Hồ Chí Minh,38800000,39050000,3880000,3905000,38925000,3892500,250000,Giavang Archive
2019-07-09,08:30,"Vàng SJC 1L, 10L, 1KG (Vàng miếng 99.99%)",TP. Hồ Chí Minh,38550000,38750000,3855000,3875000,38650000,3865000,200000,Giavang Archive
2019-07-10,09:45,"Vàng SJC 1L, 10L, 1KG (Vàng miếng 99.99%)",TP. Hồ Chí Minh,38700000,38900000,3870000,3890000,38800000,3880000,200000,Giavang Archive
2019-07-11,08:30,"Vàng SJC 1L, 10L, 1KG (Vàng miếng 99.99%)",TP. Hồ Chí Minh,39050000,39350000,3905000,3935000,39200000,3920000,300000,Giavang Archive
2019-07-12,08:30,"Vàng SJC 1L, 10L, 1KG (Vàng miếng 99.99%)",TP. Hồ Chí Minh,38920000,39150000,3892000,3915000,39035000,3903500,230000,Giavang Archive
2019-07-13,08:35,"Vàng SJC 1L, 10L, 1KG (Vàng miếng 99.99%)",TP. Hồ Chí Minh,39000000,39250000,3900000,3925000,39125000,3912500,250000,Giavang Archive
2019-07-14,08:35,"Vàng SJC 1L, 10L, 1KG (Vàng miếng 99.99%)",TP. Hồ Chí Minh,39000000,39250000,3900000,3925000,39125000,3912500,250000,Giavang Archive
2019-07-15,09:40,"Vàng SJC 1L, 10L, 1KG (Vàng miếng 99.99%)",TP. Hồ Chí Minh,39100000,39300000,3910000,3930000,39200000,3920000,200000,Giavang Archive
2019-07-16,08:50,"Vàng SJC 1L, 10L, 1KG (Vàng miếng 99.99%)",TP. Hồ Chí Minh,39050000,39250000,3905000,3925000,39150000,3915000,200000,Giavang Archive
2019-07-17,08:30,"Vàng SJC 1L, 10L, 1KG (Vàng miếng 99.99%)",TP. Hồ Chí Minh,38950000,39150000,3895000,3915000,39050000,3905000,200000,Giavang Archive
2019-07-18,08:05,"Vàng SJC 1L, 10L, 1KG (Vàng miếng 99.99%)",TP. Hồ Chí Minh,39170000,39420000,3917000,3942000,39295000,3929500,250000,Giavang Archive
2019-07-19,08:25,"Vàng SJC 1L, 10L, 1KG (Vàng miếng 99.99%)",TP. Hồ Chí Minh,39600000,39900000,3960000,3990000,39750000,3975000,300000,Giavang Archive
2019-07-20,08:40,"Vàng SJC 1L, 10L, 1KG (Vàng miếng 99.99%)",TP. Hồ Chí Minh,39400000,39700000,3940000,3970000,39550000,3955000,300000,Giavang Archive
2019-07-21,08:40,"Vàng SJC 1L, 10L, 1KG (Vàng miếng 99.99%)",TP. Hồ Chí Minh,39400000,39700000,3940000,3970000,39550000,3955000,300000,Giavang Archive
2019-07-22,08:55,"Vàng SJC 1L, 10L, 1KG (Vàng miếng 99.99%)",TP. Hồ Chí Minh,39500000,39750000,3950000,3975000,39625000,3962500,250000,Giavang Archive
2019-07-23,08:50,"Vàng SJC 1L, 10L, 1KG (Vàng miếng 99.99%)",TP. Hồ Chí Minh,39350000,39600000,3935000,3960000,39475000,3947500,250000,Giavang Archive
2019-07-24,13:50,"Vàng SJC 1L, 10L, 1KG (Vàng miếng 99.99%)",TP. Hồ Chí Minh,39490000,39740000,3949000,3974000,39615000,3961500,250000,Giavang Archive
2019-07-25,09:25,"Vàng SJC 1L, 10L, 1KG (Vàng miếng 99.99%)",TP. Hồ Chí Minh,39550000,39800000,3955000,3980000,39675000,3967500,250000,Giavang Archive
2019-07-26,09:50,"Vàng SJC 1L, 10L, 1KG (Vàng miếng 99.99%)",TP. Hồ Chí Minh,39370000,39620000,3937000,3962000,39495000,3949500,250000,Giavang Archive
2019-07-27,08:30,"Vàng SJC 1L, 10L, 1KG (Vàng miếng 99.99%)",TP. Hồ Chí Minh,39420000,39670000,3942000,3967000,39545000,3954500,250000,Giavang Archive
2019-07-28,08:30,"Vàng SJC 1L, 10L, 1KG (Vàng miếng 99.99%)",TP. Hồ Chí Minh,39420000,39670000,3942000,3967000,39545000,3954500,250000,Giavang Archive
2019-07-29,08:30,"Vàng SJC 1L, 10L, 1KG (Vàng miếng 99.99%)",TP. Hồ Chí Minh,39400000,39620000,3940000,3962000,39510000,3951000,220000,Giavang Archive
2019-07-30,09:00,"Vàng SJC 1L, 10L, 1KG (Vàng miếng 99.99%)",TP. Hồ Chí Minh,39530000,39730000,3953000,3973000,39630000,3963000,200000,Giavang Archive
2019-07-31,08:30,"Vàng SJC 1L, 10L, 1KG (Vàng miếng 99.99%)",TP. Hồ Chí Minh,39600000,39800000,3960000,3980000,39700000,3970000,200000,Giavang Archive
2019-08-01,08:30,"Vàng SJC 1L, 10L, 1KG (Vàng miếng 99.99%)",TP. Hồ Chí Minh,39210000,39440000,3921000,3944000,39325000,3932500,230000,Giavang Archive
2019-08-02,08:35,"Vàng SJC 1L, 10L, 1KG (Vàng miếng 99.99%)",TP. Hồ Chí Minh,39650000,39900000,3965000,3990000,39775000,3977500,250000,Giavang Archive
2019-08-03,08:35,"Vàng SJC 1L, 10L, 1KG (Vàng miếng 99.99%)",TP. Hồ Chí Minh,39700000,39950000,3970000,3995000,39825000,3982500,250000,Giavang Archive
2019-08-04,08:35,"Vàng SJC 1L, 10L, 1KG (Vàng miếng 99.99%)",TP. Hồ Chí Minh,39700000,39950000,3970000,3995000,39825000,3982500,250000,Giavang Archive
2019-08-05,08:30,"Vàng SJC 1L, 10L, 1KG (Vàng miếng 99.99%)",TP. Hồ Chí Minh,40250000,40550000,4025000,4055000,40400000,4040000,300000,Giavang Archive
2019-08-06,08:30,"Vàng SJC 1L, 10L, 1KG (Vàng miếng 99.99%)",TP. Hồ Chí Minh,40500000,40800000,4050000,4080000,40650000,4065000,300000,Giavang Archive
2019-08-07,08:40,"Vàng SJC 1L, 10L, 1KG (Vàng miếng 99.99%)",TP. Hồ Chí Minh,41200000,41600000,4120000,4160000,41400000,4140000,400000,Giavang Archive
2019-08-08,08:30,"Vàng SJC 1L, 10L, 1KG (Vàng miếng 99.99%)",TP. Hồ Chí Minh,41850000,42250000,4185000,4225000,42050000,4205000,400000,Giavang Archive
2019-08-09,08:30,"Vàng SJC 1L, 10L, 1KG (Vàng miếng 99.99%)",TP. Hồ Chí Minh,41650000,42050000,4165000,4205000,41850000,4185000,400000,Giavang Archive
2019-08-10,08:30,"Vàng SJC 1L, 10L, 1KG (Vàng miếng 99.99%)",TP. Hồ Chí Minh,41450000,41850000,4145000,4185000,41650000,4165000,400000,Giavang Archive
2019-08-11,08:30,"Vàng SJC 1L, 10L, 1KG (Vàng miếng 99.99%)",TP. Hồ Chí Minh,41450000,41850000,4145000,4185000,41650000,4165000,400000,Giavang Archive
2019-08-12,08:20,"Vàng SJC 1L, 10L, 1KG (Vàng miếng 99.99%)",TP. Hồ Chí Minh,41350000,41700000,4135000,4170000,41525000,4152500,350000,Giavang Archive
2019-08-13,08:20,"Vàng SJC 1L, 10L, 1KG (Vàng miếng 99.99%)",TP. Hồ Chí Minh,41850000,42200000,4185000,4220000,42025000,4202500,350000,Giavang Archive
2019-08-14,08:25,"Vàng SJC 1L, 10L, 1KG (Vàng miếng 99.99%)",TP. Hồ Chí Minh,41300000,41650000,4130000,4165000,41475000,4147500,350000,Giavang Archive
2019-08-15,08:25,"Vàng SJC 1L, 10L, 1KG (Vàng miếng 99.99%)",TP. Hồ Chí Minh,41600000,42000000,4160000,4200000,41800000,4180000,400000,Giavang Archive
2019-08-16,08:35,"Vàng SJC 1L, 10L, 1KG (Vàng miếng 99.99%)",TP. Hồ Chí Minh,41500000,41850000,4150000,4185000,41675000,4167500,350000,Giavang Archive
2019-08-17,08:25,"Vàng SJC 1L, 10L, 1KG (Vàng miếng 99.99%)",TP. Hồ Chí Minh,41500000,41900000,4150000,4190000,41700000,4170000,400000,Giavang Archive
2019-08-18,08:25,"Vàng SJC 1L, 10L, 1KG (Vàng miếng 99.99%)",TP. Hồ Chí Minh,41500000,41900000,4150000,4190000,41700000,4170000,400000,Giavang Archive
2019-08-19,08:25,"Vàng SJC 1L, 10L, 1KG (Vàng miếng 99.99%)",TP. Hồ Chí Minh,41300000,41650000,4130000,4165000,41475000,4147500,350000,Giavang Archive
2019-08-20,08:40,"Vàng SJC 1L, 10L, 1KG (Vàng miếng 99.99%)",TP. Hồ Chí Minh,41450000,41750000,4145000,4175000,41600000,4160000,300000,Giavang Archive
2019-08-21,08:30,"Vàng SJC 1L, 10L, 1KG (Vàng miếng 99.99%)",TP. Hồ Chí Minh,41300000,41600000,4130000,4160000,41450000,4145000,300000,Giavang Archive
2019-08-22,08:30,"Vàng SJC 1L, 10L, 1KG (Vàng miếng 99.99%)",TP. Hồ Chí Minh,41430000,41730000,4143000,4173000,41580000,4158000,300000,Giavang Archive
2019-08-23,08:25,"Vàng SJC 1L, 10L, 1KG (Vàng miếng 99.99%)",TP. Hồ Chí Minh,41450000,41750000,4145000,4175000,41600000,4160000,300000,Giavang Archive
2019-08-24,08:40,"Vàng SJC 1L, 10L, 1KG (Vàng miếng 99.99%)",TP. Hồ Chí Minh,42050000,42400000,4205000,4240000,42225000,4222500,350000,Giavang Archive
2019-08-25,08:40,"Vàng SJC 1L, 10L, 1KG (Vàng miếng 99.99%)",TP. Hồ Chí Minh,42050000,42400000,4205000,4240000,42225000,4222500,350000,Giavang Archive
2019-08-26,08:25,"Vàng SJC 1L, 10L, 1KG (Vàng miếng 99.99%)",TP. Hồ Chí Minh,42400000,42800000,4240000,4280000,42600000,4260000,400000,Giavang Archive
2019-08-27,08:25,"Vàng SJC 1L, 10L, 1KG (Vàng miếng 99.99%)",TP. Hồ Chí Minh,42300000,42700000,4230000,4270000,42500000,4250000,400000,Giavang Archive
2019-08-28,09:05,"Vàng SJC 1L, 10L, 1KG (Vàng miếng 99.99%)",TP. Hồ Chí Minh,42400000,42800000,4240000,4280000,42600000,4260000,400000,Giavang Archive
2019-08-29,09:10,"Vàng SJC 1L, 10L, 1KG (Vàng miếng 99.99%)",TP. Hồ Chí Minh,42550000,42900000,4255000,4290000,42725000,4272500,350000,Giavang Archive
2019-08-30,08:35,"Vàng SJC 1L, 10L, 1KG (Vàng miếng 99.99%)",TP. Hồ Chí Minh,42300000,42650000,4230000,4265000,42475000,4247500,350000,Giavang Archive
2019-08-31,08:35,"Vàng SJC 1L, 10L, 1KG (Vàng miếng 99.99%)",TP. Hồ Chí Minh,42250000,42600000,4225000,4260000,42425000,4242500,350000,Giavang Archive
2019-09-01,08:35,"Vàng SJC 1L, 10L, 1KG (Vàng miếng 99.99%)",TP. Hồ Chí Minh,42250000,42600000,4225000,4260000,42425000,4242500,350000,Giavang Archive
2019-09-02,08:35,"Vàng SJC 1L, 10L, 1KG (Vàng miếng 99.99%)",TP. Hồ Chí Minh,42250000,42600000,4225000,4260000,42425000,4242500,350000,Giavang Archive
2019-09-03,08:35,"Vàng SJC 1L, 10L, 1KG (Vàng miếng 99.99%)",TP. Hồ Chí Minh,42350000,42650000,4235000,4265000,42500000,4250000,300000,Giavang Archive
2019-09-04,08:40,"Vàng SJC 1L, 10L, 1KG (Vàng miếng 99.99%)",TP. Hồ Chí Minh,42400000,42750000,4240000,4275000,42575000,4257500,350000,Giavang Archive
2019-09-05,08:35,"Vàng SJC 1L, 10L, 1KG (Vàng miếng 99.99%)",TP. Hồ Chí Minh,42550000,42900000,4255000,4290000,42725000,4272500,350000,Giavang Archive
2019-09-06,10:20,"Vàng SJC 1L, 10L, 1KG (Vàng miếng 99.99%)",TP. Hồ Chí Minh,42100000,42450000,4210000,4245000,42275000,4227500,350000,Giavang Archive
2019-09-07,08:30,"Vàng SJC 1L, 10L, 1KG (Vàng miếng 99.99%)",TP. Hồ Chí Minh,42100000,42450000,4210000,4245000,42275000,4227500,350000,Giavang Archive
2019-09-08,08:30,"Vàng SJC 1L, 10L, 1KG (Vàng miếng 99.99%)",TP. Hồ Chí Minh,42100000,42450000,4210000,4245000,42275000,4227500,350000,Giavang Archive
2019-09-09,08:15,"Vàng SJC 1L, 10L, 1KG (Vàng miếng 99.99%)",TP. Hồ Chí Minh,41750000,42100000,4175000,4210000,41925000,4192500,350000,Giavang Archive
2019-09-10,08:20,"Vàng SJC 1L, 10L, 1KG (Vàng miếng 99.99%)",TP. Hồ Chí Minh,41400000,41800000,4140000,4180000,41600000,4160000,400000,Giavang Archive
2019-09-11,08:30,"Vàng SJC 1L, 10L, 1KG (Vàng miếng 99.99%)",TP. Hồ Chí Minh,41300000,41700000,4130000,4170000,41500000,4150000,400000,Giavang Archive
2019-09-12,08:20,"Vàng SJC 1L, 10L, 1KG (Vàng miếng 99.99%)",TP. Hồ Chí Minh,41600000,41950000,4160000,4195000,41775000,4177500,350000,Giavang Archive
2019-09-13,08:40,"Vàng SJC 1L, 10L, 1KG (Vàng miếng 99.99%)",TP. Hồ Chí Minh,41800000,42150000,4180000,4215000,41975000,4197500,350000,Giavang Archive
2019-09-14,08:35,"Vàng SJC 1L, 10L, 1KG (Vàng miếng 99.99%)",TP. Hồ Chí Minh,41550000,41900000,4155000,4190000,41725000,4172500,350000,Giavang Archive
2019-09-15,08:35,"Vàng SJC 1L, 10L, 1KG (Vàng miếng 99.99%)",TP. Hồ Chí Minh,41550000,41900000,4155000,4190000,41725000,4172500,350000,Giavang Archive
2019-09-16,08:20,"Vàng SJC 1L, 10L, 1KG (Vàng miếng 99.99%)",TP. Hồ Chí Minh,41600000,41950000,4160000,4195000,41775000,4177500,350000,Giavang Archive
2019-09-17,08:30,"Vàng SJC 1L, 10L, 1KG (Vàng miếng 99.99%)",TP. Hồ Chí Minh,41550000,41850000,4155000,4185000,41700000,4170000,300000,Giavang Archive
2019-09-18,08:35,"Vàng SJC 1L, 10L, 1KG (Vàng miếng 99.99%)",TP. Hồ Chí Minh,41650000,41950000,4165000,4195000,41800000,4180000,300000,Giavang Archive
2019-09-19,08:25,"Vàng SJC 1L, 10L, 1KG (Vàng miếng 99.99%)",TP. Hồ Chí Minh,41650000,41950000,4165000,4195000,41800000,4180000,300000,Giavang Archive
2019-09-20,08:40,"Vàng SJC 1L, 10L, 1KG (Vàng miếng 99.99%)",TP. Hồ Chí Minh,41650000,41950000,4165000,4195000,41800000,4180000,300000,Giavang Archive
2019-09-21,08:30,"Vàng SJC 1L, 10L, 1KG (Vàng miếng 99.99%)",TP. Hồ Chí Minh,41900000,42200000,4190000,4220000,42050000,4205000,300000,Giavang Archive
2019-09-22,08:30,"Vàng SJC 1L, 10L, 1KG (Vàng miếng 99.99%)",TP. Hồ Chí Minh,41900000,42200000,4190000,4220000,42050000,4205000,300000,Giavang Archive
2019-09-23,08:50,"Vàng SJC 1L, 10L, 1KG (Vàng miếng 99.99%)",TP. Hồ Chí Minh,41980000,42280000,4198000,4228000,42130000,4213000,300000,Giavang Archive
2019-09-24,08:10,"Vàng SJC 1L, 10L, 1KG (Vàng miếng 99.99%)",TP. Hồ Chí Minh,42050000,42350000,4205000,4235000,42200000,4220000,300000,Giavang Archive
2019-09-25,09:00,"Vàng SJC 1L, 10L, 1KG (Vàng miếng 99.99%)",TP. Hồ Chí Minh,42250000,42600000,4225000,4260000,42425000,4242500,350000,Giavang Archive
2019-09-26,08:30,"Vàng SJC 1L, 10L, 1KG (Vàng miếng 99.99%)",TP. Hồ Chí Minh,41950000,42250000,4195000,4225000,42100000,4210000,300000,Giavang Archive
2019-09-27,08:35,"Vàng SJC 1L, 10L, 1KG (Vàng miếng 99.99%)",TP. Hồ Chí Minh,41700000,42000000,4170000,4200000,41850000,4185000,300000,Giavang Archive
2019-09-28,08:35,"Vàng SJC 1L, 10L, 1KG (Vàng miếng 99.99%)",TP. Hồ Chí Minh,41700000,42000000,4170000,4200000,41850000,4185000,300000,Giavang Archive
2019-09-29,08:35,"Vàng SJC 1L, 10L, 1KG (Vàng miếng 99.99%)",TP. Hồ Chí Minh,41700000,42000000,4170000,4200000,41850000,4185000,300000,Giavang Archive
2019-09-30,08:35,"Vàng SJC 1L, 10L, 1KG (Vàng miếng 99.99%)",TP. Hồ Chí Minh,41500000,41800000,4150000,4180000,41650000,4165000,300000,Giavang Archive
2019-10-01,08:30,"Vàng SJC 1L, 10L, 1KG (Vàng miếng 99.99%)",TP. Hồ Chí Minh,40950000,41250000,4095000,4125000,41100000,4110000,300000,Giavang Archive
2019-10-02,09:35,"Vàng SJC 1L, 10L, 1KG (Vàng miếng 99.99%)",TP. Hồ Chí Minh,41200000,41550000,4120000,4155000,41375000,4137500,350000,Giavang Archive
2019-10-03,08:30,"Vàng SJC 1L, 10L, 1KG (Vàng miếng 99.99%)",TP. Hồ Chí Minh,41650000,41950000,4165000,4195000,41800000,4180000,300000,Giavang Archive
2019-10-04,08:35,"Vàng SJC 1L, 10L, 1KG (Vàng miếng 99.99%)",TP. Hồ Chí Minh,41750000,42050000,4175000,4205000,41900000,4190000,300000,Giavang Archive
2019-10-05,08:40,"Vàng SJC 1L, 10L, 1KG (Vàng miếng 99.99%)",TP. Hồ Chí Minh,41750000,42050000,4175000,4205000,41900000,4190000,300000,Giavang Archive
2019-10-06,08:40,"Vàng SJC 1L, 10L, 1KG (Vàng miếng 99.99%)",TP. Hồ Chí Minh,41750000,42050000,4175000,4205000,41900000,4190000,300000,Giavang Archive
2019-10-07,08:30,"Vàng SJC 1L, 10L, 1KG (Vàng miếng 99.99%)",TP. Hồ Chí Minh,41650000,41950000,4165000,4195000,41800000,4180000,300000,Giavang Archive
2019-10-08,08:30,"Vàng SJC 1L, 10L, 1KG (Vàng miếng 99.99%)",TP. Hồ Chí Minh,41600000,41850000,4160000,4185000,41725000,4172500,250000,Giavang Archive
2019-10-09,08:35,"Vàng SJC 1L, 10L, 1KG (Vàng miếng 99.99%)",TP. Hồ Chí Minh,41790000,42040000,4179000,4204000,41915000,4191500,250000,Giavang Archive
2019-10-10,08:30,"Vàng SJC 1L, 10L, 1KG (Vàng miếng 99.99%)",TP. Hồ Chí Minh,41800000,42050000,4180000,4205000,41925000,4192500,250000,Giavang Archive
2019-10-11,08:35,"Vàng SJC 1L, 10L, 1KG (Vàng miếng 99.99%)",TP. Hồ Chí Minh,41770000,42020000,4177000,4202000,41895000,4189500,250000,Giavang Archive
2019-10-12,08:40,"Vàng SJC 1L, 10L, 1KG (Vàng miếng 99.99%)",TP. Hồ Chí Minh,41500000,41800000,4150000,4180000,41650000,4165000,300000,Giavang Archive
2019-10-13,08:40,"Vàng SJC 1L, 10L, 1KG (Vàng miếng 99.99%)",TP. Hồ Chí Minh,41500000,41800000,4150000,4180000,41650000,4165000,300000,Giavang Archive
2019-10-14,08:35,"Vàng SJC 1L, 10L, 1KG (Vàng miếng 99.99%)",TP. Hồ Chí Minh,41560000,41830000,4156000,4183000,41695000,4169500,270000,Giavang Archive
2019-10-15,08:20,"Vàng SJC 1L, 10L, 1KG (Vàng miếng 99.99%)",TP. Hồ Chí Minh,41470000,41740000,4147000,4174000,41605000,4160500,270000,Giavang Archive
2019-10-16,08:25,"Vàng SJC 1L, 10L, 1KG (Vàng miếng 99.99%)",TP. Hồ Chí Minh,41420000,41690000,4142000,4169000,41555000,4155500,270000,Giavang Archive
2019-10-17,08:25,"Vàng SJC 1L, 10L, 1KG (Vàng miếng 99.99%)",TP. Hồ Chí Minh,41430000,41700000,4143000,4170000,41565000,4156500,270000,Giavang Archive
2019-10-18,08:25,"Vàng SJC 1L, 10L, 1KG (Vàng miếng 99.99%)",TP. Hồ Chí Minh,41480000,41750000,4148000,4175000,41615000,4161500,270000,Giavang Archive
2019-10-19,08:25,"Vàng SJC 1L, 10L, 1KG (Vàng miếng 99.99%)",TP. Hồ Chí Minh,41470000,41750000,4147000,4175000,41610000,4161000,280000,Giavang Archive
2019-10-20,08:25,"Vàng SJC 1L, 10L, 1KG (Vàng miếng 99.99%)",TP. Hồ Chí Minh,41470000,41750000,4147000,4175000,41610000,4161000,280000,Giavang Archive
2019-10-21,08:30,"Vàng SJC 1L, 10L, 1KG (Vàng miếng 99.99%)",TP. Hồ Chí Minh,41500000,41770000,4150000,4177000,41635000,4163500,270000,Giavang Archive
2019-10-22,08:35,"Vàng SJC 1L, 10L, 1KG (Vàng miếng 99.99%)",TP. Hồ Chí Minh,41440000,41720000,4144000,4172000,41580000,4158000,280000,Giavang Archive
2019-10-23,08:35,"Vàng SJC 1L, 10L, 1KG (Vàng miếng 99.99%)",TP. Hồ Chí Minh,41550000,41820000,4155000,4182000,41685000,4168500,270000,Giavang Archive
2019-10-24,08:20,"Vàng SJC 1L, 10L, 1KG (Vàng miếng 99.99%)",TP. Hồ Chí Minh,41500000,41760000,4150000,4176000,41630000,4163000,260000,Giavang Archive
2019-10-25,08:45,"Vàng SJC 1L, 10L, 1KG (Vàng miếng 99.99%)",TP. Hồ Chí Minh,41650000,41930000,4165000,4193000,41790000,4179000,280000,Giavang Archive
2019-10-26,08:30,"Vàng SJC 1L, 10L, 1KG (Vàng miếng 99.99%)",TP. Hồ Chí Minh,41670000,41950000,4167000,4195000,41810000,4181000,280000,Giavang Archive
2019-10-27,08:30,"Vàng SJC 1L, 10L, 1KG (Vàng miếng 99.99%)",TP. Hồ Chí Minh,41670000,41950000,4167000,4195000,41810000,4181000,280000,Giavang Archive
2019-10-28,08:30,"Vàng SJC 1L, 10L, 1KG (Vàng miếng 99.99%)",TP. Hồ Chí Minh,41720000,41980000,4172000,4198000,41850000,4185000,260000,Giavang Archive
2019-10-29,08:35,"Vàng SJC 1L, 10L, 1KG (Vàng miếng 99.99%)",TP. Hồ Chí Minh,41630000,41910000,4163000,4191000,41770000,4177000,280000,Giavang Archive
2019-10-30,08:25,"Vàng SJC 1L, 10L, 1KG (Vàng miếng 99.99%)",TP. Hồ Chí Minh,41530000,41810000,4153000,4181000,41670000,4167000,280000,Giavang Archive
2019-10-31,08:35,"Vàng SJC 1L, 10L, 1KG (Vàng miếng 99.99%)",TP. Hồ Chí Minh,41680000,41960000,4168000,4196000,41820000,4182000,280000,Giavang Archive
2019-11-01,08:25,"Vàng SJC 1L, 10L, 1KG (Vàng miếng 99.99%)",TP. Hồ Chí Minh,41860000,42140000,4186000,4214000,42000000,4200000,280000,Giavang Archive
2019-11-02,09:25,"Vàng SJC 1L, 10L, 1KG (Vàng miếng 99.99%)",TP. Hồ Chí Minh,41880000,42160000,4188000,4216000,42020000,4202000,280000,Giavang Archive
2019-11-03,09:25,"Vàng SJC 1L, 10L, 1KG (Vàng miếng 99.99%)",TP. Hồ Chí Minh,41880000,42160000,4188000,4216000,42020000,4202000,280000,Giavang Archive
2019-11-04,08:25,"Vàng SJC 1L, 10L, 1KG (Vàng miếng 99.99%)",TP. Hồ Chí Minh,41790000,42050000,4179000,4205000,41920000,4192000,260000,Giavang Archive
2019-11-05,08:25,"Vàng SJC 1L, 10L, 1KG (Vàng miếng 99.99%)",TP. Hồ Chí Minh,41710000,41980000,4171000,4198000,41845000,4184500,270000,Giavang Archive
2019-11-06,08:35,"Vàng SJC 1L, 10L, 1KG (Vàng miếng 99.99%)",TP. Hồ Chí Minh,41570000,41840000,4157000,4184000,41705000,4170500,270000,Giavang Archive
2019-11-07,08:15,"Vàng SJC 1L, 10L, 1KG (Vàng miếng 99.99%)",TP. Hồ Chí Minh,41600000,41870000,4160000,4187000,41735000,4173500,270000,Giavang Archive
2019-11-08,08:35,"Vàng SJC 1L, 10L, 1KG (Vàng miếng 99.99%)",TP. Hồ Chí Minh,41370000,41650000,4137000,4165000,41510000,4151000,280000,Giavang Archive
2019-11-09,08:35,"Vàng SJC 1L, 10L, 1KG (Vàng miếng 99.99%)",TP. Hồ Chí Minh,41260000,41540000,4126000,4154000,41400000,4140000,280000,Giavang Archive
2019-11-10,08:35,"Vàng SJC 1L, 10L, 1KG (Vàng miếng 99.99%)",TP. Hồ Chí Minh,41260000,41540000,4126000,4154000,41400000,4140000,280000,Giavang Archive
2019-11-11,08:20,"Vàng SJC 1L, 10L, 1KG (Vàng miếng 99.99%)",TP. Hồ Chí Minh,41300000,41560000,4130000,4156000,41430000,4143000,260000,Giavang Archive
2019-11-12,08:25,"Vàng SJC 1L, 10L, 1KG (Vàng miếng 99.99%)",TP. Hồ Chí Minh,41070000,41340000,4107000,4134000,41205000,4120500,270000,Giavang Archive
2019-11-13,08:20,"Vàng SJC 1L, 10L, 1KG (Vàng miếng 99.99%)",TP. Hồ Chí Minh,41160000,41420000,4116000,4142000,41290000,4129000,260000,Giavang Archive
2019-11-14,10:30,"Vàng SJC 1L, 10L, 1KG (Vàng miếng 99.99%)",TP. Hồ Chí Minh,41240000,41500000,4124000,4150000,41370000,4137000,260000,Giavang Archive
2019-11-15,10:05,"Vàng SJC 1L, 10L, 1KG (Vàng miếng 99.99%)",TP. Hồ Chí Minh,41230000,41480000,4123000,4148000,41355000,4135500,250000,Giavang Archive
2019-11-16,08:20,"Vàng SJC 1L, 10L, 1KG (Vàng miếng 99.99%)",TP. Hồ Chí Minh,41240000,41520000,4124000,4152000,41380000,4138000,280000,Giavang Archive
2019-11-17,08:20,"Vàng SJC 1L, 10L, 1KG (Vàng miếng 99.99%)",TP. Hồ Chí Minh,41240000,41520000,4124000,4152000,41380000,4138000,280000,Giavang Archive
2019-11-18,09:25,"Vàng SJC 1L, 10L, 1KG (Vàng miếng 99.99%)",TP. Hồ Chí Minh,41190000,41410000,4119000,4141000,41300000,4130000,220000,Giavang Archive
2019-11-19,08:25,"Vàng SJC 1L, 10L, 1KG (Vàng miếng 99.99%)",TP. Hồ Chí Minh,41260000,41480000,4126000,4148000,41370000,4137000,220000,Giavang Archive
2019-11-20,09:05,"Vàng SJC 1L, 10L, 1KG (Vàng miếng 99.99%)",TP. Hồ Chí Minh,41420000,41640000,4142000,4164000,41530000,4153000,220000,Giavang Archive
2019-11-21,08:25,"Vàng SJC 1L, 10L, 1KG (Vàng miếng 99.99%)",TP. Hồ Chí Minh,41410000,41630000,4141000,4163000,41520000,4152000,220000,Giavang Archive
2019-11-22,08:25,"Vàng SJC 1L, 10L, 1KG (Vàng miếng 99.99%)",TP. Hồ Chí Minh,41390000,41620000,4139000,4162000,41505000,4150500,230000,Giavang Archive
2019-11-23,07:05,"Vàng SJC 1L, 10L, 1KG (Vàng miếng 99.99%)",TP. Hồ Chí Minh,41280000,41520000,4128000,4152000,41400000,4140000,240000,Giavang Archive
2019-11-24,07:05,"Vàng SJC 1L, 10L, 1KG (Vàng miếng 99.99%)",TP. Hồ Chí Minh,41280000,41520000,4128000,4152000,41400000,4140000,240000,Giavang Archive
2019-11-25,08:25,"Vàng SJC 1L, 10L, 1KG (Vàng miếng 99.99%)",TP. Hồ Chí Minh,41170000,41400000,4117000,4140000,41285000,4128500,230000,Giavang Archive
2019-11-26,08:30,"Vàng SJC 1L, 10L, 1KG (Vàng miếng 99.99%)",TP. Hồ Chí Minh,41170000,41400000,4117000,4140000,41285000,4128500,230000,Giavang Archive
2019-11-27,08:25,"Vàng SJC 1L, 10L, 1KG (Vàng miếng 99.99%)",TP. Hồ Chí Minh,41170000,41400000,4117000,4140000,41285000,4128500,230000,Giavang Archive
2019-11-28,09:20,"Vàng SJC 1L, 10L, 1KG (Vàng miếng 99.99%)",TP. Hồ Chí Minh,41100000,41330000,4110000,4133000,41215000,4121500,230000,Giavang Archive
2019-11-29,09:30,"Vàng SJC 1L, 10L, 1KG (Vàng miếng 99.99%)",TP. Hồ Chí Minh,41170000,41400000,4117000,4140000,41285000,4128500,230000,Giavang Archive
2019-11-30,08:30,"Vàng SJC 1L, 10L, 1KG (Vàng miếng 99.99%)",TP. Hồ Chí Minh,41240000,41470000,4124000,4147000,41355000,4135500,230000,Giavang Archive
2019-12-01,08:30,"Vàng SJC 1L, 10L, 1KG (Vàng miếng 99.99%)",TP. Hồ Chí Minh,41240000,41470000,4124000,4147000,41355000,4135500,230000,Giavang Archive
2019-12-02,08:35,"Vàng SJC 1L, 10L, 1KG (Vàng miếng 99.99%)",TP. Hồ Chí Minh,41130000,41350000,4113000,4135000,41240000,4124000,220000,Giavang Archive
2019-12-03,08:45,"Vàng SJC 1L, 10L, 1KG (Vàng miếng 99.99%)",TP. Hồ Chí Minh,41220000,41440000,4122000,4144000,41330000,4133000,220000,Giavang Archive
2019-12-04,10:00,"Vàng SJC 1L, 10L, 1KG (Vàng miếng 99.99%)",TP. Hồ Chí Minh,41350000,41580000,4135000,4158000,41465000,4146500,230000,Giavang Archive
2019-12-05,09:05,"Vàng SJC 1L, 10L, 1KG (Vàng miếng 99.99%)",TP. Hồ Chí Minh,41360000,41580000,4136000,4158000,41470000,4147000,220000,Giavang Archive
2019-12-06,13:10,"Vàng SJC 1L, 10L, 1KG (Vàng miếng 99.99%)",TP. Hồ Chí Minh,41330000,41550000,4133000,4155000,41440000,4144000,220000,Giavang Archive
2019-12-07,08:30,"Vàng SJC 1L, 10L, 1KG (Vàng miếng 99.99%)",TP. Hồ Chí Minh,41220000,41450000,4122000,4145000,41335000,4133500,230000,Giavang Archive
2019-12-08,08:30,"Vàng SJC 1L, 10L, 1KG (Vàng miếng 99.99%)",TP. Hồ Chí Minh,41220000,41450000,4122000,4145000,41335000,4133500,230000,Giavang Archive
2019-12-09,08:50,"Vàng SJC 1L, 10L, 1KG (Vàng miếng 99.99%)",TP. Hồ Chí Minh,41200000,41420000,4120000,4142000,41310000,4131000,220000,Giavang Archive
2019-12-10,08:25,"Vàng SJC 1L, 10L, 1KG (Vàng miếng 99.99%)",TP. Hồ Chí Minh,41230000,41450000,4123000,4145000,41340000,4134000,220000,Giavang Archive
2019-12-11,14:35,"Vàng SJC 1L, 10L, 1KG (Vàng miếng 99.99%)",TP. Hồ Chí Minh,41220000,41440000,4122000,4144000,41330000,4133000,220000,Giavang Archive
2019-12-12,08:30,"Vàng SJC 1L, 10L, 1KG (Vàng miếng 99.99%)",TP. Hồ Chí Minh,41300000,41530000,4130000,4153000,41415000,4141500,230000,Giavang Archive
2019-12-13,08:35,"Vàng SJC 1L, 10L, 1KG (Vàng miếng 99.99%)",TP. Hồ Chí Minh,41290000,41520000,4129000,4152000,41405000,4140500,230000,Giavang Archive
2019-12-14,08:40,"Vàng SJC 1L, 10L, 1KG (Vàng miếng 99.99%)",TP. Hồ Chí Minh,41300000,41530000,4130000,4153000,41415000,4141500,230000,Giavang Archive
2019-12-15,08:40,"Vàng SJC 1L, 10L, 1KG (Vàng miếng 99.99%)",TP. Hồ Chí Minh,41300000,41530000,4130000,4153000,41415000,4141500,230000,Giavang Archive
2019-12-16,08:40,"Vàng SJC 1L, 10L, 1KG (Vàng miếng 99.99%)",TP. Hồ Chí Minh,41380000,41600000,4138000,4160000,41490000,4149000,220000,Giavang Archive
2019-12-17,09:10,"Vàng SJC 1L, 10L, 1KG (Vàng miếng 99.99%)",TP. Hồ Chí Minh,41410000,41630000,4141000,4163000,41520000,4152000,220000,Giavang Archive
2019-12-18,08:30,"Vàng SJC 1L, 10L, 1KG (Vàng miếng 99.99%)",TP. Hồ Chí Minh,41420000,41640000,4142000,4164000,41530000,4153000,220000,Giavang Archive
2019-12-19,13:40,"Vàng SJC 1L, 10L, 1KG (Vàng miếng 99.99%)",TP. Hồ Chí Minh,41360000,41580000,4136000,4158000,41470000,4147000,220000,Giavang Archive
2019-12-20,08:30,"Vàng SJC 1L, 10L, 1KG (Vàng miếng 99.99%)",TP. Hồ Chí Minh,41400000,41630000,4140000,4163000,41515000,4151500,230000,Giavang Archive
2019-12-21,08:40,"Vàng SJC 1L, 10L, 1KG (Vàng miếng 99.99%)",TP. Hồ Chí Minh,41420000,41650000,4142000,4165000,41535000,4153500,230000,Giavang Archive
2019-12-22,08:40,"Vàng SJC 1L, 10L, 1KG (Vàng miếng 99.99%)",TP. Hồ Chí Minh,41420000,41650000,4142000,4165000,41535000,4153500,230000,Giavang Archive
2019-12-23,08:30,"Vàng SJC 1L, 10L, 1KG (Vàng miếng 99.99%)",TP. Hồ Chí Minh,41520000,41740000,4152000,4174000,41630000,4163000,220000,Giavang Archive
2019-12-24,08:30,"Vàng SJC 1L, 10L, 1KG (Vàng miếng 99.99%)",TP. Hồ Chí Minh,41670000,41890000,4167000,4189000,41780000,4178000,220000,Giavang Archive
2019-12-25,08:30,"Vàng SJC 1L, 10L, 1KG (Vàng miếng 99.99%)",TP. Hồ Chí Minh,41850000,42120000,4185000,4212000,41985000,4198500,270000,Giavang Archive
2019-12-26,09:05,"Vàng SJC 1L, 10L, 1KG (Vàng miếng 99.99%)",TP. Hồ Chí Minh,41900000,42200000,4190000,4220000,42050000,4205000,300000,Giavang Archive
2019-12-27,09:20,"Vàng SJC 1L, 10L, 1KG (Vàng miếng 99.99%)",TP. Hồ Chí Minh,42020000,42370000,4202000,4237000,42195000,4219500,350000,Giavang Archive
2019-12-28,08:40,"Vàng SJC 1L, 10L, 1KG (Vàng miếng 99.99%)",TP. Hồ Chí Minh,42050000,42450000,4205000,4245000,42250000,4225000,400000,Giavang Archive
2019-12-29,08:40,"Vàng SJC 1L, 10L, 1KG (Vàng miếng 99.99%)",TP. Hồ Chí Minh,42050000,42450000,4205000,4245000,42250000,4225000,400000,Giavang Archive
2019-12-30,08:20,"Vàng SJC 1L, 10L, 1KG (Vàng miếng 99.99%)",TP. Hồ Chí Minh,42130000,42530000,4213000,4253000,42330000,4233000,400000,Giavang Archive
2019-12-31,08:20,"Vàng SJC 1L, 10L, 1KG (Vàng miếng 99.99%)",TP. Hồ Chí Minh,42250000,42750000,4225000,4275000,42500000,4250000,500000,Giavang Archive
2020-01-01,08:20,"Vàng SJC 1L, 10L, 1KG (Vàng miếng 99.99%)",TP. Hồ Chí Minh,42250000,42750000,4225000,4275000,42500000,4250000,500000,Giavang Archive
2020-01-02,08:30,"Vàng SJC 1L, 10L, 1KG (Vàng miếng 99.99%)",TP. Hồ Chí Minh,42290000,42640000,4229000,4264000,42465000,4246500,350000,Giavang Archive
2020-01-03,08:30,"Vàng SJC 1L, 10L, 1KG (Vàng miếng 99.99%)",TP. Hồ Chí Minh,42710000,43030000,4271000,4303000,42870000,4287000,320000,Giavang Archive
2020-01-04,09:25,"Vàng SJC 1L, 10L, 1KG (Vàng miếng 99.99%)",TP. Hồ Chí Minh,42920000,43300000,4292000,4330000,43110000,4311000,380000,Giavang Archive
2020-01-05,09:25,"Vàng SJC 1L, 10L, 1KG (Vàng miếng 99.99%)",TP. Hồ Chí Minh,42920000,43300000,4292000,4330000,43110000,4311000,380000,Giavang Archive
2020-01-06,08:35,"Vàng SJC 1L, 10L, 1KG (Vàng miếng 99.99%)",TP. Hồ Chí Minh,43950000,44450000,4395000,4445000,44200000,4420000,500000,Giavang Archive
2020-01-07,08:30,"Vàng SJC 1L, 10L, 1KG (Vàng miếng 99.99%)",TP. Hồ Chí Minh,43650000,44000000,4365000,4400000,43825000,4382500,350000,Giavang Archive
2020-01-08,08:15,"Vàng SJC 1L, 10L, 1KG (Vàng miếng 99.99%)",TP. Hồ Chí Minh,44000000,44500000,4400000,4450000,44250000,4425000,500000,Giavang Archive
2020-01-09,08:50,"Vàng SJC 1L, 10L, 1KG (Vàng miếng 99.99%)",TP. Hồ Chí Minh,42950000,43450000,4295000,4345000,43200000,4320000,500000,Giavang Archive
2020-01-10,08:30,"Vàng SJC 1L, 10L, 1KG (Vàng miếng 99.99%)",TP. Hồ Chí Minh,42950000,43350000,4295000,4335000,43150000,4315000,400000,Giavang Archive
2020-01-11,08:35,"Vàng SJC 1L, 10L, 1KG (Vàng miếng 99.99%)",TP. Hồ Chí Minh,43200000,43650000,4320000,4365000,43425000,4342500,450000,Giavang Archive
2020-01-12,08:35,"Vàng SJC 1L, 10L, 1KG (Vàng miếng 99.99%)",TP. Hồ Chí Minh,43200000,43650000,4320000,4365000,43425000,4342500,450000,Giavang Archive
2020-01-13,08:05,"Vàng SJC 1L, 10L, 1KG (Vàng miếng 99.99%)",TP. Hồ Chí Minh,42900000,43300000,4290000,4330000,43100000,4310000,400000,Giavang Archive
2020-01-14,08:30,"Vàng SJC 1L, 10L, 1KG (Vàng miếng 99.99%)",TP. Hồ Chí Minh,42850000,43250000,4285000,4325000,43050000,4305000,400000,Giavang Archive
2020-01-15,08:50,"Vàng SJC 1L, 10L, 1KG (Vàng miếng 99.99%)",TP. Hồ Chí Minh,42950000,43300000,4295000,4330000,43125000,4312500,350000,Giavang Archive
2020-01-16,08:25,"Vàng SJC 1L, 10L, 1KG (Vàng miếng 99.99%)",TP. Hồ Chí Minh,43000000,43350000,4300000,4335000,43175000,4317500,350000,Giavang Archive
2020-01-17,08:25,"Vàng SJC 1L, 10L, 1KG (Vàng miếng 99.99%)",TP. Hồ Chí Minh,43100000,43450000,4310000,4345000,43275000,4327500,350000,Giavang Archive
2020-01-18,08:30,"Vàng SJC 1L, 10L, 1KG (Vàng miếng 99.99%)",TP. Hồ Chí Minh,43150000,43550000,4315000,4355000,43350000,4335000,400000,Giavang Archive
2020-01-19,08:30,"Vàng SJC 1L, 10L, 1KG (Vàng miếng 99.99%)",TP. Hồ Chí Minh,43150000,43550000,4315000,4355000,43350000,4335000,400000,Giavang Archive
2020-01-20,08:35,"Vàng SJC 1L, 10L, 1KG (Vàng miếng 99.99%)",TP. Hồ Chí Minh,43450000,43850000,4345000,4385000,43650000,4365000,400000,Giavang Archive
2020-01-21,08:25,"Vàng SJC 1L, 10L, 1KG (Vàng miếng 99.99%)",TP. Hồ Chí Minh,43400000,43850000,4340000,4385000,43625000,4362500,450000,Giavang Archive
2020-01-22,08:30,"Vàng SJC 1L, 10L, 1KG (Vàng miếng 99.99%)",TP. Hồ Chí Minh,43300000,43750000,4330000,4375000,43525000,4352500,450000,Giavang Archive
2020-01-23,08:30,"Vàng SJC 1L, 10L, 1KG (Vàng miếng 99.99%)",TP. Hồ Chí Minh,43300000,43750000,4330000,4375000,43525000,4352500,450000,Giavang Archive
2020-01-24,08:30,"Vàng SJC 1L, 10L, 1KG (Vàng miếng 99.99%)",TP. Hồ Chí Minh,43300000,43750000,4330000,4375000,43525000,4352500,450000,Giavang Archive
2020-01-25,08:30,"Vàng SJC 1L, 10L, 1KG (Vàng miếng 99.99%)",TP. Hồ Chí Minh,43300000,43750000,4330000,4375000,43525000,4352500,450000,Giavang Archive
2020-01-26,08:30,"Vàng SJC 1L, 10L, 1KG (Vàng miếng 99.99%)",TP. Hồ Chí Minh,43300000,43750000,4330000,4375000,43525000,4352500,450000,Giavang Archive
2020-01-27,08:30,"Vàng SJC 1L, 10L, 1KG (Vàng miếng 99.99%)",TP. Hồ Chí Minh,43300000,43750000,4330000,4375000,43525000,4352500,450000,Giavang Archive
2020-01-28,08:30,"Vàng SJC 1L, 10L, 1KG (Vàng miếng 99.99%)",TP. Hồ Chí Minh,43300000,43750000,4330000,4375000,43525000,4352500,450000,Giavang Archive
2020-01-29,08:30,"Vàng SJC 1L, 10L, 1KG (Vàng miếng 99.99%)",TP. Hồ Chí Minh,43300000,43750000,4330000,4375000,43525000,4352500,450000,Giavang Archive
2020-01-30,08:20,"Vàng SJC 1L, 10L, 1KG (Vàng miếng 99.99%)",TP. Hồ Chí Minh,44200000,44600000,4420000,4460000,44400000,4440000,400000,Giavang Archive
2020-01-31,08:30,"Vàng SJC 1L, 10L, 1KG (Vàng miếng 99.99%)",TP. Hồ Chí Minh,44250000,44650000,4425000,4465000,44450000,4445000,400000,Giavang Archive
2020-02-01,08:30,"Vàng SJC 1L, 10L, 1KG (Vàng miếng 99.99%)",TP. Hồ Chí Minh,44500000,44950000,4450000,4495000,44725000,4472500,450000,Giavang Archive
2020-02-02,08:35,"Vàng SJC 1L, 10L, 1KG (Vàng miếng 99.99%)",TP. Hồ Chí Minh,44350000,44850000,4435000,4485000,44600000,4460000,500000,Giavang Archive
2020-02-03,07:20,"Vàng SJC 1L, 10L, 1KG (Vàng miếng 99.99%)",TP. Hồ Chí Minh,43750000,44450000,4375000,4445000,44100000,4410000,700000,Giavang Archive
2020-02-04,11:10,"Vàng SJC 1L, 10L, 1KG (Vàng miếng 99.99%)",TP. Hồ Chí Minh,43550000,43950000,4355000,4395000,43750000,4375000,400000,Giavang Archive
2020-02-05,10:35,"Vàng SJC 1L, 10L, 1KG (Vàng miếng 99.99%)",TP. Hồ Chí Minh,43450000,43900000,4345000,4390000,43675000,4367500,450000,Giavang Archive
2020-02-06,09:15,"Vàng SJC 1L, 10L, 1KG (Vàng miếng 99.99%)",TP. Hồ Chí Minh,43500000,43950000,4350000,4395000,43725000,4372500,450000,Giavang Archive
2020-02-07,08:40,"Vàng SJC 1L, 10L, 1KG (Vàng miếng 99.99%)",TP. Hồ Chí Minh,43600000,44000000,4360000,4400000,43800000,4380000,400000,Giavang Archive
2020-02-08,08:45,"Vàng SJC 1L, 10L, 1KG (Vàng miếng 99.99%)",TP. Hồ Chí Minh,43750000,44200000,4375000,4420000,43975000,4397500,450000,Giavang Archive
2020-02-09,08:45,"Vàng SJC 1L, 10L, 1KG (Vàng miếng 99.99%)",TP. Hồ Chí Minh,43750000,44200000,4375000,4420000,43975000,4397500,450000,Giavang Archive
2020-02-10,08:30,"Vàng SJC 1L, 10L, 1KG (Vàng miếng 99.99%)",TP. Hồ Chí Minh,43900000,44350000,4390000,4435000,44125000,4412500,450000,Giavang Archive
2020-02-11,08:55,"Vàng SJC 1L, 10L, 1KG (Vàng miếng 99.99%)",TP. Hồ Chí Minh,43850000,44200000,4385000,4420000,44025000,4402500,350000,Giavang Archive
2020-02-12,08:25,"Vàng SJC 1L, 10L, 1KG (Vàng miếng 99.99%)",TP. Hồ Chí Minh,43850000,44200000,4385000,4420000,44025000,4402500,350000,Giavang Archive
2020-02-13,08:30,"Vàng SJC 1L, 10L, 1KG (Vàng miếng 99.99%)",TP. Hồ Chí Minh,43950000,44300000,4395000,4430000,44125000,4412500,350000,Giavang Archive
2020-02-14,08:30,"Vàng SJC 1L, 10L, 1KG (Vàng miếng 99.99%)",TP. Hồ Chí Minh,43900000,44250000,4390000,4425000,44075000,4407500,350000,Giavang Archive
2020-02-15,08:40,"Vàng SJC 1L, 10L, 1KG (Vàng miếng 99.99%)",TP. Hồ Chí Minh,44050000,44400000,4405000,4440000,44225000,4422500,350000,Giavang Archive
2020-02-16,08:40,"Vàng SJC 1L, 10L, 1KG (Vàng miếng 99.99%)",TP. Hồ Chí Minh,44050000,44400000,4405000,4440000,44225000,4422500,350000,Giavang Archive
2020-02-17,08:30,"Vàng SJC 1L, 10L, 1KG (Vàng miếng 99.99%)",TP. Hồ Chí Minh,44150000,44450000,4415000,4445000,44300000,4430000,300000,Giavang Archive
2020-02-18,08:25,"Vàng SJC 1L, 10L, 1KG (Vàng miếng 99.99%)",TP. Hồ Chí Minh,44330000,44630000,4433000,4463000,44480000,4448000,300000,Giavang Archive
2020-02-19,08:20,"Vàng SJC 1L, 10L, 1KG (Vàng miếng 99.99%)",TP. Hồ Chí Minh,44700000,45050000,4470000,4505000,44875000,4487500,350000,Giavang Archive
2020-02-20,08:30,"Vàng SJC 1L, 10L, 1KG (Vàng miếng 99.99%)",TP. Hồ Chí Minh,44650000,45000000,4465000,4500000,44825000,4482500,350000,Giavang Archive
2020-02-21,08:30,"Vàng SJC 1L, 10L, 1KG (Vàng miếng 99.99%)",TP. Hồ Chí Minh,45250000,45650000,4525000,4565000,45450000,4545000,400000,Giavang Archive
2020-02-22,08:30,"Vàng SJC 1L, 10L, 1KG (Vàng miếng 99.99%)",TP. Hồ Chí Minh,45600000,46050000,4560000,4605000,45825000,4582500,450000,Giavang Archive
2020-02-23,08:30,"Vàng SJC 1L, 10L, 1KG (Vàng miếng 99.99%)",TP. Hồ Chí Minh,45600000,46050000,4560000,4605000,45825000,4582500,450000,Giavang Archive
2020-02-24,08:25,"Vàng SJC 1L, 10L, 1KG (Vàng miếng 99.99%)",TP. Hồ Chí Minh,47800000,49000000,4780000,4900000,48400000,4840000,1200000,Giavang Archive
2020-02-25,09:00,"Vàng SJC 1L, 10L, 1KG (Vàng miếng 99.99%)",TP. Hồ Chí Minh,46500000,47400000,4650000,4740000,46950000,4695000,900000,Giavang Archive
2020-02-26,09:00,"Vàng SJC 1L, 10L, 1KG (Vàng miếng 99.99%)",TP. Hồ Chí Minh,46150000,46950000,4615000,4695000,46550000,4655000,800000,Giavang Archive
2020-02-27,08:25,"Vàng SJC 1L, 10L, 1KG (Vàng miếng 99.99%)",TP. Hồ Chí Minh,46000000,46700000,4600000,4670000,46350000,4635000,700000,Giavang Archive
2020-02-28,08:40,"Vàng SJC 1L, 10L, 1KG (Vàng miếng 99.99%)",TP. Hồ Chí Minh,45850000,46500000,4585000,4650000,46175000,4617500,650000,Giavang Archive
2020-02-29,08:35,"Vàng SJC 1L, 10L, 1KG (Vàng miếng 99.99%)",TP. Hồ Chí Minh,45000000,45800000,4500000,4580000,45400000,4540000,800000,Giavang Archive
2020-03-01,08:35,"Vàng SJC 1L, 10L, 1KG (Vàng miếng 99.99%)",TP. Hồ Chí Minh,45000000,45800000,4500000,4580000,45400000,4540000,800000,Giavang Archive
2020-03-02,08:40,"Vàng SJC 1L, 10L, 1KG (Vàng miếng 99.99%)",TP. Hồ Chí Minh,46000000,46450000,4600000,4645000,46225000,4622500,450000,Giavang Archive
2020-03-03,08:25,"Vàng SJC 1L, 10L, 1KG (Vàng miếng 99.99%)",TP. Hồ Chí Minh,45900000,46400000,4590000,4640000,46150000,4615000,500000,Giavang Archive
2020-03-04,08:35,"Vàng SJC 1L, 10L, 1KG (Vàng miếng 99.99%)",TP. Hồ Chí Minh,46350000,47000000,4635000,4700000,46675000,4667500,650000,Giavang Archive
2020-03-05,09:10,"Vàng SJC 1L, 10L, 1KG (Vàng miếng 99.99%)",TP. Hồ Chí Minh,46450000,46950000,4645000,4695000,46700000,4670000,500000,Giavang Archive
2020-03-06,08:30,"Vàng SJC 1L, 10L, 1KG (Vàng miếng 99.99%)",TP. Hồ Chí Minh,46800000,47300000,4680000,4730000,47050000,4705000,500000,Giavang Archive
2020-03-07,08:25,"Vàng SJC 1L, 10L, 1KG (Vàng miếng 99.99%)",TP. Hồ Chí Minh,46800000,47300000,4680000,4730000,47050000,4705000,500000,Giavang Archive
2020-03-08,08:25,"Vàng SJC 1L, 10L, 1KG (Vàng miếng 99.99%)",TP. Hồ Chí Minh,46800000,47300000,4680000,4730000,47050000,4705000,500000,Giavang Archive
2020-03-09,08:30,"Vàng SJC 1L, 10L, 1KG (Vàng miếng 99.99%)",TP. Hồ Chí Minh,47150000,47850000,4715000,4785000,47500000,4750000,700000,Giavang Archive
2020-03-10,08:35,"Vàng SJC 1L, 10L, 1KG (Vàng miếng 99.99%)",TP. Hồ Chí Minh,46900000,47550000,4690000,4755000,47225000,4722500,650000,Giavang Archive
2020-03-11,08:35,"Vàng SJC 1L, 10L, 1KG (Vàng miếng 99.99%)",TP. Hồ Chí Minh,46850000,47450000,4685000,4745000,47150000,4715000,600000,Giavang Archive
2020-03-12,09:00,"Vàng SJC 1L, 10L, 1KG (Vàng miếng 99.99%)",TP. Hồ Chí Minh,46900000,47500000,4690000,4750000,47200000,4720000,600000,Giavang Archive
2020-03-13,08:30,"Vàng SJC 1L, 10L, 1KG (Vàng miếng 99.99%)",TP. Hồ Chí Minh,46450000,47150000,4645000,4715000,46800000,4680000,700000,Giavang Archive
2020-03-14,08:30,"Vàng SJC 1L, 10L, 1KG (Vàng miếng 99.99%)",TP. Hồ Chí Minh,45600000,46700000,4560000,4670000,46150000,4615000,1100000,Giavang Archive
2020-03-15,08:30,"Vàng SJC 1L, 10L, 1KG (Vàng miếng 99.99%)",TP. Hồ Chí Minh,45600000,46700000,4560000,4670000,46150000,4615000,1100000,Giavang Archive
2020-03-16,08:30,"Vàng SJC 1L, 10L, 1KG (Vàng miếng 99.99%)",TP. Hồ Chí Minh,45900000,46800000,4590000,4680000,46350000,4635000,900000,Giavang Archive
2020-03-17,08:30,"Vàng SJC 1L, 10L, 1KG (Vàng miếng 99.99%)",TP. Hồ Chí Minh,45000000,45900000,4500000,4590000,45450000,4545000,900000,Giavang Archive
2020-03-18,08:30,"Vàng SJC 1L, 10L, 1KG (Vàng miếng 99.99%)",TP. Hồ Chí Minh,45450000,46250000,4545000,4625000,45850000,4585000,800000,Giavang Archive
2020-03-19,16:25,"Vàng SJC 1L, 10L, 1KG (Vàng miếng 99.99%)",TP. Hồ Chí Minh,45800000,46600000,4580000,4660000,46200000,4620000,800000,Giavang Archive
2020-03-20,09:40,"Vàng SJC 1L, 10L, 1KG (Vàng miếng 99.99%)",TP. Hồ Chí Minh,45850000,46650000,4585000,4665000,46250000,4625000,800000,Giavang Archive
2020-03-21,08:30,"Vàng SJC 1L, 10L, 1KG (Vàng miếng 99.99%)",TP. Hồ Chí Minh,45750000,46550000,4575000,4655000,46150000,4615000,800000,Giavang Archive
2020-03-22,08:30,"Vàng SJC 1L, 10L, 1KG (Vàng miếng 99.99%)",TP. Hồ Chí Minh,45750000,46550000,4575000,4655000,46150000,4615000,800000,Giavang Archive
2020-03-23,08:30,"Vàng SJC 1L, 10L, 1KG (Vàng miếng 99.99%)",TP. Hồ Chí Minh,45800000,46500000,4580000,4650000,46150000,4615000,700000,Giavang Archive
2020-03-24,08:20,"Vàng SJC 1L, 10L, 1KG (Vàng miếng 99.99%)",TP. Hồ Chí Minh,46500000,47200000,4650000,4720000,46850000,4685000,700000,Giavang Archive
2020-03-25,08:25,"Vàng SJC 1L, 10L, 1KG (Vàng miếng 99.99%)",TP. Hồ Chí Minh,46650000,47350000,4665000,4735000,47000000,4700000,700000,Giavang Archive
2020-03-26,09:25,"Vàng SJC 1L, 10L, 1KG (Vàng miếng 99.99%)",TP. Hồ Chí Minh,46750000,47450000,4675000,4745000,47100000,4710000,700000,Giavang Archive
2020-03-27,08:35,"Vàng SJC 1L, 10L, 1KG (Vàng miếng 99.99%)",TP. Hồ Chí Minh,46950000,47750000,4695000,4775000,47350000,4735000,800000,Giavang Archive
2020-03-28,08:25,"Vàng SJC 1L, 10L, 1KG (Vàng miếng 99.99%)",TP. Hồ Chí Minh,47100000,47900000,4710000,4790000,47500000,4750000,800000,Giavang Archive
2020-03-29,08:25,"Vàng SJC 1L, 10L, 1KG (Vàng miếng 99.99%)",TP. Hồ Chí Minh,47100000,47900000,4710000,4790000,47500000,4750000,800000,Giavang Archive
2020-03-30,08:30,"Vàng SJC 1L, 10L, 1KG (Vàng miếng 99.99%)",TP. Hồ Chí Minh,47250000,48350000,4725000,4835000,47800000,4780000,1100000,Giavang Archive
2020-03-31,08:55,"Vàng SJC 1L, 10L, 1KG (Vàng miếng 99.99%)",TP. Hồ Chí Minh,47000000,48200000,4700000,4820000,47600000,4760000,1200000,Giavang Archive
2020-04-01,08:40,"Vàng SJC 1L, 10L, 1KG (Vàng miếng 99.99%)",TP. Hồ Chí Minh,47050000,48050000,4705000,4805000,47550000,4755000,1000000,Giavang Archive
2020-04-02,16:00,"Vàng SJC 1L, 10L, 1KG (Vàng miếng 99.99%)",TP. Hồ Chí Minh,47050000,48050000,4705000,4805000,47550000,4755000,1000000,Giavang Archive
2020-04-03,08:40,"Vàng SJC 1L, 10L, 1KG (Vàng miếng 99.99%)",TP. Hồ Chí Minh,47050000,48050000,4705000,4805000,47550000,4755000,1000000,Giavang Archive
2020-04-04,08:40,"Vàng SJC 1L, 10L, 1KG (Vàng miếng 99.99%)",TP. Hồ Chí Minh,47050000,48050000,4705000,4805000,47550000,4755000,1000000,Giavang Archive
2020-04-05,08:40,"Vàng SJC 1L, 10L, 1KG (Vàng miếng 99.99%)",TP. Hồ Chí Minh,47050000,48050000,4705000,4805000,47550000,4755000,1000000,Giavang Archive
2020-04-06,15:10,"Vàng SJC 1L, 10L, 1KG (Vàng miếng 99.99%)",TP. Hồ Chí Minh,47100000,48100000,4710000,4810000,47600000,4760000,1000000,Giavang Archive
2020-04-07,08:55,"Vàng SJC 1L, 10L, 1KG (Vàng miếng 99.99%)",TP. Hồ Chí Minh,47100000,48100000,4710000,4810000,47600000,4760000,1000000,Giavang Archive
2020-04-08,10:05,"Vàng SJC 1L, 10L, 1KG (Vàng miếng 99.99%)",TP. Hồ Chí Minh,47150000,48000000,4715000,4800000,47575000,4757500,850000,Giavang Archive
2020-04-09,14:05,"Vàng SJC 1L, 10L, 1KG (Vàng miếng 99.99%)",TP. Hồ Chí Minh,47250000,48100000,4725000,4810000,47675000,4767500,850000,Giavang Archive
2020-04-10,08:40,"Vàng SJC 1L, 10L, 1KG (Vàng miếng 99.99%)",TP. Hồ Chí Minh,47400000,48250000,4740000,4825000,47825000,4782500,850000,Giavang Archive
2020-04-11,08:40,"Vàng SJC 1L, 10L, 1KG (Vàng miếng 99.99%)",TP. Hồ Chí Minh,47400000,48250000,4740000,4825000,47825000,4782500,850000,Giavang Archive
2020-04-12,08:40,"Vàng SJC 1L, 10L, 1KG (Vàng miếng 99.99%)",TP. Hồ Chí Minh,47400000,48250000,4740000,4825000,47825000,4782500,850000,Giavang Archive
2020-04-13,08:40,"Vàng SJC 1L, 10L, 1KG (Vàng miếng 99.99%)",TP. Hồ Chí Minh,47550000,48400000,4755000,4840000,47975000,4797500,850000,Giavang Archive
2020-04-14,08:25,"Vàng SJC 1L, 10L, 1KG (Vàng miếng 99.99%)",TP. Hồ Chí Minh,47750000,48550000,4775000,4855000,48150000,4815000,800000,Giavang Archive
2020-04-15,09:25,"Vàng SJC 1L, 10L, 1KG (Vàng miếng 99.99%)",TP. Hồ Chí Minh,47500000,48300000,4750000,4830000,47900000,4790000,800000,Giavang Archive
2020-04-16,08:30,"Vàng SJC 1L, 10L, 1KG (Vàng miếng 99.99%)",TP. Hồ Chí Minh,47600000,48350000,4760000,4835000,47975000,4797500,750000,Giavang Archive
2020-04-17,09:20,"Vàng SJC 1L, 10L, 1KG (Vàng miếng 99.99%)",TP. Hồ Chí Minh,47500000,48250000,4750000,4825000,47875000,4787500,750000,Giavang Archive
2020-04-18,09:20,"Vàng SJC 1L, 10L, 1KG (Vàng miếng 99.99%)",TP. Hồ Chí Minh,47500000,48250000,4750000,4825000,47875000,4787500,750000,Giavang Archive
2020-04-19,09:20,"Vàng SJC 1L, 10L, 1KG (Vàng miếng 99.99%)",TP. Hồ Chí Minh,47500000,48250000,4750000,4825000,47875000,4787500,750000,Giavang Archive
2020-04-20,08:25,"Vàng SJC 1L, 10L, 1KG (Vàng miếng 99.99%)",TP. Hồ Chí Minh,47250000,48000000,4725000,4800000,47625000,4762500,750000,Giavang Archive
2020-04-21,08:55,"Vàng SJC 1L, 10L, 1KG (Vàng miếng 99.99%)",TP. Hồ Chí Minh,47500000,48150000,4750000,4815000,47825000,4782500,650000,Giavang Archive
2020-04-22,09:00,"Vàng SJC 1L, 10L, 1KG (Vàng miếng 99.99%)",TP. Hồ Chí Minh,47500000,48150000,4750000,4815000,47825000,4782500,650000,Giavang Archive
2020-04-23,08:30,"Vàng SJC 1L, 10L, 1KG (Vàng miếng 99.99%)",TP. Hồ Chí Minh,47800000,48450000,4780000,4845000,48125000,4812500,650000,Giavang Archive
2020-04-24,08:30,"Vàng SJC 1L, 10L, 1KG (Vàng miếng 99.99%)",TP. Hồ Chí Minh,47850000,48500000,4785000,4850000,48175000,4817500,650000,Giavang Archive
2020-04-25,10:45,"Vàng SJC 1L, 10L, 1KG (Vàng miếng 99.99%)",TP. Hồ Chí Minh,47900000,48550000,4790000,4855000,48225000,4822500,650000,Giavang Archive
2020-04-26,10:45,"Vàng SJC 1L, 10L, 1KG (Vàng miếng 99.99%)",TP. Hồ Chí Minh,47900000,48550000,4790000,4855000,48225000,4822500,650000,Giavang Archive
2020-04-27,09:20,"Vàng SJC 1L, 10L, 1KG (Vàng miếng 99.99%)",TP. Hồ Chí Minh,47900000,48550000,4790000,4855000,48225000,4822500,650000,Giavang Archive
2020-04-28,10:40,"Vàng SJC 1L, 10L, 1KG (Vàng miếng 99.99%)",TP. Hồ Chí Minh,47950000,48600000,4795000,4860000,48275000,4827500,650000,Giavang Archive
2020-04-29,09:05,"Vàng SJC 1L, 10L, 1KG (Vàng miếng 99.99%)",TP. Hồ Chí Minh,47850000,48500000,4785000,4850000,48175000,4817500,650000,Giavang Archive
2020-04-30,09:05,"Vàng SJC 1L, 10L, 1KG (Vàng miếng 99.99%)",TP. Hồ Chí Minh,47850000,48500000,4785000,4850000,48175000,4817500,650000,Giavang Archive
2020-05-01,09:05,"Vàng SJC 1L, 10L, 1KG (Vàng miếng 99.99%)",TP. Hồ Chí Minh,47850000,48500000,4785000,4850000,48175000,4817500,650000,Giavang Archive
2020-05-02,09:05,"Vàng SJC 1L, 10L, 1KG (Vàng miếng 99.99%)",TP. Hồ Chí Minh,47850000,48500000,4785000,4850000,48175000,4817500,650000,Giavang Archive
2020-05-03,09:05,"Vàng SJC 1L, 10L, 1KG (Vàng miếng 99.99%)",TP. Hồ Chí Minh,47850000,48500000,4785000,4850000,48175000,4817500,650000,Giavang Archive
2020-05-04,10:25,"Vàng SJC 1L, 10L, 1KG (Vàng miếng 99.99%)",TP. Hồ Chí Minh,47900000,48500000,4790000,4850000,48200000,4820000,600000,Giavang Archive
2020-05-05,08:25,"Vàng SJC 1L, 10L, 1KG (Vàng miếng 99.99%)",TP. Hồ Chí Minh,47850000,48450000,4785000,4845000,48150000,4815000,600000,Giavang Archive
2020-05-06,09:00,"Vàng SJC 1L, 10L, 1KG (Vàng miếng 99.99%)",TP. Hồ Chí Minh,47850000,48450000,4785000,4845000,48150000,4815000,600000,Giavang Archive
2020-05-07,08:50,"Vàng SJC 1L, 10L, 1KG (Vàng miếng 99.99%)",TP. Hồ Chí Minh,47800000,48250000,4780000,4825000,48025000,4802500,450000,Giavang Archive
2020-05-08,08:25,"Vàng SJC 1L, 10L, 1KG (Vàng miếng 99.99%)",TP. Hồ Chí Minh,47950000,48400000,4795000,4840000,48175000,4817500,450000,Giavang Archive
2020-05-09,08:25,"Vàng SJC 1L, 10L, 1KG (Vàng miếng 99.99%)",TP. Hồ Chí Minh,47850000,48250000,4785000,4825000,48050000,4805000,400000,Giavang Archive
2020-05-10,08:25,"Vàng SJC 1L, 10L, 1KG (Vàng miếng 99.99%)",TP. Hồ Chí Minh,47850000,48250000,4785000,4825000,48050000,4805000,400000,Giavang Archive
2020-05-11,08:45,"Vàng SJC 1L, 10L, 1KG (Vàng miếng 99.99%)",TP. Hồ Chí Minh,47800000,48250000,4780000,4825000,48025000,4802500,450000,Giavang Archive
2020-05-12,08:35,"Vàng SJC 1L, 10L, 1KG (Vàng miếng 99.99%)",TP. Hồ Chí Minh,47950000,48350000,4795000,4835000,48150000,4815000,400000,Giavang Archive
2020-05-13,16:00,"Vàng SJC 1L, 10L, 1KG (Vàng miếng 99.99%)",TP. Hồ Chí Minh,48000000,48400000,4800000,4840000,48200000,4820000,400000,Giavang Archive
2020-05-14,16:00,"Vàng SJC 1L, 10L, 1KG (Vàng miếng 99.99%)",TP. Hồ Chí Minh,48170000,48550000,4817000,4855000,48360000,4836000,380000,Giavang Archive
2020-05-15,13:13,"Vàng SJC 1L, 10L, 1KG (Vàng miếng 99.99%)",TP. Hồ Chí Minh,48300000,48670000,4830000,4867000,48485000,4848500,370000,Giavang Archive
2020-05-16,09:00,"Vàng SJC 1L, 10L, 1KG (Vàng miếng 99.99%)",TP. Hồ Chí Minh,48350000,48750000,4835000,4875000,48550000,4855000,400000,Giavang Archive
2020-05-17,09:00,"Vàng SJC 1L, 10L, 1KG (Vàng miếng 99.99%)",TP. Hồ Chí Minh,48350000,48750000,4835000,4875000,48550000,4855000,400000,Giavang Archive
2020-05-18,09:15,"Vàng SJC 1L, 10L, 1KG (Vàng miếng 99.99%)",TP. Hồ Chí Minh,48900000,49400000,4890000,4940000,49150000,4915000,500000,Giavang Archive
2020-05-19,08:35,"Vàng SJC 1L, 10L, 1KG (Vàng miếng 99.99%)",TP. Hồ Chí Minh,48580000,49030000,4858000,4903000,48805000,4880500,450000,Giavang Archive
2020-05-20,08:30,"Vàng SJC 1L, 10L, 1KG (Vàng miếng 99.99%)",TP. Hồ Chí Minh,48650000,49100000,4865000,4910000,48875000,4887500,450000,Giavang Archive
2020-05-21,09:30,"Vàng SJC 1L, 10L, 1KG (Vàng miếng 99.99%)",TP. Hồ Chí Minh,48500000,48950000,4850000,4895000,48725000,4872500,450000,Giavang Archive
2020-05-22,09:15,"Vàng SJC 1L, 10L, 1KG (Vàng miếng 99.99%)",TP. Hồ Chí Minh,48500000,48950000,4850000,4895000,48725000,4872500,450000,Giavang Archive
2020-05-23,08:30,"Vàng SJC 1L, 10L, 1KG (Vàng miếng 99.99%)",TP. Hồ Chí Minh,48450000,48900000,4845000,4890000,48675000,4867500,450000,Giavang Archive
2020-05-24,08:30,"Vàng SJC 1L, 10L, 1KG (Vàng miếng 99.99%)",TP. Hồ Chí Minh,48450000,48900000,4845000,4890000,48675000,4867500,450000,Giavang Archive
2020-05-25,14:30,"Vàng SJC 1L, 10L, 1KG (Vàng miếng 99.99%)",TP. Hồ Chí Minh,48500000,48900000,4850000,4890000,48700000,4870000,400000,Giavang Archive
2020-05-26,09:50,"Vàng SJC 1L, 10L, 1KG (Vàng miếng 99.99%)",TP. Hồ Chí Minh,48470000,48850000,4847000,4885000,48660000,4866000,380000,Giavang Archive
2020-05-27,09:00,"Vàng SJC 1L, 10L, 1KG (Vàng miếng 99.99%)",TP. Hồ Chí Minh,48320000,48700000,4832000,4870000,48510000,4851000,380000,Giavang Archive
2020-05-28,07:35,"Vàng SJC 1L, 10L, 1KG (Vàng miếng 99.99%)",TP. Hồ Chí Minh,48430000,48800000,4843000,4880000,48615000,4861500,370000,Giavang Archive
2020-05-29,09:05,"Vàng SJC 1L, 10L, 1KG (Vàng miếng 99.99%)",TP. Hồ Chí Minh,48500000,48870000,4850000,4887000,48685000,4868500,370000,Giavang Archive
2020-05-30,08:30,"Vàng SJC 1L, 10L, 1KG (Vàng miếng 99.99%)",TP. Hồ Chí Minh,48520000,48900000,4852000,4890000,48710000,4871000,380000,Giavang Archive
2020-05-31,08:30,"Vàng SJC 1L, 10L, 1KG (Vàng miếng 99.99%)",TP. Hồ Chí Minh,48520000,48900000,4852000,4890000,48710000,4871000,380000,Giavang Archive
2020-06-01,09:30,"Vàng SJC 1L, 10L, 1KG (Vàng miếng 99.99%)",TP. Hồ Chí Minh,48650000,49000000,4865000,4900000,48825000,4882500,350000,Giavang Archive
2020-06-02,09:10,"Vàng SJC 1L, 10L, 1KG (Vàng miếng 99.99%)",TP. Hồ Chí Minh,48620000,48970000,4862000,4897000,48795000,4879500,350000,Giavang Archive
2020-06-03,11:00,"Vàng SJC 1L, 10L, 1KG (Vàng miếng 99.99%)",TP. Hồ Chí Minh,48480000,48830000,4848000,4883000,48655000,4865500,350000,Giavang Archive
2020-06-04,08:25,"Vàng SJC 1L, 10L, 1KG (Vàng miếng 99.99%)",TP. Hồ Chí Minh,48450000,48800000,4845000,4880000,48625000,4862500,350000,Giavang Archive
2020-06-05,10:15,"Vàng SJC 1L, 10L, 1KG (Vàng miếng 99.99%)",TP. Hồ Chí Minh,48480000,48820000,4848000,4882000,48650000,4865000,340000,Giavang Archive
2020-06-06,08:35,"Vàng SJC 1L, 10L, 1KG (Vàng miếng 99.99%)",TP. Hồ Chí Minh,48250000,48650000,4825000,4865000,48450000,4845000,400000,Giavang Archive
2020-06-07,08:35,"Vàng SJC 1L, 10L, 1KG (Vàng miếng 99.99%)",TP. Hồ Chí Minh,48250000,48650000,4825000,4865000,48450000,4845000,400000,Giavang Archive
2020-06-08,08:40,"Vàng SJC 1L, 10L, 1KG (Vàng miếng 99.99%)",TP. Hồ Chí Minh,48350000,48700000,4835000,4870000,48525000,4852500,350000,Giavang Archive
2020-06-09,08:35,"Vàng SJC 1L, 10L, 1KG (Vàng miếng 99.99%)",TP. Hồ Chí Minh,48370000,48720000,4837000,4872000,48545000,4854500,350000,Giavang Archive
2020-06-10,08:35,"Vàng SJC 1L, 10L, 1KG (Vàng miếng 99.99%)",TP. Hồ Chí Minh,48420000,48770000,4842000,4877000,48595000,4859500,350000,Giavang Archive
2020-06-11,08:50,"Vàng SJC 1L, 10L, 1KG (Vàng miếng 99.99%)",TP. Hồ Chí Minh,48450000,48800000,4845000,4880000,48625000,4862500,350000,Giavang Archive
2020-06-12,14:30,"Vàng SJC 1L, 10L, 1KG (Vàng miếng 99.99%)",TP. Hồ Chí Minh,48450000,48800000,4845000,4880000,48625000,4862500,350000,Giavang Archive
2020-06-13,08:30,"Vàng SJC 1L, 10L, 1KG (Vàng miếng 99.99%)",TP. Hồ Chí Minh,48420000,48770000,4842000,4877000,48595000,4859500,350000,Giavang Archive
2020-06-14,08:30,"Vàng SJC 1L, 10L, 1KG (Vàng miếng 99.99%)",TP. Hồ Chí Minh,48420000,48770000,4842000,4877000,48595000,4859500,350000,Giavang Archive
2020-06-15,09:30,"Vàng SJC 1L, 10L, 1KG (Vàng miếng 99.99%)",TP. Hồ Chí Minh,48380000,48720000,4838000,4872000,48550000,4855000,340000,Giavang Archive
2020-06-16,16:00,"Vàng SJC 1L, 10L, 1KG (Vàng miếng 99.99%)",TP. Hồ Chí Minh,48320000,48670000,4832000,4867000,48495000,4849500,350000,Giavang Archive
2020-06-17,16:00,"Vàng SJC 1L, 10L, 1KG (Vàng miếng 99.99%)",TP. Hồ Chí Minh,48250000,48600000,4825000,4860000,48425000,4842500,350000,Giavang Archive
2020-06-18,12:52,"Vàng SJC 1L, 10L, 1KG (Vàng miếng 99.99%)",TP. Hồ Chí Minh,48370000,48700000,4837000,4870000,48535000,4853500,330000,Giavang Archive
2020-06-19,13:50,"Vàng SJC 1L, 10L, 1KG (Vàng miếng 99.99%)",TP. Hồ Chí Minh,48390000,48720000,4839000,4872000,48555000,4855500,330000,Giavang Archive
2020-06-20,08:35,"Vàng SJC 1L, 10L, 1KG (Vàng miếng 99.99%)",TP. Hồ Chí Minh,48500000,48850000,4850000,4885000,48675000,4867500,350000,Giavang Archive
2020-06-21,08:35,"Vàng SJC 1L, 10L, 1KG (Vàng miếng 99.99%)",TP. Hồ Chí Minh,48500000,48850000,4850000,4885000,48675000,4867500,350000,Giavang Archive
2020-06-22,08:25,"Vàng SJC 1L, 10L, 1KG (Vàng miếng 99.99%)",TP. Hồ Chí Minh,48550000,48900000,4855000,4890000,48725000,4872500,350000,Giavang Archive
2020-06-23,08:25,"Vàng SJC 1L, 10L, 1KG (Vàng miếng 99.99%)",TP. Hồ Chí Minh,48680000,49030000,4868000,4903000,48855000,4885500,350000,Giavang Archive
2020-06-24,08:25,"Vàng SJC 1L, 10L, 1KG (Vàng miếng 99.99%)",TP. Hồ Chí Minh,48860000,49240000,4886000,4924000,49050000,4905000,380000,Giavang Archive
2020-06-25,08:45,"Vàng SJC 1L, 10L, 1KG (Vàng miếng 99.99%)",TP. Hồ Chí Minh,48820000,49200000,4882000,4920000,49010000,4901000,380000,Giavang Archive
2020-06-26,11:10,"Vàng SJC 1L, 10L, 1KG (Vàng miếng 99.99%)",TP. Hồ Chí Minh,48850000,49200000,4885000,4920000,49025000,4902500,350000,Giavang Archive
2020-06-27,08:40,"Vàng SJC 1L, 10L, 1KG (Vàng miếng 99.99%)",TP. Hồ Chí Minh,48900000,49270000,4890000,4927000,49085000,4908500,370000,Giavang Archive
2020-06-28,08:40,"Vàng SJC 1L, 10L, 1KG (Vàng miếng 99.99%)",TP. Hồ Chí Minh,48900000,49270000,4890000,4927000,49085000,4908500,370000,Giavang Archive
2020-06-29,08:25,"Vàng SJC 1L, 10L, 1KG (Vàng miếng 99.99%)",TP. Hồ Chí Minh,48970000,49320000,4897000,4932000,49145000,4914500,350000,Giavang Archive
2020-06-30,09:25,"Vàng SJC 1L, 10L, 1KG (Vàng miếng 99.99%)",TP. Hồ Chí Minh,49040000,49390000,4904000,4939000,49215000,4921500,350000,Giavang Archive
2020-07-01,08:35,"Vàng SJC 1L, 10L, 1KG (Vàng miếng 99.99%)",TP. Hồ Chí Minh,49450000,49850000,4945000,4985000,49650000,4965000,400000,Giavang Archive
2020-07-02,09:10,"Vàng SJC 1L, 10L, 1KG (Vàng miếng 99.99%)",TP. Hồ Chí Minh,49260000,49640000,4926000,4964000,49450000,4945000,380000,Giavang Archive
2020-07-03,14:00,"Vàng SJC 1L, 10L, 1KG (Vàng miếng 99.99%)",TP. Hồ Chí Minh,49480000,49850000,4948000,4985000,49665000,4966500,370000,Giavang Archive
2020-07-04,08:55,"Vàng SJC 1L, 10L, 1KG (Vàng miếng 99.99%)",TP. Hồ Chí Minh,49500000,49880000,4950000,4988000,49690000,4969000,380000,Giavang Archive
2020-07-05,08:55,"Vàng SJC 1L, 10L, 1KG (Vàng miếng 99.99%)",TP. Hồ Chí Minh,49500000,49880000,4950000,4988000,49690000,4969000,380000,Giavang Archive
2020-07-06,08:50,"Vàng SJC 1L, 10L, 1KG (Vàng miếng 99.99%)",TP. Hồ Chí Minh,49640000,50020000,4964000,5002000,49830000,4983000,380000,Giavang Archive
2020-07-07,08:30,"Vàng SJC 1L, 10L, 1KG (Vàng miếng 99.99%)",TP. Hồ Chí Minh,49700000,50150000,4970000,5015000,49925000,4992500,450000,Giavang Archive
2020-07-08,09:40,"Vàng SJC 1L, 10L, 1KG (Vàng miếng 99.99%)",TP. Hồ Chí Minh,49950000,50350000,4995000,5035000,50150000,5015000,400000,Giavang Archive
2020-07-09,08:40,"Vàng SJC 1L, 10L, 1KG (Vàng miếng 99.99%)",TP. Hồ Chí Minh,50400000,50800000,5040000,5080000,50600000,5060000,400000,Giavang Archive
2020-07-10,08:40,"Vàng SJC 1L, 10L, 1KG (Vàng miếng 99.99%)",TP. Hồ Chí Minh,50250000,50700000,5025000,5070000,50475000,5047500,450000,Giavang Archive
2020-07-11,08:40,"Vàng SJC 1L, 10L, 1KG (Vàng miếng 99.99%)",TP. Hồ Chí Minh,50150000,50600000,5015000,5060000,50375000,5037500,450000,Giavang Archive
2020-07-12,08:40,"Vàng SJC 1L, 10L, 1KG (Vàng miếng 99.99%)",TP. Hồ Chí Minh,50150000,50600000,5015000,5060000,50375000,5037500,450000,Giavang Archive
2020-07-13,08:35,"Vàng SJC 1L, 10L, 1KG (Vàng miếng 99.99%)",TP. Hồ Chí Minh,50200000,50600000,5020000,5060000,50400000,5040000,400000,Giavang Archive
2020-07-14,08:25,"Vàng SJC 1L, 10L, 1KG (Vàng miếng 99.99%)",TP. Hồ Chí Minh,50170000,50530000,5017000,5053000,50350000,5035000,360000,Giavang Archive
2020-07-15,10:40,"Vàng SJC 1L, 10L, 1KG (Vàng miếng 99.99%)",TP. Hồ Chí Minh,50300000,50670000,5030000,5067000,50485000,5048500,370000,Giavang Archive
2020-07-16,11:00,"Vàng SJC 1L, 10L, 1KG (Vàng miếng 99.99%)",TP. Hồ Chí Minh,50320000,50690000,5032000,5069000,50505000,5050500,370000,Giavang Archive
2020-07-17,09:35,"Vàng SJC 1L, 10L, 1KG (Vàng miếng 99.99%)",TP. Hồ Chí Minh,50320000,50690000,5032000,5069000,50505000,5050500,370000,Giavang Archive
2020-07-18,08:45,"Vàng SJC 1L, 10L, 1KG (Vàng miếng 99.99%)",TP. Hồ Chí Minh,50380000,50780000,5038000,5078000,50580000,5058000,400000,Giavang Archive
2020-07-19,08:45,"Vàng SJC 1L, 10L, 1KG (Vàng miếng 99.99%)",TP. Hồ Chí Minh,50380000,50780000,5038000,5078000,50580000,5058000,400000,Giavang Archive
2020-07-20,08:55,"Vàng SJC 1L, 10L, 1KG (Vàng miếng 99.99%)",TP. Hồ Chí Minh,50550000,50930000,5055000,5093000,50740000,5074000,380000,Giavang Archive
2020-07-21,08:30,"Vàng SJC 1L, 10L, 1KG (Vàng miếng 99.99%)",TP. Hồ Chí Minh,51050000,51500000,5105000,5150000,51275000,5127500,450000,Giavang Archive
2020-07-22,08:35,"Vàng SJC 1L, 10L, 1KG (Vàng miếng 99.99%)",TP. Hồ Chí Minh,52100000,53050000,5210000,5305000,52575000,5257500,950000,Giavang Archive
2020-07-23,08:35,"Vàng SJC 1L, 10L, 1KG (Vàng miếng 99.99%)",TP. Hồ Chí Minh,53500000,54800000,5350000,5480000,54150000,5415000,1300000,Giavang Archive
2020-07-24,08:35,"Vàng SJC 1L, 10L, 1KG (Vàng miếng 99.99%)",TP. Hồ Chí Minh,53700000,55300000,5370000,5530000,54500000,5450000,1600000,Giavang Archive
2020-07-25,08:45,"Vàng SJC 1L, 10L, 1KG (Vàng miếng 99.99%)",TP. Hồ Chí Minh,53500000,55000000,5350000,5500000,54250000,5425000,1500000,Giavang Archive
2020-07-26,08:45,"Vàng SJC 1L, 10L, 1KG (Vàng miếng 99.99%)",TP. Hồ Chí Minh,53500000,55000000,5350000,5500000,54250000,5425000,1500000,Giavang Archive
2020-07-27,08:40,"Vàng SJC 1L, 10L, 1KG (Vàng miếng 99.99%)",TP. Hồ Chí Minh,55450000,56900000,5545000,5690000,56175000,5617500,1450000,Giavang Archive
2020-07-28,09:05,"Vàng SJC 1L, 10L, 1KG (Vàng miếng 99.99%)",TP. Hồ Chí Minh,55900000,57400000,5590000,5740000,56650000,5665000,1500000,Giavang Archive
2020-07-29,08:50,"Vàng SJC 1L, 10L, 1KG (Vàng miếng 99.99%)",TP. Hồ Chí Minh,56300000,57700000,5630000,5770000,57000000,5700000,1400000,Giavang Archive
2020-07-30,08:35,"Vàng SJC 1L, 10L, 1KG (Vàng miếng 99.99%)",TP. Hồ Chí Minh,56550000,57800000,5655000,5780000,57175000,5717500,1250000,Giavang Archive
2020-07-31,13:35,"Vàng SJC 1L, 10L, 1KG (Vàng miếng 99.99%)",TP. Hồ Chí Minh,56680000,57980000,5668000,5798000,57330000,5733000,1300000,Giavang Archive
2020-08-01,08:35,"Vàng SJC 1L, 10L, 1KG (Vàng miếng 99.99%)",TP. Hồ Chí Minh,56630000,57930000,5663000,5793000,57280000,5728000,1300000,Giavang Archive
2020-08-02,08:35,"Vàng SJC 1L, 10L, 1KG (Vàng miếng 99.99%)",TP. Hồ Chí Minh,56630000,57930000,5663000,5793000,57280000,5728000,1300000,Giavang Archive
2020-08-03,09:10,"Vàng SJC 1L, 10L, 1KG (Vàng miếng 99.99%)",TP. Hồ Chí Minh,56750000,57900000,5675000,5790000,57325000,5732500,1150000,Giavang Archive
2020-08-04,08:35,"Vàng SJC 1L, 10L, 1KG (Vàng miếng 99.99%)",TP. Hồ Chí Minh,56830000,57980000,5683000,5798000,57405000,5740500,1150000,Giavang Archive
2020-08-05,08:25,"Vàng SJC 1L, 10L, 1KG (Vàng miếng 99.99%)",TP. Hồ Chí Minh,57900000,59100000,5790000,5910000,58500000,5850000,1200000,Giavang Archive
2020-08-06,08:30,"Vàng SJC 1L, 10L, 1KG (Vàng miếng 99.99%)",TP. Hồ Chí Minh,59600000,61400000,5960000,6140000,60500000,6050000,1800000,Giavang Archive
2020-08-07,10:10,"Vàng SJC 1L, 10L, 1KG (Vàng miếng 99.99%)",TP. Hồ Chí Minh,60750000,62400000,6075000,6240000,61575000,6157500,1650000,Giavang Archive
2020-08-08,08:40,"Vàng SJC 1L, 10L, 1KG (Vàng miếng 99.99%)",TP. Hồ Chí Minh,58500000,60300000,5850000,6030000,59400000,5940000,1800000,Giavang Archive
2020-08-09,08:40,"Vàng SJC 1L, 10L, 1KG (Vàng miếng 99.99%)",TP. Hồ Chí Minh,58500000,60300000,5850000,6030000,59400000,5940000,1800000,Giavang Archive
2020-08-10,08:30,"Vàng SJC 1L, 10L, 1KG (Vàng miếng 99.99%)",TP. Hồ Chí Minh,56650000,58280000,5665000,5828000,57465000,5746500,1630000,Giavang Archive
2020-08-11,08:35,"Vàng SJC 1L, 10L, 1KG (Vàng miếng 99.99%)",TP. Hồ Chí Minh,53580000,55480000,5358000,5548000,54530000,5453000,1900000,Giavang Archive
2020-08-12,08:25,"Vàng SJC 1L, 10L, 1KG (Vàng miếng 99.99%)",TP. Hồ Chí Minh,52560000,56380000,5256000,5638000,54470000,5447000,3820000,Giavang Archive
2020-08-13,09:00,"Vàng SJC 1L, 10L, 1KG (Vàng miếng 99.99%)",TP. Hồ Chí Minh,53180000,55780000,5318000,5578000,54480000,5448000,2600000,Giavang Archive
2020-08-14,09:05,"Vàng SJC 1L, 10L, 1KG (Vàng miếng 99.99%)",TP. Hồ Chí Minh,54430000,56170000,5443000,5617000,55300000,5530000,1740000,Giavang Archive
2020-08-15,09:00,"Vàng SJC 1L, 10L, 1KG (Vàng miếng 99.99%)",TP. Hồ Chí Minh,54180000,56180000,5418000,5618000,55180000,5518000,2000000,Giavang Archive
2020-08-16,09:00,"Vàng SJC 1L, 10L, 1KG (Vàng miếng 99.99%)",TP. Hồ Chí Minh,54180000,56180000,5418000,5618000,55180000,5518000,2000000,Giavang Archive
2020-08-17,08:40,"Vàng SJC 1L, 10L, 1KG (Vàng miếng 99.99%)",TP. Hồ Chí Minh,55100000,56500000,5510000,5650000,55800000,5580000,1400000,Giavang Archive
2020-08-18,08:40,"Vàng SJC 1L, 10L, 1KG (Vàng miếng 99.99%)",TP. Hồ Chí Minh,56500000,58150000,5650000,5815000,57325000,5732500,1650000,Giavang Archive
2020-08-19,08:35,"Vàng SJC 1L, 10L, 1KG (Vàng miếng 99.99%)",TP. Hồ Chí Minh,55550000,56950000,5555000,5695000,56250000,5625000,1400000,Giavang Archive
2020-08-20,08:40,"Vàng SJC 1L, 10L, 1KG (Vàng miếng 99.99%)",TP. Hồ Chí Minh,55050000,56450000,5505000,5645000,55750000,5575000,1400000,Giavang Archive
2020-08-21,08:30,"Vàng SJC 1L, 10L, 1KG (Vàng miếng 99.99%)",TP. Hồ Chí Minh,55350000,56750000,5535000,5675000,56050000,5605000,1400000,Giavang Archive
2020-08-22,08:30,"Vàng SJC 1L, 10L, 1KG (Vàng miếng 99.99%)",TP. Hồ Chí Minh,55350000,56750000,5535000,5675000,56050000,5605000,1400000,Giavang Archive
2020-08-23,08:30,"Vàng SJC 1L, 10L, 1KG (Vàng miếng 99.99%)",TP. Hồ Chí Minh,55350000,56750000,5535000,5675000,56050000,5605000,1400000,Giavang Archive
2020-08-24,08:45,"Vàng SJC 1L, 10L, 1KG (Vàng miếng 99.99%)",TP. Hồ Chí Minh,55450000,56550000,5545000,5655000,56000000,5600000,1100000,Giavang Archive
2020-08-25,08:50,"Vàng SJC 1L, 10L, 1KG (Vàng miếng 99.99%)",TP. Hồ Chí Minh,55100000,56150000,5510000,5615000,55625000,5562500,1050000,Giavang Archive
2020-08-26,08:55,"Vàng SJC 1L, 10L, 1KG (Vàng miếng 99.99%)",TP. Hồ Chí Minh,54950000,56000000,5495000,5600000,55475000,5547500,1050000,Giavang Archive
2020-08-27,08:35,"Vàng SJC 1L, 10L, 1KG (Vàng miếng 99.99%)",TP. Hồ Chí Minh,55300000,56300000,5530000,5630000,55800000,5580000,1000000,Giavang Archive
2020-08-28,09:10,"Vàng SJC 1L, 10L, 1KG (Vàng miếng 99.99%)",TP. Hồ Chí Minh,55800000,56750000,5580000,5675000,56275000,5627500,950000,Giavang Archive
2020-08-29,08:35,"Vàng SJC 1L, 10L, 1KG (Vàng miếng 99.99%)",TP. Hồ Chí Minh,55800000,56900000,5580000,5690000,56350000,5635000,1100000,Giavang Archive
2020-08-30,08:35,"Vàng SJC 1L, 10L, 1KG (Vàng miếng 99.99%)",TP. Hồ Chí Minh,55800000,56900000,5580000,5690000,56350000,5635000,1100000,Giavang Archive
2020-08-31,08:40,"Vàng SJC 1L, 10L, 1KG (Vàng miếng 99.99%)",TP. Hồ Chí Minh,56450000,57400000,5645000,5740000,56925000,5692500,950000,Giavang Archive
2020-09-01,09:00,"Vàng SJC 1L, 10L, 1KG (Vàng miếng 99.99%)",TP. Hồ Chí Minh,56750000,57700000,5675000,5770000,57225000,5722500,950000,Giavang Archive
2020-09-02,09:00,"Vàng SJC 1L, 10L, 1KG (Vàng miếng 99.99%)",TP. Hồ Chí Minh,56750000,57700000,5675000,5770000,57225000,5722500,950000,Giavang Archive
2020-09-03,08:55,"Vàng SJC 1L, 10L, 1KG (Vàng miếng 99.99%)",TP. Hồ Chí Minh,55850000,56800000,5585000,5680000,56325000,5632500,950000,Giavang Archive
2020-09-04,13:20,"Vàng SJC 1L, 10L, 1KG (Vàng miếng 99.99%)",TP. Hồ Chí Minh,55850000,56800000,5585000,5680000,56325000,5632500,950000,Giavang Archive
2020-09-05,08:30,"Vàng SJC 1L, 10L, 1KG (Vàng miếng 99.99%)",TP. Hồ Chí Minh,55750000,56700000,5575000,5670000,56225000,5622500,950000,Giavang Archive
2020-09-06,08:30,"Vàng SJC 1L, 10L, 1KG (Vàng miếng 99.99%)",TP. Hồ Chí Minh,55750000,56700000,5575000,5670000,56225000,5622500,950000,Giavang Archive
2020-09-07,09:00,"Vàng SJC 1L, 10L, 1KG (Vàng miếng 99.99%)",TP. Hồ Chí Minh,55650000,56500000,5565000,5650000,56075000,5607500,850000,Giavang Archive
2020-09-08,08:35,"Vàng SJC 1L, 10L, 1KG (Vàng miếng 99.99%)",TP. Hồ Chí Minh,55600000,56400000,5560000,5640000,56000000,5600000,800000,Giavang Archive
2020-09-09,08:40,"Vàng SJC 1L, 10L, 1KG (Vàng miếng 99.99%)",TP. Hồ Chí Minh,55700000,56450000,5570000,5645000,56075000,5607500,750000,Giavang Archive
2020-09-10,08:30,"Vàng SJC 1L, 10L, 1KG (Vàng miếng 99.99%)",TP. Hồ Chí Minh,56050000,56750000,5605000,5675000,56400000,5640000,700000,Giavang Archive
2020-09-11,08:35,"Vàng SJC 1L, 10L, 1KG (Vàng miếng 99.99%)",TP. Hồ Chí Minh,55950000,56650000,5595000,5665000,56300000,5630000,700000,Giavang Archive
2020-09-12,08:30,"Vàng SJC 1L, 10L, 1KG (Vàng miếng 99.99%)",TP. Hồ Chí Minh,55850000,56550000,5585000,5655000,56200000,5620000,700000,Giavang Archive
2020-09-13,08:30,"Vàng SJC 1L, 10L, 1KG (Vàng miếng 99.99%)",TP. Hồ Chí Minh,55850000,56550000,5585000,5655000,56200000,5620000,700000,Giavang Archive
2020-09-14,10:20,"Vàng SJC 1L, 10L, 1KG (Vàng miếng 99.99%)",TP. Hồ Chí Minh,55950000,56500000,5595000,5650000,56225000,5622500,550000,Giavang Archive
2020-09-15,08:55,"Vàng SJC 1L, 10L, 1KG (Vàng miếng 99.99%)",TP. Hồ Chí Minh,56150000,56700000,5615000,5670000,56425000,5642500,550000,Giavang Archive
2020-09-16,09:50,"Vàng SJC 1L, 10L, 1KG (Vàng miếng 99.99%)",TP. Hồ Chí Minh,56250000,56750000,5625000,5675000,56500000,5650000,500000,Giavang Archive
2020-09-17,09:05,"Vàng SJC 1L, 10L, 1KG (Vàng miếng 99.99%)",TP. Hồ Chí Minh,56050000,56500000,5605000,5650000,56275000,5627500,450000,Giavang Archive
2020-09-18,09:45,"Vàng SJC 1L, 10L, 1KG (Vàng miếng 99.99%)",TP. Hồ Chí Minh,56100000,56550000,5610000,5655000,56325000,5632500,450000,Giavang Archive
2020-09-19,08:20,"Vàng SJC 1L, 10L, 1KG (Vàng miếng 99.99%)",TP. Hồ Chí Minh,56000000,56500000,5600000,5650000,56250000,5625000,500000,Giavang Archive
2020-09-20,08:20,"Vàng SJC 1L, 10L, 1KG (Vàng miếng 99.99%)",TP. Hồ Chí Minh,56000000,56500000,5600000,5650000,56250000,5625000,500000,Giavang Archive
2020-09-21,09:10,"Vàng SJC 1L, 10L, 1KG (Vàng miếng 99.99%)",TP. Hồ Chí Minh,56100000,56550000,5610000,5655000,56325000,5632500,450000,Giavang Archive
2020-09-22,08:15,"Vàng SJC 1L, 10L, 1KG (Vàng miếng 99.99%)",TP. Hồ Chí Minh,55700000,56150000,5570000,5615000,55925000,5592500,450000,Giavang Archive
2020-09-23,09:30,"Vàng SJC 1L, 10L, 1KG (Vàng miếng 99.99%)",TP. Hồ Chí Minh,55400000,55850000,5540000,5585000,55625000,5562500,450000,Giavang Archive
2020-09-24,08:30,"Vàng SJC 1L, 10L, 1KG (Vàng miếng 99.99%)",TP. Hồ Chí Minh,54450000,55000000,5445000,5500000,54725000,5472500,550000,Giavang Archive
2020-09-25,08:35,"Vàng SJC 1L, 10L, 1KG (Vàng miếng 99.99%)",TP. Hồ Chí Minh,55150000,55650000,5515000,5565000,55400000,5540000,500000,Giavang Archive
2020-09-26,09:50,"Vàng SJC 1L, 10L, 1KG (Vàng miếng 99.99%)",TP. Hồ Chí Minh,55100000,55600000,5510000,5560000,55350000,5535000,500000,Giavang Archive
2020-09-27,09:50,"Vàng SJC 1L, 10L, 1KG (Vàng miếng 99.99%)",TP. Hồ Chí Minh,55100000,55600000,5510000,5560000,55350000,5535000,500000,Giavang Archive
2020-09-28,08:35,"Vàng SJC 1L, 10L, 1KG (Vàng miếng 99.99%)",TP. Hồ Chí Minh,54650000,55300000,5465000,5530000,54975000,5497500,650000,Giavang Archive
2020-09-29,08:25,"Vàng SJC 1L, 10L, 1KG (Vàng miếng 99.99%)",TP. Hồ Chí Minh,55050000,55550000,5505000,5555000,55300000,5530000,500000,Giavang Archive
2020-09-30,08:55,"Vàng SJC 1L, 10L, 1KG (Vàng miếng 99.99%)",TP. Hồ Chí Minh,55100000,55600000,5510000,5560000,55350000,5535000,500000,Giavang Archive
2020-10-01,08:35,"Vàng SJC 1L, 10L, 1KG (Vàng miếng 99.99%)",TP. Hồ Chí Minh,55550000,56050000,5555000,5605000,55800000,5580000,500000,Giavang Archive
2020-10-02,09:25,"Vàng SJC 1L, 10L, 1KG (Vàng miếng 99.99%)",TP. Hồ Chí Minh,56050000,56550000,5605000,5655000,56300000,5630000,500000,Giavang Archive
2020-10-03,10:15,"Vàng SJC 1L, 10L, 1KG (Vàng miếng 99.99%)",TP. Hồ Chí Minh,55950000,56450000,5595000,5645000,56200000,5620000,500000,Giavang Archive
2020-10-04,10:15,"Vàng SJC 1L, 10L, 1KG (Vàng miếng 99.99%)",TP. Hồ Chí Minh,55950000,56450000,5595000,5645000,56200000,5620000,500000,Giavang Archive
2020-10-05,09:35,"Vàng SJC 1L, 10L, 1KG (Vàng miếng 99.99%)",TP. Hồ Chí Minh,55850000,56350000,5585000,5635000,56100000,5610000,500000,Giavang Archive
2020-10-06,08:35,"Vàng SJC 1L, 10L, 1KG (Vàng miếng 99.99%)",TP. Hồ Chí Minh,55850000,56350000,5585000,5635000,56100000,5610000,500000,Giavang Archive
2020-10-07,08:30,"Vàng SJC 1L, 10L, 1KG (Vàng miếng 99.99%)",TP. Hồ Chí Minh,55700000,56200000,5570000,5620000,55950000,5595000,500000,Giavang Archive
2020-10-08,08:25,"Vàng SJC 1L, 10L, 1KG (Vàng miếng 99.99%)",TP. Hồ Chí Minh,55650000,56150000,5565000,5615000,55900000,5590000,500000,Giavang Archive
2020-10-09,08:40,"Vàng SJC 1L, 10L, 1KG (Vàng miếng 99.99%)",TP. Hồ Chí Minh,55800000,56300000,5580000,5630000,56050000,5605000,500000,Giavang Archive
2020-10-10,08:50,"Vàng SJC 1L, 10L, 1KG (Vàng miếng 99.99%)",TP. Hồ Chí Minh,55950000,56450000,5595000,5645000,56200000,5620000,500000,Giavang Archive
2020-10-11,08:50,"Vàng SJC 1L, 10L, 1KG (Vàng miếng 99.99%)",TP. Hồ Chí Minh,55950000,56450000,5595000,5645000,56200000,5620000,500000,Giavang Archive
2020-10-12,15:45,"Vàng SJC 1L, 10L, 1KG (Vàng miếng 99.99%)",TP. Hồ Chí Minh,55900000,56400000,5590000,5640000,56150000,5615000,500000,Giavang Archive
2020-10-13,08:35,"Vàng SJC 1L, 10L, 1KG (Vàng miếng 99.99%)",TP. Hồ Chí Minh,56000000,56500000,5600000,5650000,56250000,5625000,500000,Giavang Archive
2020-10-14,09:00,"Vàng SJC 1L, 10L, 1KG (Vàng miếng 99.99%)",TP. Hồ Chí Minh,55800000,56300000,5580000,5630000,56050000,5605000,500000,Giavang Archive
2020-10-15,08:30,"Vàng SJC 1L, 10L, 1KG (Vàng miếng 99.99%)",TP. Hồ Chí Minh,55700000,56200000,5570000,5620000,55950000,5595000,500000,Giavang Archive
2020-10-16,09:10,"Vàng SJC 1L, 10L, 1KG (Vàng miếng 99.99%)",TP. Hồ Chí Minh,55850000,56300000,5585000,5630000,56075000,5607500,450000,Giavang Archive
2020-10-17,08:40,"Vàng SJC 1L, 10L, 1KG (Vàng miếng 99.99%)",TP. Hồ Chí Minh,55820000,56270000,5582000,5627000,56045000,5604500,450000,Giavang Archive
2020-10-18,08:40,"Vàng SJC 1L, 10L, 1KG (Vàng miếng 99.99%)",TP. Hồ Chí Minh,55820000,56270000,5582000,5627000,56045000,5604500,450000,Giavang Archive
2020-10-19,08:40,"Vàng SJC 1L, 10L, 1KG (Vàng miếng 99.99%)",TP. Hồ Chí Minh,55900000,56400000,5590000,5640000,56150000,5615000,500000,Giavang Archive
2020-10-20,10:45,"Vàng SJC 1L, 10L, 1KG (Vàng miếng 99.99%)",TP. Hồ Chí Minh,55900000,56400000,5590000,5640000,56150000,5615000,500000,Giavang Archive
2020-10-21,08:35,"Vàng SJC 1L, 10L, 1KG (Vàng miếng 99.99%)",TP. Hồ Chí Minh,55950000,56450000,5595000,5645000,56200000,5620000,500000,Giavang Archive
2020-10-22,08:45,"Vàng SJC 1L, 10L, 1KG (Vàng miếng 99.99%)",TP. Hồ Chí Minh,55950000,56450000,5595000,5645000,56200000,5620000,500000,Giavang Archive
2020-10-23,08:35,"Vàng SJC 1L, 10L, 1KG (Vàng miếng 99.99%)",TP. Hồ Chí Minh,55900000,56400000,5590000,5640000,56150000,5615000,500000,Giavang Archive
2020-10-24,08:35,"Vàng SJC 1L, 10L, 1KG (Vàng miếng 99.99%)",TP. Hồ Chí Minh,55850000,56350000,5585000,5635000,56100000,5610000,500000,Giavang Archive
2020-10-25,08:35,"Vàng SJC 1L, 10L, 1KG (Vàng miếng 99.99%)",TP. Hồ Chí Minh,55850000,56350000,5585000,5635000,56100000,5610000,500000,Giavang Archive
2020-10-26,15:05,"Vàng SJC 1L, 10L, 1KG (Vàng miếng 99.99%)",TP. Hồ Chí Minh,55850000,56350000,5585000,5635000,56100000,5610000,500000,Giavang Archive
2020-10-27,09:15,"Vàng SJC 1L, 10L, 1KG (Vàng miếng 99.99%)",TP. Hồ Chí Minh,55900000,56350000,5590000,5635000,56125000,5612500,450000,Giavang Archive
2020-10-28,08:30,"Vàng SJC 1L, 10L, 1KG (Vàng miếng 99.99%)",TP. Hồ Chí Minh,55950000,56400000,5595000,5640000,56175000,5617500,450000,Giavang Archive
2020-10-29,10:15,"Vàng SJC 1L, 10L, 1KG (Vàng miếng 99.99%)",TP. Hồ Chí Minh,55800000,56300000,5580000,5630000,56050000,5605000,500000,Giavang Archive
2020-10-30,09:45,"Vàng SJC 1L, 10L, 1KG (Vàng miếng 99.99%)",TP. Hồ Chí Minh,55850000,56350000,5585000,5635000,56100000,5610000,500000,Giavang Archive
2020-10-31,08:20,"Vàng SJC 1L, 10L, 1KG (Vàng miếng 99.99%)",TP. Hồ Chí Minh,55950000,56450000,5595000,5645000,56200000,5620000,500000,Giavang Archive
2020-11-01,08:20,"Vàng SJC 1L, 10L, 1KG (Vàng miếng 99.99%)",TP. Hồ Chí Minh,55950000,56450000,5595000,5645000,56200000,5620000,500000,Giavang Archive
2020-11-02,08:55,"Vàng SJC 1L, 10L, 1KG (Vàng miếng 99.99%)",TP. Hồ Chí Minh,56100000,56600000,5610000,5660000,56350000,5635000,500000,Giavang Archive
2020-11-03,08:35,"Vàng SJC 1L, 10L, 1KG (Vàng miếng 99.99%)",TP. Hồ Chí Minh,56200000,56700000,5620000,5670000,56450000,5645000,500000,Giavang Archive
2020-11-04,08:25,"Vàng SJC 1L, 10L, 1KG (Vàng miếng 99.99%)",TP. Hồ Chí Minh,55850000,56350000,5585000,5635000,56100000,5610000,500000,Giavang Archive
2020-11-05,09:40,"Vàng SJC 1L, 10L, 1KG (Vàng miếng 99.99%)",TP. Hồ Chí Minh,56050000,56550000,5605000,5655000,56300000,5630000,500000,Giavang Archive
2020-11-06,09:00,"Vàng SJC 1L, 10L, 1KG (Vàng miếng 99.99%)",TP. Hồ Chí Minh,56250000,56750000,5625000,5675000,56500000,5650000,500000,Giavang Archive
2020-11-07,08:40,"Vàng SJC 1L, 10L, 1KG (Vàng miếng 99.99%)",TP. Hồ Chí Minh,56300000,56800000,5630000,5680000,56550000,5655000,500000,Giavang Archive
2020-11-08,08:40,"Vàng SJC 1L, 10L, 1KG (Vàng miếng 99.99%)",TP. Hồ Chí Minh,56300000,56800000,5630000,5680000,56550000,5655000,500000,Giavang Archive
2020-11-09,10:05,"Vàng SJC 1L, 10L, 1KG (Vàng miếng 99.99%)",TP. Hồ Chí Minh,56500000,57000000,5650000,5700000,56750000,5675000,500000,Giavang Archive
2020-11-10,09:00,"Vàng SJC 1L, 10L, 1KG (Vàng miếng 99.99%)",TP. Hồ Chí Minh,55850000,56350000,5585000,5635000,56100000,5610000,500000,Giavang Archive
2020-11-11,09:55,"Vàng SJC 1L, 10L, 1KG (Vàng miếng 99.99%)",TP. Hồ Chí Minh,55930000,56430000,5593000,5643000,56180000,5618000,500000,Giavang Archive
2020-11-12,08:30,"Vàng SJC 1L, 10L, 1KG (Vàng miếng 99.99%)",TP. Hồ Chí Minh,55850000,56350000,5585000,5635000,56100000,5610000,500000,Giavang Archive
2020-11-13,10:20,"Vàng SJC 1L, 10L, 1KG (Vàng miếng 99.99%)",TP. Hồ Chí Minh,55850000,56350000,5585000,5635000,56100000,5610000,500000,Giavang Archive
2020-11-14,08:40,"Vàng SJC 1L, 10L, 1KG (Vàng miếng 99.99%)",TP. Hồ Chí Minh,55900000,56400000,5590000,5640000,56150000,5615000,500000,Giavang Archive
2020-11-15,08:40,"Vàng SJC 1L, 10L, 1KG (Vàng miếng 99.99%)",TP. Hồ Chí Minh,55900000,56400000,5590000,5640000,56150000,5615000,500000,Giavang Archive
2020-11-16,09:20,"Vàng SJC 1L, 10L, 1KG (Vàng miếng 99.99%)",TP. Hồ Chí Minh,55900000,56400000,5590000,5640000,56150000,5615000,500000,Giavang Archive
2020-11-17,09:35,"Vàng SJC 1L, 10L, 1KG (Vàng miếng 99.99%)",TP. Hồ Chí Minh,55800000,56300000,5580000,5630000,56050000,5605000,500000,Giavang Archive
2020-11-18,13:50,"Vàng SJC 1L, 10L, 1KG (Vàng miếng 99.99%)",TP. Hồ Chí Minh,55800000,56300000,5580000,5630000,56050000,5605000,500000,Giavang Archive
2020-11-19,13:00,"Vàng SJC 1L, 10L, 1KG (Vàng miếng 99.99%)",TP. Hồ Chí Minh,55650000,56100000,5565000,5610000,55875000,5587500,450000,Giavang Archive
2020-11-20,08:35,"Vàng SJC 1L, 10L, 1KG (Vàng miếng 99.99%)",TP. Hồ Chí Minh,55700000,56150000,5570000,5615000,55925000,5592500,450000,Giavang Archive
2020-11-21,08:30,"Vàng SJC 1L, 10L, 1KG (Vàng miếng 99.99%)",TP. Hồ Chí Minh,55750000,56200000,5575000,5620000,55975000,5597500,450000,Giavang Archive
2020-11-22,08:30,"Vàng SJC 1L, 10L, 1KG (Vàng miếng 99.99%)",TP. Hồ Chí Minh,55750000,56200000,5575000,5620000,55975000,5597500,450000,Giavang Archive
2020-11-23,10:20,"Vàng SJC 1L, 10L, 1KG (Vàng miếng 99.99%)",TP. Hồ Chí Minh,55620000,56070000,5562000,5607000,55845000,5584500,450000,Giavang Archive
2020-11-24,08:30,"Vàng SJC 1L, 10L, 1KG (Vàng miếng 99.99%)",TP. Hồ Chí Minh,55000000,55450000,5500000,5545000,55225000,5522500,450000,Giavang Archive
2020-11-25,08:35,"Vàng SJC 1L, 10L, 1KG (Vàng miếng 99.99%)",TP. Hồ Chí Minh,54250000,54800000,5425000,5480000,54525000,5452500,550000,Giavang Archive
2020-11-26,08:35,"Vàng SJC 1L, 10L, 1KG (Vàng miếng 99.99%)",TP. Hồ Chí Minh,54500000,55000000,5450000,5500000,54750000,5475000,500000,Giavang Archive
2020-11-27,09:00,"Vàng SJC 1L, 10L, 1KG (Vàng miếng 99.99%)",TP. Hồ Chí Minh,54400000,54900000,5440000,5490000,54650000,5465000,500000,Giavang Archive
2020-11-28,08:40,"Vàng SJC 1L, 10L, 1KG (Vàng miếng 99.99%)",TP. Hồ Chí Minh,54000000,54550000,5400000,5455000,54275000,5427500,550000,Giavang Archive
2020-11-29,08:40,"Vàng SJC 1L, 10L, 1KG (Vàng miếng 99.99%)",TP. Hồ Chí Minh,54000000,54550000,5400000,5455000,54275000,5427500,550000,Giavang Archive
2020-11-30,08:35,"Vàng SJC 1L, 10L, 1KG (Vàng miếng 99.99%)",TP. Hồ Chí Minh,53200000,53750000,5320000,5375000,53475000,5347500,550000,Giavang Archive
2020-12-01,08:50,"Vàng SJC 1L, 10L, 1KG (Vàng miếng 99.99%)",TP. Hồ Chí Minh,53700000,54300000,5370000,5430000,54000000,5400000,600000,Giavang Archive
2020-12-02,08:30,"Vàng SJC 1L, 10L, 1KG (Vàng miếng 99.99%)",TP. Hồ Chí Minh,54450000,55100000,5445000,5510000,54775000,5477500,650000,Giavang Archive
2020-12-03,08:35,"Vàng SJC 1L, 10L, 1KG (Vàng miếng 99.99%)",TP. Hồ Chí Minh,54850000,55500000,5485000,5550000,55175000,5517500,650000,Giavang Archive
2020-12-04,08:50,"Vàng SJC 1L, 10L, 1KG (Vàng miếng 99.99%)",TP. Hồ Chí Minh,54700000,55350000,5470000,5535000,55025000,5502500,650000,Giavang Archive
2020-12-05,08:35,"Vàng SJC 1L, 10L, 1KG (Vàng miếng 99.99%)",TP. Hồ Chí Minh,54600000,55250000,5460000,5525000,54925000,5492500,650000,Giavang Archive
2020-12-06,08:35,"Vàng SJC 1L, 10L, 1KG (Vàng miếng 99.99%)",TP. Hồ Chí Minh,54600000,55250000,5460000,5525000,54925000,5492500,650000,Giavang Archive
2020-12-07,08:30,"Vàng SJC 1L, 10L, 1KG (Vàng miếng 99.99%)",TP. Hồ Chí Minh,54650000,55200000,5465000,5520000,54925000,5492500,550000,Giavang Archive
2020-12-08,11:05,"Vàng SJC 1L, 10L, 1KG (Vàng miếng 99.99%)",TP. Hồ Chí Minh,54950000,55500000,5495000,5550000,55225000,5522500,550000,Giavang Archive
2020-12-09,08:45,"Vàng SJC 1L, 10L, 1KG (Vàng miếng 99.99%)",TP. Hồ Chí Minh,54750000,55300000,5475000,5530000,55025000,5502500,550000,Giavang Archive
2020-12-10,09:10,"Vàng SJC 1L, 10L, 1KG (Vàng miếng 99.99%)",TP. Hồ Chí Minh,54450000,55050000,5445000,5505000,54750000,5475000,600000,Giavang Archive
2020-12-11,08:30,"Vàng SJC 1L, 10L, 1KG (Vàng miếng 99.99%)",TP. Hồ Chí Minh,54750000,55250000,5475000,5525000,55000000,5500000,500000,Giavang Archive
2020-12-12,08:50,"Vàng SJC 1L, 10L, 1KG (Vàng miếng 99.99%)",TP. Hồ Chí Minh,54750000,55250000,5475000,5525000,55000000,5500000,500000,Giavang Archive
2020-12-13,08:50,"Vàng SJC 1L, 10L, 1KG (Vàng miếng 99.99%)",TP. Hồ Chí Minh,54750000,55250000,5475000,5525000,55000000,5500000,500000,Giavang Archive
2020-12-14,13:00,"Vàng SJC 1L, 10L, 1KG (Vàng miếng 99.99%)",TP. Hồ Chí Minh,54600000,55100000,5460000,5510000,54850000,5485000,500000,Giavang Archive
2020-12-15,09:40,"Vàng SJC 1L, 10L, 1KG (Vàng miếng 99.99%)",TP. Hồ Chí Minh,54750000,55250000,5475000,5525000,55000000,5500000,500000,Giavang Archive
2020-12-16,08:40,"Vàng SJC 1L, 10L, 1KG (Vàng miếng 99.99%)",TP. Hồ Chí Minh,54900000,55400000,5490000,5540000,55150000,5515000,500000,Giavang Archive
2020-12-17,08:50,"Vàng SJC 1L, 10L, 1KG (Vàng miếng 99.99%)",TP. Hồ Chí Minh,55050000,55550000,5505000,5555000,55300000,5530000,500000,Giavang Archive
2020-12-18,15:15,"Vàng SJC 1L, 10L, 1KG (Vàng miếng 99.99%)",TP. Hồ Chí Minh,55000000,55500000,5500000,5550000,55250000,5525000,500000,Giavang Archive
2020-12-19,15:15,"Vàng SJC 1L, 10L, 1KG (Vàng miếng 99.99%)",TP. Hồ Chí Minh,55000000,55500000,5500000,5550000,55250000,5525000,500000,Giavang Archive
2020-12-20,15:15,"Vàng SJC 1L, 10L, 1KG (Vàng miếng 99.99%)",TP. Hồ Chí Minh,55000000,55500000,5500000,5550000,55250000,5525000,500000,Giavang Archive
2020-12-21,08:55,"Vàng SJC 1L, 10L, 1KG (Vàng miếng 99.99%)",TP. Hồ Chí Minh,55250000,55800000,5525000,5580000,55525000,5552500,550000,Giavang Archive
2020-12-22,08:45,"Vàng SJC 1L, 10L, 1KG (Vàng miếng 99.99%)",TP. Hồ Chí Minh,55050000,55550000,5505000,5555000,55300000,5530000,500000,Giavang Archive
2020-12-23,13:55,"Vàng SJC 1L, 10L, 1KG (Vàng miếng 99.99%)",TP. Hồ Chí Minh,55100000,55600000,5510000,5560000,55350000,5535000,500000,Giavang Archive
2020-12-24,10:45,"Vàng SJC 1L, 10L, 1KG (Vàng miếng 99.99%)",TP. Hồ Chí Minh,55300000,55800000,5530000,5580000,55550000,5555000,500000,Giavang Archive
2020-12-25,08:40,"Vàng SJC 1L, 10L, 1KG (Vàng miếng 99.99%)",TP. Hồ Chí Minh,55300000,55800000,5530000,5580000,55550000,5555000,500000,Giavang Archive
2020-12-26,08:40,"Vàng SJC 1L, 10L, 1KG (Vàng miếng 99.99%)",TP. Hồ Chí Minh,55300000,55800000,5530000,5580000,55550000,5555000,500000,Giavang Archive
2020-12-27,08:40,"Vàng SJC 1L, 10L, 1KG (Vàng miếng 99.99%)",TP. Hồ Chí Minh,55300000,55800000,5530000,5580000,55550000,5555000,500000,Giavang Archive
2020-12-28,09:05,"Vàng SJC 1L, 10L, 1KG (Vàng miếng 99.99%)",TP. Hồ Chí Minh,55250000,55750000,5525000,5575000,55500000,5550000,500000,Giavang Archive
2020-12-29,10:20,"Vàng SJC 1L, 10L, 1KG (Vàng miếng 99.99%)",TP. Hồ Chí Minh,55400000,55900000,5540000,5590000,55650000,5565000,500000,Giavang Archive
2020-12-30,08:30,"Vàng SJC 1L, 10L, 1KG (Vàng miếng 99.99%)",TP. Hồ Chí Minh,55400000,55900000,5540000,5590000,55650000,5565000,500000,Giavang Archive
2020-12-31,08:35,"Vàng SJC 1L, 10L, 1KG (Vàng miếng 99.99%)",TP. Hồ Chí Minh,55550000,56100000,5555000,5610000,55825000,5582500,550000,Giavang Archive
2021-01-01,08:35,"Vàng SJC 1L, 10L, 1KG (Vàng miếng 99.99%)",TP. Hồ Chí Minh,55550000,56100000,5555000,5610000,55825000,5582500,550000,Giavang Archive
2021-01-02,08:50,"Vàng SJC 1L, 10L, 1KG (Vàng miếng 99.99%)",TP. Hồ Chí Minh,55600000,56150000,5560000,5615000,55875000,5587500,550000,Giavang Archive
2021-01-03,08:50,"Vàng SJC 1L, 10L, 1KG (Vàng miếng 99.99%)",TP. Hồ Chí Minh,55600000,56150000,5560000,5615000,55875000,5587500,550000,Giavang Archive
2021-01-04,08:45,"Vàng SJC 1L, 10L, 1KG (Vàng miếng 99.99%)",TP. Hồ Chí Minh,56250000,56800000,5625000,5680000,56525000,5652500,550000,Giavang Archive
2021-01-05,10:20,"Vàng SJC 1L, 10L, 1KG (Vàng miếng 99.99%)",TP. Hồ Chí Minh,56600000,57150000,5660000,5715000,56875000,5687500,550000,Giavang Archive
2021-01-06,09:05,"Vàng SJC 1L, 10L, 1KG (Vàng miếng 99.99%)",TP. Hồ Chí Minh,56750000,57300000,5675000,5730000,57025000,5702500,550000,Giavang Archive
2021-01-07,08:30,"Vàng SJC 1L, 10L, 1KG (Vàng miếng 99.99%)",TP. Hồ Chí Minh,56300000,56800000,5630000,5680000,56550000,5655000,500000,Giavang Archive
2021-01-08,08:30,"Vàng SJC 1L, 10L, 1KG (Vàng miếng 99.99%)",TP. Hồ Chí Minh,55750000,56350000,5575000,5635000,56050000,5605000,600000,Giavang Archive
2021-01-09,08:40,"Vàng SJC 1L, 10L, 1KG (Vàng miếng 99.99%)",TP. Hồ Chí Minh,55300000,56000000,5530000,5600000,55650000,5565000,700000,Giavang Archive
2021-01-10,08:40,"Vàng SJC 1L, 10L, 1KG (Vàng miếng 99.99%)",TP. Hồ Chí Minh,55300000,56000000,5530000,5600000,55650000,5565000,700000,Giavang Archive
2021-01-11,08:35,"Vàng SJC 1L, 10L, 1KG (Vàng miếng 99.99%)",TP. Hồ Chí Minh,55850000,56450000,5585000,5645000,56150000,5615000,600000,Giavang Archive
2021-01-12,08:30,"Vàng SJC 1L, 10L, 1KG (Vàng miếng 99.99%)",TP. Hồ Chí Minh,56050000,56650000,5605000,5665000,56350000,5635000,600000,Giavang Archive
2021-01-13,08:45,"Vàng SJC 1L, 10L, 1KG (Vàng miếng 99.99%)",TP. Hồ Chí Minh,55900000,56500000,5590000,5650000,56200000,5620000,600000,Giavang Archive
2021-01-14,09:05,"Vàng SJC 1L, 10L, 1KG (Vàng miếng 99.99%)",TP. Hồ Chí Minh,55850000,56450000,5585000,5645000,56150000,5615000,600000,Giavang Archive
2021-01-15,08:25,"Vàng SJC 1L, 10L, 1KG (Vàng miếng 99.99%)",TP. Hồ Chí Minh,56050000,56600000,5605000,5660000,56325000,5632500,550000,Giavang Archive
2021-01-16,08:35,"Vàng SJC 1L, 10L, 1KG (Vàng miếng 99.99%)",TP. Hồ Chí Minh,55800000,56400000,5580000,5640000,56100000,5610000,600000,Giavang Archive
2021-01-17,08:35,"Vàng SJC 1L, 10L, 1KG (Vàng miếng 99.99%)",TP. Hồ Chí Minh,55800000,56400000,5580000,5640000,56100000,5610000,600000,Giavang Archive
2021-01-18,08:25,"Vàng SJC 1L, 10L, 1KG (Vàng miếng 99.99%)",TP. Hồ Chí Minh,55900000,56450000,5590000,5645000,56175000,5617500,550000,Giavang Archive
2021-01-19,08:35,"Vàng SJC 1L, 10L, 1KG (Vàng miếng 99.99%)",TP. Hồ Chí Minh,55850000,56400000,5585000,5640000,56125000,5612500,550000,Giavang Archive
2021-01-20,09:35,"Vàng SJC 1L, 10L, 1KG (Vàng miếng 99.99%)",TP. Hồ Chí Minh,56050000,56600000,5605000,5660000,56325000,5632500,550000,Giavang Archive
2021-01-21,08:30,"Vàng SJC 1L, 10L, 1KG (Vàng miếng 99.99%)",TP. Hồ Chí Minh,56000000,56550000,5600000,5655000,56275000,5627500,550000,Giavang Archive
2021-01-22,10:05,"Vàng SJC 1L, 10L, 1KG (Vàng miếng 99.99%)",TP. Hồ Chí Minh,55900000,56450000,5590000,5645000,56175000,5617500,550000,Giavang Archive
2021-01-23,08:35,"Vàng SJC 1L, 10L, 1KG (Vàng miếng 99.99%)",TP. Hồ Chí Minh,55850000,56400000,5585000,5640000,56125000,5612500,550000,Giavang Archive
2021-01-24,08:35,"Vàng SJC 1L, 10L, 1KG (Vàng miếng 99.99%)",TP. Hồ Chí Minh,55850000,56400000,5585000,5640000,56125000,5612500,550000,Giavang Archive
2021-01-25,08:30,"Vàng SJC 1L, 10L, 1KG (Vàng miếng 99.99%)",TP. Hồ Chí Minh,56000000,56550000,5600000,5655000,56275000,5627500,550000,Giavang Archive
2021-01-26,08:25,"Vàng SJC 1L, 10L, 1KG (Vàng miếng 99.99%)",TP. Hồ Chí Minh,56100000,56600000,5610000,5660000,56350000,5635000,500000,Giavang Archive
2021-01-27,08:35,"Vàng SJC 1L, 10L, 1KG (Vàng miếng 99.99%)",TP. Hồ Chí Minh,56150000,56650000,5615000,5665000,56400000,5640000,500000,Giavang Archive
2021-01-28,08:35,"Vàng SJC 1L, 10L, 1KG (Vàng miếng 99.99%)",TP. Hồ Chí Minh,56150000,56650000,5615000,5665000,56400000,5640000,500000,Giavang Archive
2021-01-29,09:55,"Vàng SJC 1L, 10L, 1KG (Vàng miếng 99.99%)",TP. Hồ Chí Minh,56250000,56750000,5625000,5675000,56500000,5650000,500000,Giavang Archive
2021-01-30,08:35,"Vàng SJC 1L, 10L, 1KG (Vàng miếng 99.99%)",TP. Hồ Chí Minh,56250000,56750000,5625000,5675000,56500000,5650000,500000,Giavang Archive
2021-01-31,08:35,"Vàng SJC 1L, 10L, 1KG (Vàng miếng 99.99%)",TP. Hồ Chí Minh,56250000,56750000,5625000,5675000,56500000,5650000,500000,Giavang Archive
2021-02-01,08:40,"Vàng SJC 1L, 10L, 1KG (Vàng miếng 99.99%)",TP. Hồ Chí Minh,56600000,57100000,5660000,5710000,56850000,5685000,500000,Giavang Archive
2021-02-02,10:15,"Vàng SJC 1L, 10L, 1KG (Vàng miếng 99.99%)",TP. Hồ Chí Minh,56350000,56850000,5635000,5685000,56600000,5660000,500000,Giavang Archive
2021-02-03,09:35,"Vàng SJC 1L, 10L, 1KG (Vàng miếng 99.99%)",TP. Hồ Chí Minh,56350000,56850000,5635000,5685000,56600000,5660000,500000,Giavang Archive
2021-02-04,08:50,"Vàng SJC 1L, 10L, 1KG (Vàng miếng 99.99%)",TP. Hồ Chí Minh,56250000,56750000,5625000,5675000,56500000,5650000,500000,Giavang Archive
2021-02-05,09:45,"Vàng SJC 1L, 10L, 1KG (Vàng miếng 99.99%)",TP. Hồ Chí Minh,56350000,56900000,5635000,5690000,56625000,5662500,550000,Giavang Archive
2021-02-06,08:45,"Vàng SJC 1L, 10L, 1KG (Vàng miếng 99.99%)",TP. Hồ Chí Minh,56350000,56900000,5635000,5690000,56625000,5662500,550000,Giavang Archive
2021-02-07,08:45,"Vàng SJC 1L, 10L, 1KG (Vàng miếng 99.99%)",TP. Hồ Chí Minh,56350000,56900000,5635000,5690000,56625000,5662500,550000,Giavang Archive
2021-02-08,08:25,"Vàng SJC 1L, 10L, 1KG (Vàng miếng 99.99%)",TP. Hồ Chí Minh,56500000,57050000,5650000,5705000,56775000,5677500,550000,Giavang Archive
2021-02-09,08:35,"Vàng SJC 1L, 10L, 1KG (Vàng miếng 99.99%)",TP. Hồ Chí Minh,56750000,57350000,5675000,5735000,57050000,5705000,600000,Giavang Archive
2021-02-10,08:35,"Vàng SJC 1L, 10L, 1KG (Vàng miếng 99.99%)",TP. Hồ Chí Minh,56750000,57350000,5675000,5735000,57050000,5705000,600000,Giavang Archive
2021-02-11,08:35,"Vàng SJC 1L, 10L, 1KG (Vàng miếng 99.99%)",TP. Hồ Chí Minh,56750000,57350000,5675000,5735000,57050000,5705000,600000,Giavang Archive
2021-02-12,08:35,"Vàng SJC 1L, 10L, 1KG (Vàng miếng 99.99%)",TP. Hồ Chí Minh,56750000,57350000,5675000,5735000,57050000,5705000,600000,Giavang Archive
2021-02-13,08:35,"Vàng SJC 1L, 10L, 1KG (Vàng miếng 99.99%)",TP. Hồ Chí Minh,56750000,57350000,5675000,5735000,57050000,5705000,600000,Giavang Archive
2021-02-14,08:35,"Vàng SJC 1L, 10L, 1KG (Vàng miếng 99.99%)",TP. Hồ Chí Minh,56750000,57350000,5675000,5735000,57050000,5705000,600000,Giavang Archive
2021-02-15,08:35,"Vàng SJC 1L, 10L, 1KG (Vàng miếng 99.99%)",TP. Hồ Chí Minh,56750000,57350000,5675000,5735000,57050000,5705000,600000,Giavang Archive
2021-02-16,08:35,"Vàng SJC 1L, 10L, 1KG (Vàng miếng 99.99%)",TP. Hồ Chí Minh,56750000,57350000,5675000,5735000,57050000,5705000,600000,Giavang Archive
2021-02-17,08:40,"Vàng SJC 1L, 10L, 1KG (Vàng miếng 99.99%)",TP. Hồ Chí Minh,56350000,56900000,5635000,5690000,56625000,5662500,550000,Giavang Archive
2021-02-18,09:00,"Vàng SJC 1L, 10L, 1KG (Vàng miếng 99.99%)",TP. Hồ Chí Minh,56050000,56500000,5605000,5650000,56275000,5627500,450000,Giavang Archive
2021-02-19,08:35,"Vàng SJC 1L, 10L, 1KG (Vàng miếng 99.99%)",TP. Hồ Chí Minh,55750000,56300000,5575000,5630000,56025000,5602500,550000,Giavang Archive
2021-02-20,08:30,"Vàng SJC 1L, 10L, 1KG (Vàng miếng 99.99%)",TP. Hồ Chí Minh,55650000,56300000,5565000,5630000,55975000,5597500,650000,Giavang Archive
2021-02-21,13:45,"Vàng SJC 1L, 10L, 1KG (Vàng miếng 99.99%)",TP. Hồ Chí Minh,55600000,56300000,5560000,5630000,55950000,5595000,700000,Giavang Archive
2021-02-22,13:15,"Vàng SJC 1L, 10L, 1KG (Vàng miếng 99.99%)",TP. Hồ Chí Minh,55800000,56300000,5580000,5630000,56050000,5605000,500000,Giavang Archive
2021-02-23,09:05,"Vàng SJC 1L, 10L, 1KG (Vàng miếng 99.99%)",TP. Hồ Chí Minh,56100000,56600000,5610000,5660000,56350000,5635000,500000,Giavang Archive
2021-02-24,08:35,"Vàng SJC 1L, 10L, 1KG (Vàng miếng 99.99%)",TP. Hồ Chí Minh,56050000,56500000,5605000,5650000,56275000,5627500,450000,Giavang Archive
2021-02-25,13:20,"Vàng SJC 1L, 10L, 1KG (Vàng miếng 99.99%)",TP. Hồ Chí Minh,56050000,56450000,5605000,5645000,56250000,5625000,400000,Giavang Archive
2021-02-26,08:40,"Vàng SJC 1L, 10L, 1KG (Vàng miếng 99.99%)",TP. Hồ Chí Minh,55950000,56350000,5595000,5635000,56150000,5615000,400000,Giavang Archive
2021-02-27,07:35,"Vàng SJC 1L, 10L, 1KG (Vàng miếng 99.99%)",TP. Hồ Chí Minh,55700000,56200000,5570000,5620000,55950000,5595000,500000,Giavang Archive
2021-02-28,07:35,"Vàng SJC 1L, 10L, 1KG (Vàng miếng 99.99%)",TP. Hồ Chí Minh,55700000,56200000,5570000,5620000,55950000,5595000,500000,Giavang Archive
2021-03-01,08:35,"Vàng SJC 1L, 10L, 1KG (Vàng miếng 99.99%)",TP. Hồ Chí Minh,55850000,56250000,5585000,5625000,56050000,5605000,400000,Giavang Archive
2021-03-02,08:45,"Vàng SJC 1L, 10L, 1KG (Vàng miếng 99.99%)",TP. Hồ Chí Minh,55700000,56100000,5570000,5610000,55900000,5590000,400000,Giavang Archive
2021-03-03,13:15,"Vàng SJC 1L, 10L, 1KG (Vàng miếng 99.99%)",TP. Hồ Chí Minh,55600000,56000000,5560000,5600000,55800000,5580000,400000,Giavang Archive
2021-03-04,08:45,"Vàng SJC 1L, 10L, 1KG (Vàng miếng 99.99%)",TP. Hồ Chí Minh,55600000,56000000,5560000,5600000,55800000,5580000,400000,Giavang Archive
2021-03-05,10:15,"Vàng SJC 1L, 10L, 1KG (Vàng miếng 99.99%)",TP. Hồ Chí Minh,55100000,55500000,5510000,5550000,55300000,5530000,400000,Giavang Archive
2021-03-06,08:30,"Vàng SJC 1L, 10L, 1KG (Vàng miếng 99.99%)",TP. Hồ Chí Minh,55100000,55600000,5510000,5560000,55350000,5535000,500000,Giavang Archive
2021-03-07,08:30,"Vàng SJC 1L, 10L, 1KG (Vàng miếng 99.99%)",TP. Hồ Chí Minh,55100000,55600000,5510000,5560000,55350000,5535000,500000,Giavang Archive
2021-03-08,08:40,"Vàng SJC 1L, 10L, 1KG (Vàng miếng 99.99%)",TP. Hồ Chí Minh,55100000,55500000,5510000,5550000,55300000,5530000,400000,Giavang Archive
2021-03-09,08:35,"Vàng SJC 1L, 10L, 1KG (Vàng miếng 99.99%)",TP. Hồ Chí Minh,54700000,55150000,5470000,5515000,54925000,5492500,450000,Giavang Archive
2021-03-10,08:30,"Vàng SJC 1L, 10L, 1KG (Vàng miếng 99.99%)",TP. Hồ Chí Minh,54980000,55380000,5498000,5538000,55180000,5518000,400000,Giavang Archive
2021-03-11,08:40,"Vàng SJC 1L, 10L, 1KG (Vàng miếng 99.99%)",TP. Hồ Chí Minh,55500000,55800000,5550000,5580000,55650000,5565000,300000,Giavang Archive
2021-03-12,08:35,"Vàng SJC 1L, 10L, 1KG (Vàng miếng 99.99%)",TP. Hồ Chí Minh,55200000,55600000,5520000,5560000,55400000,5540000,400000,Giavang Archive
2021-03-13,08:35,"Vàng SJC 1L, 10L, 1KG (Vàng miếng 99.99%)",TP. Hồ Chí Minh,55350000,55850000,5535000,5585000,55600000,5560000,500000,Giavang Archive
2021-03-14,08:35,"Vàng SJC 1L, 10L, 1KG (Vàng miếng 99.99%)",TP. Hồ Chí Minh,55350000,55850000,5535000,5585000,55600000,5560000,500000,Giavang Archive
2021-03-15,08:55,"Vàng SJC 1L, 10L, 1KG (Vàng miếng 99.99%)",TP. Hồ Chí Minh,55300000,55700000,5530000,5570000,55500000,5550000,400000,Giavang Archive
2021-03-16,08:45,"Vàng SJC 1L, 10L, 1KG (Vàng miếng 99.99%)",TP. Hồ Chí Minh,55250000,55650000,5525000,5565000,55450000,5545000,400000,Giavang Archive
2021-03-17,08:35,"Vàng SJC 1L, 10L, 1KG (Vàng miếng 99.99%)",TP. Hồ Chí Minh,55250000,55650000,5525000,5565000,55450000,5545000,400000,Giavang Archive
2021-03-18,08:50,"Vàng SJC 1L, 10L, 1KG (Vàng miếng 99.99%)",TP. Hồ Chí Minh,55100000,55500000,5510000,5550000,55300000,5530000,400000,Giavang Archive
2021-03-19,08:25,"Vàng SJC 1L, 10L, 1KG (Vàng miếng 99.99%)",TP. Hồ Chí Minh,55100000,55500000,5510000,5550000,55300000,5530000,400000,Giavang Archive
2021-03-20,08:30,"Vàng SJC 1L, 10L, 1KG (Vàng miếng 99.99%)",TP. Hồ Chí Minh,55150000,55650000,5515000,5565000,55400000,5540000,500000,Giavang Archive
2021-03-21,08:30,"Vàng SJC 1L, 10L, 1KG (Vàng miếng 99.99%)",TP. Hồ Chí Minh,55150000,55650000,5515000,5565000,55400000,5540000,500000,Giavang Archive
2021-03-22,08:30,"Vàng SJC 1L, 10L, 1KG (Vàng miếng 99.99%)",TP. Hồ Chí Minh,55050000,55450000,5505000,5545000,55250000,5525000,400000,Giavang Archive
2021-03-23,09:20,"Vàng SJC 1L, 10L, 1KG (Vàng miếng 99.99%)",TP. Hồ Chí Minh,55200000,55600000,5520000,5560000,55400000,5540000,400000,Giavang Archive
2021-03-24,09:25,"Vàng SJC 1L, 10L, 1KG (Vàng miếng 99.99%)",TP. Hồ Chí Minh,55100000,55500000,5510000,5550000,55300000,5530000,400000,Giavang Archive
2021-03-25,09:05,"Vàng SJC 1L, 10L, 1KG (Vàng miếng 99.99%)",TP. Hồ Chí Minh,55080000,55480000,5508000,5548000,55280000,5528000,400000,Giavang Archive
2021-03-26,08:35,"Vàng SJC 1L, 10L, 1KG (Vàng miếng 99.99%)",TP. Hồ Chí Minh,54900000,55300000,5490000,5530000,55100000,5510000,400000,Giavang Archive
2021-03-27,08:35,"Vàng SJC 1L, 10L, 1KG (Vàng miếng 99.99%)",TP. Hồ Chí Minh,54900000,55400000,5490000,5540000,55150000,5515000,500000,Giavang Archive
2021-03-28,08:35,"Vàng SJC 1L, 10L, 1KG (Vàng miếng 99.99%)",TP. Hồ Chí Minh,54900000,55400000,5490000,5540000,55150000,5515000,500000,Giavang Archive
2021-03-29,08:35,"Vàng SJC 1L, 10L, 1KG (Vàng miếng 99.99%)",TP. Hồ Chí Minh,54770000,55170000,5477000,5517000,54970000,5497000,400000,Giavang Archive
2021-03-30,08:25,"Vàng SJC 1L, 10L, 1KG (Vàng miếng 99.99%)",TP. Hồ Chí Minh,54450000,54850000,5445000,5485000,54650000,5465000,400000,Giavang Archive
2021-03-31,08:30,"Vàng SJC 1L, 10L, 1KG (Vàng miếng 99.99%)",TP. Hồ Chí Minh,54100000,54500000,5410000,5450000,54300000,5430000,400000,Giavang Archive
2021-04-01,08:55,"Vàng SJC 1L, 10L, 1KG (Vàng miếng 99.99%)",TP. Hồ Chí Minh,54500000,54900000,5450000,5490000,54700000,5470000,400000,Giavang Archive
2021-04-02,08:50,"Vàng SJC 1L, 10L, 1KG (Vàng miếng 99.99%)",TP. Hồ Chí Minh,54950000,55350000,5495000,5535000,55150000,5515000,400000,Giavang Archive
2021-04-03,08:30,"Vàng SJC 1L, 10L, 1KG (Vàng miếng 99.99%)",TP. Hồ Chí Minh,54920000,55420000,5492000,5542000,55170000,5517000,500000,Giavang Archive
2021-04-04,08:30,"Vàng SJC 1L, 10L, 1KG (Vàng miếng 99.99%)",TP. Hồ Chí Minh,54920000,55420000,5492000,5542000,55170000,5517000,500000,Giavang Archive
2021-04-05,08:30,"Vàng SJC 1L, 10L, 1KG (Vàng miếng 99.99%)",TP. Hồ Chí Minh,54700000,55100000,5470000,5510000,54900000,5490000,400000,Giavang Archive
2021-04-06,08:30,"Vàng SJC 1L, 10L, 1KG (Vàng miếng 99.99%)",TP. Hồ Chí Minh,54850000,55250000,5485000,5525000,55050000,5505000,400000,Giavang Archive
2021-04-07,09:15,"Vàng SJC 1L, 10L, 1KG (Vàng miếng 99.99%)",TP. Hồ Chí Minh,54850000,55250000,5485000,5525000,55050000,5505000,400000,Giavang Archive
2021-04-08,08:55,"Vàng SJC 1L, 10L, 1KG (Vàng miếng 99.99%)",TP. Hồ Chí Minh,54850000,55250000,5485000,5525000,55050000,5505000,400000,Giavang Archive
2021-04-09,08:35,"Vàng SJC 1L, 10L, 1KG (Vàng miếng 99.99%)",TP. Hồ Chí Minh,54850000,55250000,5485000,5525000,55050000,5505000,400000,Giavang Archive
2021-04-10,08:35,"Vàng SJC 1L, 10L, 1KG (Vàng miếng 99.99%)",TP. Hồ Chí Minh,54800000,55250000,5480000,5525000,55025000,5502500,450000,Giavang Archive
2021-04-11,08:35,"Vàng SJC 1L, 10L, 1KG (Vàng miếng 99.99%)",TP. Hồ Chí Minh,54800000,55250000,5480000,5525000,55025000,5502500,450000,Giavang Archive
2021-04-12,08:35,"Vàng SJC 1L, 10L, 1KG (Vàng miếng 99.99%)",TP. Hồ Chí Minh,54850000,55250000,5485000,5525000,55050000,5505000,400000,Giavang Archive
2021-04-13,08:55,"Vàng SJC 1L, 10L, 1KG (Vàng miếng 99.99%)",TP. Hồ Chí Minh,54800000,55200000,5480000,5520000,55000000,5500000,400000,Giavang Archive
2021-04-14,08:40,"Vàng SJC 1L, 10L, 1KG (Vàng miếng 99.99%)",TP. Hồ Chí Minh,54900000,55300000,5490000,5530000,55100000,5510000,400000,Giavang Archive
2021-04-15,08:35,"Vàng SJC 1L, 10L, 1KG (Vàng miếng 99.99%)",TP. Hồ Chí Minh,54930000,55300000,5493000,5530000,55115000,5511500,370000,Giavang Archive
2021-04-16,08:45,"Vàng SJC 1L, 10L, 1KG (Vàng miếng 99.99%)",TP. Hồ Chí Minh,55080000,55450000,5508000,5545000,55265000,5526500,370000,Giavang Archive
2021-04-17,08:45,"Vàng SJC 1L, 10L, 1KG (Vàng miếng 99.99%)",TP. Hồ Chí Minh,55100000,55480000,5510000,5548000,55290000,5529000,380000,Giavang Archive
2021-04-18,08:45,"Vàng SJC 1L, 10L, 1KG (Vàng miếng 99.99%)",TP. Hồ Chí Minh,55080000,55450000,5508000,5545000,55265000,5526500,370000,Giavang Archive
2021-04-19,08:45,"Vàng SJC 1L, 10L, 1KG (Vàng miếng 99.99%)",TP. Hồ Chí Minh,55630000,55980000,5563000,5598000,55805000,5580500,350000,Giavang Archive
2021-04-20,08:45,"Vàng SJC 1L, 10L, 1KG (Vàng miếng 99.99%)",TP. Hồ Chí Minh,55430000,55800000,5543000,5580000,55615000,5561500,370000,Giavang Archive
2021-04-21,08:45,"Vàng SJC 1L, 10L, 1KG (Vàng miếng 99.99%)",TP. Hồ Chí Minh,55430000,55800000,5543000,5580000,55615000,5561500,370000,Giavang Archive
2021-04-22,08:45,"Vàng SJC 1L, 10L, 1KG (Vàng miếng 99.99%)",TP. Hồ Chí Minh,55480000,55830000,5548000,5583000,55655000,5565500,350000,Giavang Archive
2021-04-23,11:10,"Vàng SJC 1L, 10L, 1KG (Vàng miếng 99.99%)",TP. Hồ Chí Minh,55400000,55750000,5540000,5575000,55575000,5557500,350000,Giavang Archive
2021-04-24,08:35,"Vàng SJC 1L, 10L, 1KG (Vàng miếng 99.99%)",TP. Hồ Chí Minh,55100000,55600000,5510000,5560000,55350000,5535000,500000,Giavang Archive
2021-04-25,08:35,"Vàng SJC 1L, 10L, 1KG (Vàng miếng 99.99%)",TP. Hồ Chí Minh,55100000,55600000,5510000,5560000,55350000,5535000,500000,Giavang Archive
2021-04-26,08:40,"Vàng SJC 1L, 10L, 1KG (Vàng miếng 99.99%)",TP. Hồ Chí Minh,55150000,55500000,5515000,5550000,55325000,5532500,350000,Giavang Archive
2021-04-27,08:35,"Vàng SJC 1L, 10L, 1KG (Vàng miếng 99.99%)",TP. Hồ Chí Minh,55300000,55650000,5530000,5565000,55475000,5547500,350000,Giavang Archive
2021-04-28,08:35,"Vàng SJC 1L, 10L, 1KG (Vàng miếng 99.99%)",TP. Hồ Chí Minh,55300000,55650000,5530000,5565000,55475000,5547500,350000,Giavang Archive
2021-04-29,08:25,"Vàng SJC 1L, 10L, 1KG (Vàng miếng 99.99%)",TP. Hồ Chí Minh,55300000,55650000,5530000,5565000,55475000,5547500,350000,Giavang Archive
2021-04-30,08:25,"Vàng SJC 1L, 10L, 1KG (Vàng miếng 99.99%)",TP. Hồ Chí Minh,55300000,55650000,5530000,5565000,55475000,5547500,350000,Giavang Archive
2021-05-01,08:25,"Vàng SJC 1L, 10L, 1KG (Vàng miếng 99.99%)",TP. Hồ Chí Minh,55300000,55650000,5530000,5565000,55475000,5547500,350000,Giavang Archive
2021-05-02,08:25,"Vàng SJC 1L, 10L, 1KG (Vàng miếng 99.99%)",TP. Hồ Chí Minh,55300000,55650000,5530000,5565000,55475000,5547500,350000,Giavang Archive
2021-05-03,08:50,"Vàng SJC 1L, 10L, 1KG (Vàng miếng 99.99%)",TP. Hồ Chí Minh,55370000,55750000,5537000,5575000,55560000,5556000,380000,Giavang Archive
2021-05-04,08:55,"Vàng SJC 1L, 10L, 1KG (Vàng miếng 99.99%)",TP. Hồ Chí Minh,55300000,55650000,5530000,5565000,55475000,5547500,350000,Giavang Archive
2021-05-05,08:30,"Vàng SJC 1L, 10L, 1KG (Vàng miếng 99.99%)",TP. Hồ Chí Minh,55310000,55660000,5531000,5566000,55485000,5548500,350000,Giavang Archive
2021-05-06,08:35,"Vàng SJC 1L, 10L, 1KG (Vàng miếng 99.99%)",TP. Hồ Chí Minh,55350000,55700000,5535000,5570000,55525000,5552500,350000,Giavang Archive
2021-05-07,08:35,"Vàng SJC 1L, 10L, 1KG (Vàng miếng 99.99%)",TP. Hồ Chí Minh,55620000,55970000,5562000,5597000,55795000,5579500,350000,Giavang Archive
2021-05-08,08:35,"Vàng SJC 1L, 10L, 1KG (Vàng miếng 99.99%)",TP. Hồ Chí Minh,55730000,56180000,5573000,5618000,55955000,5595500,450000,Giavang Archive
2021-05-09,08:35,"Vàng SJC 1L, 10L, 1KG (Vàng miếng 99.99%)",TP. Hồ Chí Minh,55730000,56180000,5573000,5618000,55955000,5595500,450000,Giavang Archive
2021-05-10,08:30,"Vàng SJC 1L, 10L, 1KG (Vàng miếng 99.99%)",TP. Hồ Chí Minh,55900000,56300000,5590000,5630000,56100000,5610000,400000,Giavang Archive
2021-05-11,08:45,"Vàng SJC 1L, 10L, 1KG (Vàng miếng 99.99%)",TP. Hồ Chí Minh,55880000,56230000,5588000,5623000,56055000,5605500,350000,Giavang Archive
2021-05-12,09:00,"Vàng SJC 1L, 10L, 1KG (Vàng miếng 99.99%)",TP. Hồ Chí Minh,55780000,56130000,5578000,5613000,55955000,5595500,350000,Giavang Archive
2021-05-13,08:35,"Vàng SJC 1L, 10L, 1KG (Vàng miếng 99.99%)",TP. Hồ Chí Minh,55720000,56070000,5572000,5607000,55895000,5589500,350000,Giavang Archive
2021-05-14,08:35,"Vàng SJC 1L, 10L, 1KG (Vàng miếng 99.99%)",TP. Hồ Chí Minh,55900000,56250000,5590000,5625000,56075000,5607500,350000,Giavang Archive
2021-05-15,08:35,"Vàng SJC 1L, 10L, 1KG (Vàng miếng 99.99%)",TP. Hồ Chí Minh,55920000,56370000,5592000,5637000,56145000,5614500,450000,Giavang Archive
2021-05-16,08:35,"Vàng SJC 1L, 10L, 1KG (Vàng miếng 99.99%)",TP. Hồ Chí Minh,55920000,56370000,5592000,5637000,56145000,5614500,450000,Giavang Archive
2021-05-17,08:35,"Vàng SJC 1L, 10L, 1KG (Vàng miếng 99.99%)",TP. Hồ Chí Minh,56020000,56370000,5602000,5637000,56195000,5619500,350000,Giavang Archive
2021-05-18,08:30,"Vàng SJC 1L, 10L, 1KG (Vàng miếng 99.99%)",TP. Hồ Chí Minh,56080000,56430000,5608000,5643000,56255000,5625500,350000,Giavang Archive
2021-05-19,08:35,"Vàng SJC 1L, 10L, 1KG (Vàng miếng 99.99%)",TP. Hồ Chí Minh,55900000,56250000,5590000,5625000,56075000,5607500,350000,Giavang Archive
2021-05-20,09:55,"Vàng SJC 1L, 10L, 1KG (Vàng miếng 99.99%)",TP. Hồ Chí Minh,55980000,56330000,5598000,5633000,56155000,5615500,350000,Giavang Archive
2021-05-21,08:30,"Vàng SJC 1L, 10L, 1KG (Vàng miếng 99.99%)",TP. Hồ Chí Minh,56080000,56430000,5608000,5643000,56255000,5625500,350000,Giavang Archive
2021-05-22,08:35,"Vàng SJC 1L, 10L, 1KG (Vàng miếng 99.99%)",TP. Hồ Chí Minh,56080000,56480000,5608000,5648000,56280000,5628000,400000,Giavang Archive
2021-05-23,08:35,"Vàng SJC 1L, 10L, 1KG (Vàng miếng 99.99%)",TP. Hồ Chí Minh,56080000,56480000,5608000,5648000,56280000,5628000,400000,Giavang Archive
2021-05-24,08:35,"Vàng SJC 1L, 10L, 1KG (Vàng miếng 99.99%)",TP. Hồ Chí Minh,56050000,56400000,5605000,5640000,56225000,5622500,350000,Giavang Archive
2021-05-25,08:30,"Vàng SJC 1L, 10L, 1KG (Vàng miếng 99.99%)",TP. Hồ Chí Minh,56070000,56420000,5607000,5642000,56245000,5624500,350000,Giavang Archive
2021-05-26,08:40,"Vàng SJC 1L, 10L, 1KG (Vàng miếng 99.99%)",TP. Hồ Chí Minh,56150000,56550000,5615000,5655000,56350000,5635000,400000,Giavang Archive
2021-05-27,09:55,"Vàng SJC 1L, 10L, 1KG (Vàng miếng 99.99%)",TP. Hồ Chí Minh,56140000,56540000,5614000,5654000,56340000,5634000,400000,Giavang Archive
2021-05-28,09:25,"Vàng SJC 1L, 10L, 1KG (Vàng miếng 99.99%)",TP. Hồ Chí Minh,56300000,56700000,5630000,5670000,56500000,5650000,400000,Giavang Archive
2021-05-29,08:35,"Vàng SJC 1L, 10L, 1KG (Vàng miếng 99.99%)",TP. Hồ Chí Minh,56390000,56870000,5639000,5687000,56630000,5663000,480000,Giavang Archive
2021-05-30,08:35,"Vàng SJC 1L, 10L, 1KG (Vàng miếng 99.99%)",TP. Hồ Chí Minh,56390000,56870000,5639000,5687000,56630000,5663000,480000,Giavang Archive
2021-05-31,09:35,"Vàng SJC 1L, 10L, 1KG (Vàng miếng 99.99%)",TP. Hồ Chí Minh,56600000,57400000,5660000,5740000,57000000,5700000,800000,Giavang Archive
2021-06-01,08:35,"Vàng SJC 1L, 10L, 1KG (Vàng miếng 99.99%)",TP. Hồ Chí Minh,56950000,57650000,5695000,5765000,57300000,5730000,700000,Giavang Archive
2021-06-02,09:05,"Vàng SJC 1L, 10L, 1KG (Vàng miếng 99.99%)",TP. Hồ Chí Minh,56950000,57550000,5695000,5755000,57250000,5725000,600000,Giavang Archive
2021-06-03,08:35,"Vàng SJC 1L, 10L, 1KG (Vàng miếng 99.99%)",TP. Hồ Chí Minh,56750000,57350000,5675000,5735000,57050000,5705000,600000,Giavang Archive
2021-06-04,08:35,"Vàng SJC 1L, 10L, 1KG (Vàng miếng 99.99%)",TP. Hồ Chí Minh,56600000,57250000,5660000,5725000,56925000,5692500,650000,Giavang Archive
2021-06-05,08:35,"Vàng SJC 1L, 10L, 1KG (Vàng miếng 99.99%)",TP. Hồ Chí Minh,56800000,57450000,5680000,5745000,57125000,5712500,650000,Giavang Archive
2021-06-06,08:35,"Vàng SJC 1L, 10L, 1KG (Vàng miếng 99.99%)",TP. Hồ Chí Minh,56800000,57450000,5680000,5745000,57125000,5712500,650000,Giavang Archive
2021-06-07,08:35,"Vàng SJC 1L, 10L, 1KG (Vàng miếng 99.99%)",TP. Hồ Chí Minh,56600000,57200000,5660000,5720000,56900000,5690000,600000,Giavang Archive
2021-06-08,08:30,"Vàng SJC 1L, 10L, 1KG (Vàng miếng 99.99%)",TP. Hồ Chí Minh,56750000,57350000,5675000,5735000,57050000,5705000,600000,Giavang Archive
2021-06-09,09:00,"Vàng SJC 1L, 10L, 1KG (Vàng miếng 99.99%)",TP. Hồ Chí Minh,56650000,57250000,5665000,5725000,56950000,5695000,600000,Giavang Archive
2021-06-10,08:30,"Vàng SJC 1L, 10L, 1KG (Vàng miếng 99.99%)",TP. Hồ Chí Minh,56700000,57300000,5670000,5730000,57000000,5700000,600000,Giavang Archive
2021-06-11,08:35,"Vàng SJC 1L, 10L, 1KG (Vàng miếng 99.99%)",TP. Hồ Chí Minh,56900000,57500000,5690000,5750000,57200000,5720000,600000,Giavang Archive
2021-06-12,08:35,"Vàng SJC 1L, 10L, 1KG (Vàng miếng 99.99%)",TP. Hồ Chí Minh,56700000,57300000,5670000,5730000,57000000,5700000,600000,Giavang Archive
2021-06-13,08:35,"Vàng SJC 1L, 10L, 1KG (Vàng miếng 99.99%)",TP. Hồ Chí Minh,56700000,57300000,5670000,5730000,57000000,5700000,600000,Giavang Archive
2021-06-14,08:45,"Vàng SJC 1L, 10L, 1KG (Vàng miếng 99.99%)",TP. Hồ Chí Minh,56550000,57150000,5655000,5715000,56850000,5685000,600000,Giavang Archive
2021-06-15,13:50,"Vàng SJC 1L, 10L, 1KG (Vàng miếng 99.99%)",TP. Hồ Chí Minh,56600000,57200000,5660000,5720000,56900000,5690000,600000,Giavang Archive
2021-06-16,08:50,"Vàng SJC 1L, 10L, 1KG (Vàng miếng 99.99%)",TP. Hồ Chí Minh,56650000,57250000,5665000,5725000,56950000,5695000,600000,Giavang Archive
2021-06-17,08:40,"Vàng SJC 1L, 10L, 1KG (Vàng miếng 99.99%)",TP. Hồ Chí Minh,56250000,56850000,5625000,5685000,56550000,5655000,600000,Giavang Archive
2021-06-18,13:20,"Vàng SJC 1L, 10L, 1KG (Vàng miếng 99.99%)",TP. Hồ Chí Minh,56200000,56800000,5620000,5680000,56500000,5650000,600000,Giavang Archive
2021-06-19,09:55,"Vàng SJC 1L, 10L, 1KG (Vàng miếng 99.99%)",TP. Hồ Chí Minh,56200000,56800000,5620000,5680000,56500000,5650000,600000,Giavang Archive
2021-06-20,09:55,"Vàng SJC 1L, 10L, 1KG (Vàng miếng 99.99%)",TP. Hồ Chí Minh,56200000,56800000,5620000,5680000,56500000,5650000,600000,Giavang Archive
2021-06-21,08:40,"Vàng SJC 1L, 10L, 1KG (Vàng miếng 99.99%)",TP. Hồ Chí Minh,56350000,56950000,5635000,5695000,56650000,5665000,600000,Giavang Archive
2021-06-22,13:15,"Vàng SJC 1L, 10L, 1KG (Vàng miếng 99.99%)",TP. Hồ Chí Minh,56450000,57000000,5645000,5700000,56725000,5672500,550000,Giavang Archive
2021-06-23,13:15,"Vàng SJC 1L, 10L, 1KG (Vàng miếng 99.99%)",TP. Hồ Chí Minh,56550000,57100000,5655000,5710000,56825000,5682500,550000,Giavang Archive
2021-06-24,09:00,"Vàng SJC 1L, 10L, 1KG (Vàng miếng 99.99%)",TP. Hồ Chí Minh,56500000,57050000,5650000,5705000,56775000,5677500,550000,Giavang Archive
2021-06-25,09:45,"Vàng SJC 1L, 10L, 1KG (Vàng miếng 99.99%)",TP. Hồ Chí Minh,56500000,57050000,5650000,5705000,56775000,5677500,550000,Giavang Archive
2021-06-26,08:35,"Vàng SJC 1L, 10L, 1KG (Vàng miếng 99.99%)",TP. Hồ Chí Minh,56500000,57100000,5650000,5710000,56800000,5680000,600000,Giavang Archive
2021-06-27,08:35,"Vàng SJC 1L, 10L, 1KG (Vàng miếng 99.99%)",TP. Hồ Chí Minh,56500000,57100000,5650000,5710000,56800000,5680000,600000,Giavang Archive
2021-06-28,09:00,"Vàng SJC 1L, 10L, 1KG (Vàng miếng 99.99%)",TP. Hồ Chí Minh,56500000,57000000,5650000,5700000,56750000,5675000,500000,Giavang Archive
2021-06-29,09:25,"Vàng SJC 1L, 10L, 1KG (Vàng miếng 99.99%)",TP. Hồ Chí Minh,56400000,56900000,5640000,5690000,56650000,5665000,500000,Giavang Archive
2021-06-30,10:40,"Vàng SJC 1L, 10L, 1KG (Vàng miếng 99.99%)",TP. Hồ Chí Minh,56250000,56850000,5625000,5685000,56550000,5655000,600000,Giavang Archive
2021-07-01,08:35,"Vàng SJC 1L, 10L, 1KG (Vàng miếng 99.99%)",TP. Hồ Chí Minh,56300000,56900000,5630000,5690000,56600000,5660000,600000,Giavang Archive
2021-07-02,08:30,"Vàng SJC 1L, 10L, 1KG (Vàng miếng 99.99%)",TP. Hồ Chí Minh,56600000,57150000,5660000,5715000,56875000,5687500,550000,Giavang Archive
2021-07-03,08:30,"Vàng SJC 1L, 10L, 1KG (Vàng miếng 99.99%)",TP. Hồ Chí Minh,56600000,57200000,5660000,5720000,56900000,5690000,600000,Giavang Archive
2021-07-04,08:30,"Vàng SJC 1L, 10L, 1KG (Vàng miếng 99.99%)",TP. Hồ Chí Minh,56600000,57200000,5660000,5720000,56900000,5690000,600000,Giavang Archive
2021-07-05,10:50,"Vàng SJC 1L, 10L, 1KG (Vàng miếng 99.99%)",TP. Hồ Chí Minh,56750000,57350000,5675000,5735000,57050000,5705000,600000,Giavang Archive
2021-07-06,09:10,"Vàng SJC 1L, 10L, 1KG (Vàng miếng 99.99%)",TP. Hồ Chí Minh,56800000,57400000,5680000,5740000,57100000,5710000,600000,Giavang Archive
2021-07-07,09:15,"Vàng SJC 1L, 10L, 1KG (Vàng miếng 99.99%)",TP. Hồ Chí Minh,56850000,57450000,5685000,5745000,57150000,5715000,600000,Giavang Archive
2021-07-08,14:25,"Vàng SJC 1L, 10L, 1KG (Vàng miếng 99.99%)",TP. Hồ Chí Minh,56900000,57550000,5690000,5755000,57225000,5722500,650000,Giavang Archive
2021-07-09,09:20,"Vàng SJC 1L, 10L, 1KG (Vàng miếng 99.99%)",TP. Hồ Chí Minh,56800000,57500000,5680000,5750000,57150000,5715000,700000,Giavang Archive
2021-07-10,08:35,"Vàng SJC 1L, 10L, 1KG (Vàng miếng 99.99%)",TP. Hồ Chí Minh,56750000,57500000,5675000,5750000,57125000,5712500,750000,Giavang Archive
2021-07-11,08:35,"Vàng SJC 1L, 10L, 1KG (Vàng miếng 99.99%)",TP. Hồ Chí Minh,56750000,57500000,5675000,5750000,57125000,5712500,750000,Giavang Archive
2021-07-12,08:55,"Vàng SJC 1L, 10L, 1KG (Vàng miếng 99.99%)",TP. Hồ Chí Minh,56600000,57350000,5660000,5735000,56975000,5697500,750000,Giavang Archive
2021-07-13,08:45,"Vàng SJC 1L, 10L, 1KG (Vàng miếng 99.99%)",TP. Hồ Chí Minh,56600000,57350000,5660000,5735000,56975000,5697500,750000,Giavang Archive
2021-07-14,08:30,"Vàng SJC 1L, 10L, 1KG (Vàng miếng 99.99%)",TP. Hồ Chí Minh,56650000,57400000,5665000,5740000,57025000,5702500,750000,Giavang Archive
2021-07-15,08:35,"Vàng SJC 1L, 10L, 1KG (Vàng miếng 99.99%)",TP. Hồ Chí Minh,56850000,57600000,5685000,5760000,57225000,5722500,750000,Giavang Archive
2021-07-16,08:35,"Vàng SJC 1L, 10L, 1KG (Vàng miếng 99.99%)",TP. Hồ Chí Minh,56750000,57500000,5675000,5750000,57125000,5712500,750000,Giavang Archive
2021-07-17,08:50,"Vàng SJC 1L, 10L, 1KG (Vàng miếng 99.99%)",TP. Hồ Chí Minh,56850000,57500000,5685000,5750000,57175000,5717500,650000,Giavang Archive
2021-07-18,08:50,"Vàng SJC 1L, 10L, 1KG (Vàng miếng 99.99%)",TP. Hồ Chí Minh,56850000,57500000,5685000,5750000,57175000,5717500,650000,Giavang Archive
2021-07-19,08:25,"Vàng SJC 1L, 10L, 1KG (Vàng miếng 99.99%)",TP. Hồ Chí Minh,56900000,57550000,5690000,5755000,57225000,5722500,650000,Giavang Archive
2021-07-20,08:40,"Vàng SJC 1L, 10L, 1KG (Vàng miếng 99.99%)",TP. Hồ Chí Minh,56900000,57550000,5690000,5755000,57225000,5722500,650000,Giavang Archive
2021-07-21,08:40,"Vàng SJC 1L, 10L, 1KG (Vàng miếng 99.99%)",TP. Hồ Chí Minh,56800000,57450000,5680000,5745000,57125000,5712500,650000,Giavang Archive
2021-07-22,08:40,"Vàng SJC 1L, 10L, 1KG (Vàng miếng 99.99%)",TP. Hồ Chí Minh,56800000,57450000,5680000,5745000,57125000,5712500,650000,Giavang Archive
2021-07-23,08:35,"Vàng SJC 1L, 10L, 1KG (Vàng miếng 99.99%)",TP. Hồ Chí Minh,56850000,57500000,5685000,5750000,57175000,5717500,650000,Giavang Archive
2021-07-24,08:35,"Vàng SJC 1L, 10L, 1KG (Vàng miếng 99.99%)",TP. Hồ Chí Minh,56800000,57450000,5680000,5745000,57125000,5712500,650000,Giavang Archive
2021-07-25,08:35,"Vàng SJC 1L, 10L, 1KG (Vàng miếng 99.99%)",TP. Hồ Chí Minh,56800000,57450000,5680000,5745000,57125000,5712500,650000,Giavang Archive
2021-07-26,08:25,"Vàng SJC 1L, 10L, 1KG (Vàng miếng 99.99%)",TP. Hồ Chí Minh,56800000,57450000,5680000,5745000,57125000,5712500,650000,Giavang Archive
2021-07-27,08:20,"Vàng SJC 1L, 10L, 1KG (Vàng miếng 99.99%)",TP. Hồ Chí Minh,56600000,57300000,5660000,5730000,56950000,5695000,700000,Giavang Archive
2021-07-28,08:20,"Vàng SJC 1L, 10L, 1KG (Vàng miếng 99.99%)",TP. Hồ Chí Minh,56500000,57200000,5650000,5720000,56850000,5685000,700000,Giavang Archive
2021-07-29,08:25,"Vàng SJC 1L, 10L, 1KG (Vàng miếng 99.99%)",TP. Hồ Chí Minh,56650000,57350000,5665000,5735000,57000000,5700000,700000,Giavang Archive
2021-07-30,08:30,"Vàng SJC 1L, 10L, 1KG (Vàng miếng 99.99%)",TP. Hồ Chí Minh,56700000,57400000,5670000,5740000,57050000,5705000,700000,Giavang Archive
2021-07-31,08:25,"Vàng SJC 1L, 10L, 1KG (Vàng miếng 99.99%)",TP. Hồ Chí Minh,56550000,57250000,5655000,5725000,56900000,5690000,700000,Giavang Archive
2021-08-01,08:25,"Vàng SJC 1L, 10L, 1KG (Vàng miếng 99.99%)",TP. Hồ Chí Minh,56550000,57250000,5655000,5725000,56900000,5690000,700000,Giavang Archive
2021-08-02,08:35,"Vàng SJC 1L, 10L, 1KG (Vàng miếng 99.99%)",TP. Hồ Chí Minh,56500000,57200000,5650000,5720000,56850000,5685000,700000,Giavang Archive
2021-08-03,10:30,"Vàng SJC 1L, 10L, 1KG (Vàng miếng 99.99%)",TP. Hồ Chí Minh,56600000,57300000,5660000,5730000,56950000,5695000,700000,Giavang Archive
2021-08-04,08:35,"Vàng SJC 1L, 10L, 1KG (Vàng miếng 99.99%)",TP. Hồ Chí Minh,56650000,57350000,5665000,5735000,57000000,5700000,700000,Giavang Archive
2021-08-05,08:20,"Vàng SJC 1L, 10L, 1KG (Vàng miếng 99.99%)",TP. Hồ Chí Minh,56550000,57250000,5655000,5725000,56900000,5690000,700000,Giavang Archive
2021-08-06,08:30,"Vàng SJC 1L, 10L, 1KG (Vàng miếng 99.99%)",TP. Hồ Chí Minh,56550000,57250000,5655000,5725000,56900000,5690000,700000,Giavang Archive
2021-08-07,08:30,"Vàng SJC 1L, 10L, 1KG (Vàng miếng 99.99%)",TP. Hồ Chí Minh,56300000,57000000,5630000,5700000,56650000,5665000,700000,Giavang Archive
2021-08-08,08:30,"Vàng SJC 1L, 10L, 1KG (Vàng miếng 99.99%)",TP. Hồ Chí Minh,56300000,57000000,5630000,5700000,56650000,5665000,700000,Giavang Archive
2021-08-09,08:55,"Vàng SJC 1L, 10L, 1KG (Vàng miếng 99.99%)",TP. Hồ Chí Minh,56200000,56900000,5620000,5690000,56550000,5655000,700000,Giavang Archive
2021-08-10,08:40,"Vàng SJC 1L, 10L, 1KG (Vàng miếng 99.99%)",TP. Hồ Chí Minh,56250000,56950000,5625000,5695000,56600000,5660000,700000,Giavang Archive
2021-08-11,08:20,"Vàng SJC 1L, 10L, 1KG (Vàng miếng 99.99%)",TP. Hồ Chí Minh,56200000,56900000,5620000,5690000,56550000,5655000,700000,Giavang Archive
2021-08-12,08:50,"Vàng SJC 1L, 10L, 1KG (Vàng miếng 99.99%)",TP. Hồ Chí Minh,56400000,57100000,5640000,5710000,56750000,5675000,700000,Giavang Archive
2021-08-13,08:35,"Vàng SJC 1L, 10L, 1KG (Vàng miếng 99.99%)",TP. Hồ Chí Minh,56400000,57100000,5640000,5710000,56750000,5675000,700000,Giavang Archive
2021-08-14,08:30,"Vàng SJC 1L, 10L, 1KG (Vàng miếng 99.99%)",TP. Hồ Chí Minh,56550000,57250000,5655000,5725000,56900000,5690000,700000,Giavang Archive
2021-08-15,08:30,"Vàng SJC 1L, 10L, 1KG (Vàng miếng 99.99%)",TP. Hồ Chí Minh,56550000,57250000,5655000,5725000,56900000,5690000,700000,Giavang Archive
2021-08-16,08:30,"Vàng SJC 1L, 10L, 1KG (Vàng miếng 99.99%)",TP. Hồ Chí Minh,56550000,57250000,5655000,5725000,56900000,5690000,700000,Giavang Archive
2021-08-17,08:25,"Vàng SJC 1L, 10L, 1KG (Vàng miếng 99.99%)",TP. Hồ Chí Minh,56650000,57350000,5665000,5735000,57000000,5700000,700000,Giavang Archive
2021-08-18,08:25,"Vàng SJC 1L, 10L, 1KG (Vàng miếng 99.99%)",TP. Hồ Chí Minh,56650000,57350000,5665000,5735000,57000000,5700000,700000,Giavang Archive
2021-08-19,08:25,"Vàng SJC 1L, 10L, 1KG (Vàng miếng 99.99%)",TP. Hồ Chí Minh,56550000,57250000,5655000,5725000,56900000,5690000,700000,Giavang Archive
2021-08-20,08:45,"Vàng SJC 1L, 10L, 1KG (Vàng miếng 99.99%)",TP. Hồ Chí Minh,56450000,57150000,5645000,5715000,56800000,5680000,700000,Giavang Archive
2021-08-21,08:45,"Vàng SJC 1L, 10L, 1KG (Vàng miếng 99.99%)",TP. Hồ Chí Minh,56450000,57150000,5645000,5715000,56800000,5680000,700000,Giavang Archive
2021-08-22,08:45,"Vàng SJC 1L, 10L, 1KG (Vàng miếng 99.99%)",TP. Hồ Chí Minh,56450000,57150000,5645000,5715000,56800000,5680000,700000,Giavang Archive
2021-08-23,12:00,"Vàng SJC 1L, 10L, 1KG (Vàng miếng 99.99%)",TP. Hồ Chí Minh,56400000,57100000,5640000,5710000,56750000,5675000,700000,Giavang Archive
2021-08-24,08:25,"Vàng SJC 1L, 10L, 1KG (Vàng miếng 99.99%)",TP. Hồ Chí Minh,56500000,57200000,5650000,5720000,56850000,5685000,700000,Giavang Archive
2021-08-25,08:25,"Vàng SJC 1L, 10L, 1KG (Vàng miếng 99.99%)",TP. Hồ Chí Minh,56450000,57150000,5645000,5715000,56800000,5680000,700000,Giavang Archive
2021-08-26,08:30,"Vàng SJC 1L, 10L, 1KG (Vàng miếng 99.99%)",TP. Hồ Chí Minh,56300000,57000000,5630000,5700000,56650000,5665000,700000,Giavang Archive
2021-08-27,08:30,"Vàng SJC 1L, 10L, 1KG (Vàng miếng 99.99%)",TP. Hồ Chí Minh,56400000,57100000,5640000,5710000,56750000,5675000,700000,Giavang Archive
2021-08-28,08:55,"Vàng SJC 1L, 10L, 1KG (Vàng miếng 99.99%)",TP. Hồ Chí Minh,56450000,57150000,5645000,5715000,56800000,5680000,700000,Giavang Archive
2021-08-29,08:55,"Vàng SJC 1L, 10L, 1KG (Vàng miếng 99.99%)",TP. Hồ Chí Minh,56450000,57150000,5645000,5715000,56800000,5680000,700000,Giavang Archive
2021-08-30,08:35,"Vàng SJC 1L, 10L, 1KG (Vàng miếng 99.99%)",TP. Hồ Chí Minh,56600000,57300000,5660000,5730000,56950000,5695000,700000,Giavang Archive
2021-08-31,08:35,"Vàng SJC 1L, 10L, 1KG (Vàng miếng 99.99%)",TP. Hồ Chí Minh,56700000,57400000,5670000,5740000,57050000,5705000,700000,Giavang Archive
2021-09-01,08:35,"Vàng SJC 1L, 10L, 1KG (Vàng miếng 99.99%)",TP. Hồ Chí Minh,56700000,57400000,5670000,5740000,57050000,5705000,700000,Giavang Archive
2021-09-02,08:35,"Vàng SJC 1L, 10L, 1KG (Vàng miếng 99.99%)",TP. Hồ Chí Minh,56700000,57400000,5670000,5740000,57050000,5705000,700000,Giavang Archive
2021-09-03,08:35,"Vàng SJC 1L, 10L, 1KG (Vàng miếng 99.99%)",TP. Hồ Chí Minh,56650000,57350000,5665000,5735000,57000000,5700000,700000,Giavang Archive
2021-09-04,08:35,"Vàng SJC 1L, 10L, 1KG (Vàng miếng 99.99%)",TP. Hồ Chí Minh,56750000,57450000,5675000,5745000,57100000,5710000,700000,Giavang Archive
2021-09-05,08:35,"Vàng SJC 1L, 10L, 1KG (Vàng miếng 99.99%)",TP. Hồ Chí Minh,56750000,57450000,5675000,5745000,57100000,5710000,700000,Giavang Archive
2021-09-06,08:35,"Vàng SJC 1L, 10L, 1KG (Vàng miếng 99.99%)",TP. Hồ Chí Minh,56750000,57450000,5675000,5745000,57100000,5710000,700000,Giavang Archive
2021-09-07,08:35,"Vàng SJC 1L, 10L, 1KG (Vàng miếng 99.99%)",TP. Hồ Chí Minh,56750000,57450000,5675000,5745000,57100000,5710000,700000,Giavang Archive
2021-09-08,08:30,"Vàng SJC 1L, 10L, 1KG (Vàng miếng 99.99%)",TP. Hồ Chí Minh,56500000,57200000,5650000,5720000,56850000,5685000,700000,Giavang Archive
2021-09-09,08:30,"Vàng SJC 1L, 10L, 1KG (Vàng miếng 99.99%)",TP. Hồ Chí Minh,56550000,57250000,5655000,5725000,56900000,5690000,700000,Giavang Archive
2021-09-10,08:30,"Vàng SJC 1L, 10L, 1KG (Vàng miếng 99.99%)",TP. Hồ Chí Minh,56600000,57300000,5660000,5730000,56950000,5695000,700000,Giavang Archive
2021-09-11,08:40,"Vàng SJC 1L, 10L, 1KG (Vàng miếng 99.99%)",TP. Hồ Chí Minh,56600000,57300000,5660000,5730000,56950000,5695000,700000,Giavang Archive
2021-09-12,08:40,"Vàng SJC 1L, 10L, 1KG (Vàng miếng 99.99%)",TP. Hồ Chí Minh,56600000,57300000,5660000,5730000,56950000,5695000,700000,Giavang Archive
2021-09-13,08:40,"Vàng SJC 1L, 10L, 1KG (Vàng miếng 99.99%)",TP. Hồ Chí Minh,56600000,57300000,5660000,5730000,56950000,5695000,700000,Giavang Archive
2021-09-14,08:20,"Vàng SJC 1L, 10L, 1KG (Vàng miếng 99.99%)",TP. Hồ Chí Minh,56550000,57250000,5655000,5725000,56900000,5690000,700000,Giavang Archive
2021-09-15,08:40,"Vàng SJC 1L, 10L, 1KG (Vàng miếng 99.99%)",TP. Hồ Chí Minh,56650000,57350000,5665000,5735000,57000000,5700000,700000,Giavang Archive
2021-09-16,14:20,"Vàng SJC 1L, 10L, 1KG (Vàng miếng 99.99%)",TP. Hồ Chí Minh,56500000,57200000,5650000,5720000,56850000,5685000,700000,Giavang Archive
2021-09-17,08:50,"Vàng SJC 1L, 10L, 1KG (Vàng miếng 99.99%)",TP. Hồ Chí Minh,56000000,56650000,5600000,5665000,56325000,5632500,650000,Giavang Archive
2021-09-18,08:50,"Vàng SJC 1L, 10L, 1KG (Vàng miếng 99.99%)",TP. Hồ Chí Minh,56000000,56650000,5600000,5665000,56325000,5632500,650000,Giavang Archive
2021-09-19,08:50,"Vàng SJC 1L, 10L, 1KG (Vàng miếng 99.99%)",TP. Hồ Chí Minh,56000000,56650000,5600000,5665000,56325000,5632500,650000,Giavang Archive
2021-09-20,08:20,"Vàng SJC 1L, 10L, 1KG (Vàng miếng 99.99%)",TP. Hồ Chí Minh,56150000,56800000,5615000,5680000,56475000,5647500,650000,Giavang Archive
2021-09-21,08:15,"Vàng SJC 1L, 10L, 1KG (Vàng miếng 99.99%)",TP. Hồ Chí Minh,56450000,57100000,5645000,5710000,56775000,5677500,650000,Giavang Archive
2021-09-22,08:25,"Vàng SJC 1L, 10L, 1KG (Vàng miếng 99.99%)",TP. Hồ Chí Minh,56500000,57150000,5650000,5715000,56825000,5682500,650000,Giavang Archive
2021-09-23,08:25,"Vàng SJC 1L, 10L, 1KG (Vàng miếng 99.99%)",TP. Hồ Chí Minh,56700000,57350000,5670000,5735000,57025000,5702500,650000,Giavang Archive
2021-09-24,08:20,"Vàng SJC 1L, 10L, 1KG (Vàng miếng 99.99%)",TP. Hồ Chí Minh,56400000,57050000,5640000,5705000,56725000,5672500,650000,Giavang Archive
2021-09-25,08:30,"Vàng SJC 1L, 10L, 1KG (Vàng miếng 99.99%)",TP. Hồ Chí Minh,56350000,57000000,5635000,5700000,56675000,5667500,650000,Giavang Archive
2021-09-26,08:30,"Vàng SJC 1L, 10L, 1KG (Vàng miếng 99.99%)",TP. Hồ Chí Minh,56350000,57000000,5635000,5700000,56675000,5667500,650000,Giavang Archive
2021-09-27,08:35,"Vàng SJC 1L, 10L, 1KG (Vàng miếng 99.99%)",TP. Hồ Chí Minh,56350000,57000000,5635000,5700000,56675000,5667500,650000,Giavang Archive
2021-09-28,08:30,"Vàng SJC 1L, 10L, 1KG (Vàng miếng 99.99%)",TP. Hồ Chí Minh,56450000,57100000,5645000,5710000,56775000,5677500,650000,Giavang Archive
2021-09-29,08:25,"Vàng SJC 1L, 10L, 1KG (Vàng miếng 99.99%)",TP. Hồ Chí Minh,56350000,56950000,5635000,5695000,56650000,5665000,600000,Giavang Archive
2021-09-30,08:25,"Vàng SJC 1L, 10L, 1KG (Vàng miếng 99.99%)",TP. Hồ Chí Minh,56250000,56850000,5625000,5685000,56550000,5655000,600000,Giavang Archive
2021-10-01,08:35,"Vàng SJC 1L, 10L, 1KG (Vàng miếng 99.99%)",TP. Hồ Chí Minh,56600000,57200000,5660000,5720000,56900000,5690000,600000,Giavang Archive
2021-10-02,08:30,"Vàng SJC 1L, 10L, 1KG (Vàng miếng 99.99%)",TP. Hồ Chí Minh,56550000,57150000,5655000,5715000,56850000,5685000,600000,Giavang Archive
2021-10-03,08:30,"Vàng SJC 1L, 10L, 1KG (Vàng miếng 99.99%)",TP. Hồ Chí Minh,56550000,57150000,5655000,5715000,56850000,5685000,600000,Giavang Archive
2021-10-04,08:45,"Vàng SJC 1L, 10L, 1KG (Vàng miếng 99.99%)",TP. Hồ Chí Minh,56700000,57400000,5670000,5740000,57050000,5705000,700000,Giavang Archive
2021-10-05,09:20,"Vàng SJC 1L, 10L, 1KG (Vàng miếng 99.99%)",TP. Hồ Chí Minh,56750000,57450000,5675000,5745000,57100000,5710000,700000,Giavang Archive
2021-10-06,09:20,"Vàng SJC 1L, 10L, 1KG (Vàng miếng 99.99%)",TP. Hồ Chí Minh,56750000,57450000,5675000,5745000,57100000,5710000,700000,Giavang Archive
2021-10-07,09:25,"Vàng SJC 1L, 10L, 1KG (Vàng miếng 99.99%)",TP. Hồ Chí Minh,57150000,57850000,5715000,5785000,57500000,5750000,700000,Giavang Archive
2021-10-08,08:30,"Vàng SJC 1L, 10L, 1KG (Vàng miếng 99.99%)",TP. Hồ Chí Minh,57150000,57850000,5715000,5785000,57500000,5750000,700000,Giavang Archive
2021-10-09,08:30,"Vàng SJC 1L, 10L, 1KG (Vàng miếng 99.99%)",TP. Hồ Chí Minh,57250000,57950000,5725000,5795000,57600000,5760000,700000,Giavang Archive
2021-10-10,08:30,"Vàng SJC 1L, 10L, 1KG (Vàng miếng 99.99%)",TP. Hồ Chí Minh,57250000,57950000,5725000,5795000,57600000,5760000,700000,Giavang Archive
2021-10-11,08:35,"Vàng SJC 1L, 10L, 1KG (Vàng miếng 99.99%)",TP. Hồ Chí Minh,57250000,57950000,5725000,5795000,57600000,5760000,700000,Giavang Archive
2021-10-12,10:30,"Vàng SJC 1L, 10L, 1KG (Vàng miếng 99.99%)",TP. Hồ Chí Minh,57350000,58050000,5735000,5805000,57700000,5770000,700000,Giavang Archive
2021-10-13,08:40,"Vàng SJC 1L, 10L, 1KG (Vàng miếng 99.99%)",TP. Hồ Chí Minh,57350000,58050000,5735000,5805000,57700000,5770000,700000,Giavang Archive
2021-10-14,08:45,"Vàng SJC 1L, 10L, 1KG (Vàng miếng 99.99%)",TP. Hồ Chí Minh,57300000,58000000,5730000,5800000,57650000,5765000,700000,Giavang Archive
2021-10-15,08:45,"Vàng SJC 1L, 10L, 1KG (Vàng miếng 99.99%)",TP. Hồ Chí Minh,57100000,57800000,5710000,5780000,57450000,5745000,700000,Giavang Archive
2021-10-16,08:35,"Vàng SJC 1L, 10L, 1KG (Vàng miếng 99.99%)",TP. Hồ Chí Minh,57000000,57700000,5700000,5770000,57350000,5735000,700000,Giavang Archive
2021-10-17,08:35,"Vàng SJC 1L, 10L, 1KG (Vàng miếng 99.99%)",TP. Hồ Chí Minh,57000000,57700000,5700000,5770000,57350000,5735000,700000,Giavang Archive
2021-10-18,08:45,"Vàng SJC 1L, 10L, 1KG (Vàng miếng 99.99%)",TP. Hồ Chí Minh,57100000,57800000,5710000,5780000,57450000,5745000,700000,Giavang Archive
2021-10-19,08:55,"Vàng SJC 1L, 10L, 1KG (Vàng miếng 99.99%)",TP. Hồ Chí Minh,57300000,58000000,5730000,5800000,57650000,5765000,700000,Giavang Archive
2021-10-20,08:40,"Vàng SJC 1L, 10L, 1KG (Vàng miếng 99.99%)",TP. Hồ Chí Minh,57350000,58050000,5735000,5805000,57700000,5770000,700000,Giavang Archive
2021-10-21,08:40,"Vàng SJC 1L, 10L, 1KG (Vàng miếng 99.99%)",TP. Hồ Chí Minh,57400000,58100000,5740000,5810000,57750000,5775000,700000,Giavang Archive
2021-10-22,09:30,"Vàng SJC 1L, 10L, 1KG (Vàng miếng 99.99%)",TP. Hồ Chí Minh,57500000,58200000,5750000,5820000,57850000,5785000,700000,Giavang Archive
2021-10-23,08:35,"Vàng SJC 1L, 10L, 1KG (Vàng miếng 99.99%)",TP. Hồ Chí Minh,57550000,58250000,5755000,5825000,57900000,5790000,700000,Giavang Archive
2021-10-24,08:35,"Vàng SJC 1L, 10L, 1KG (Vàng miếng 99.99%)",TP. Hồ Chí Minh,57550000,58250000,5755000,5825000,57900000,5790000,700000,Giavang Archive
2021-10-25,09:05,"Vàng SJC 1L, 10L, 1KG (Vàng miếng 99.99%)",TP. Hồ Chí Minh,57550000,58250000,5755000,5825000,57900000,5790000,700000,Giavang Archive
2021-10-26,08:35,"Vàng SJC 1L, 10L, 1KG (Vàng miếng 99.99%)",TP. Hồ Chí Minh,57900000,58600000,5790000,5860000,58250000,5825000,700000,Giavang Archive
2021-10-27,08:35,"Vàng SJC 1L, 10L, 1KG (Vàng miếng 99.99%)",TP. Hồ Chí Minh,58000000,58700000,5800000,5870000,58350000,5835000,700000,Giavang Archive
2021-10-28,09:30,"Vàng SJC 1L, 10L, 1KG (Vàng miếng 99.99%)",TP. Hồ Chí Minh,57800000,58500000,5780000,5850000,58150000,5815000,700000,Giavang Archive
2021-10-29,08:55,"Vàng SJC 1L, 10L, 1KG (Vàng miếng 99.99%)",TP. Hồ Chí Minh,57800000,58500000,5780000,5850000,58150000,5815000,700000,Giavang Archive
2021-10-30,08:40,"Vàng SJC 1L, 10L, 1KG (Vàng miếng 99.99%)",TP. Hồ Chí Minh,57750000,58450000,5775000,5845000,58100000,5810000,700000,Giavang Archive
2021-10-31,08:40,"Vàng SJC 1L, 10L, 1KG (Vàng miếng 99.99%)",TP. Hồ Chí Minh,57750000,58450000,5775000,5845000,58100000,5810000,700000,Giavang Archive
2021-11-01,13:30,"Vàng SJC 1L, 10L, 1KG (Vàng miếng 99.99%)",TP. Hồ Chí Minh,57600000,58300000,5760000,5830000,57950000,5795000,700000,Giavang Archive
2021-11-02,08:40,"Vàng SJC 1L, 10L, 1KG (Vàng miếng 99.99%)",TP. Hồ Chí Minh,57850000,58550000,5785000,5855000,58200000,5820000,700000,Giavang Archive
2021-11-03,09:00,"Vàng SJC 1L, 10L, 1KG (Vàng miếng 99.99%)",TP. Hồ Chí Minh,57900000,58600000,5790000,5860000,58250000,5825000,700000,Giavang Archive
2021-11-04,08:35,"Vàng SJC 1L, 10L, 1KG (Vàng miếng 99.99%)",TP. Hồ Chí Minh,57800000,58500000,5780000,5850000,58150000,5815000,700000,Giavang Archive
2021-11-05,08:35,"Vàng SJC 1L, 10L, 1KG (Vàng miếng 99.99%)",TP. Hồ Chí Minh,58050000,58750000,5805000,5875000,58400000,5840000,700000,Giavang Archive
2021-11-06,08:40,"Vàng SJC 1L, 10L, 1KG (Vàng miếng 99.99%)",TP. Hồ Chí Minh,58050000,58750000,5805000,5875000,58400000,5840000,700000,Giavang Archive
2021-11-07,08:40,"Vàng SJC 1L, 10L, 1KG (Vàng miếng 99.99%)",TP. Hồ Chí Minh,58050000,58750000,5805000,5875000,58400000,5840000,700000,Giavang Archive
2021-11-08,08:35,"Vàng SJC 1L, 10L, 1KG (Vàng miếng 99.99%)",TP. Hồ Chí Minh,58300000,59000000,5830000,5900000,58650000,5865000,700000,Giavang Archive
2021-11-09,09:35,"Vàng SJC 1L, 10L, 1KG (Vàng miếng 99.99%)",TP. Hồ Chí Minh,58600000,59300000,5860000,5930000,58950000,5895000,700000,Giavang Archive
2021-11-10,08:40,"Vàng SJC 1L, 10L, 1KG (Vàng miếng 99.99%)",TP. Hồ Chí Minh,58700000,59400000,5870000,5940000,59050000,5905000,700000,Giavang Archive
2021-11-11,08:35,"Vàng SJC 1L, 10L, 1KG (Vàng miếng 99.99%)",TP. Hồ Chí Minh,59300000,60000000,5930000,6000000,59650000,5965000,700000,Giavang Archive
2021-11-12,08:35,"Vàng SJC 1L, 10L, 1KG (Vàng miếng 99.99%)",TP. Hồ Chí Minh,60000000,60700000,6000000,6070000,60350000,6035000,700000,Giavang Archive
2021-11-13,10:05,"Vàng SJC 1L, 10L, 1KG (Vàng miếng 99.99%)",TP. Hồ Chí Minh,60150000,60850000,6015000,6085000,60500000,6050000,700000,Giavang Archive
2021-11-14,10:05,"Vàng SJC 1L, 10L, 1KG (Vàng miếng 99.99%)",TP. Hồ Chí Minh,60150000,60850000,6015000,6085000,60500000,6050000,700000,Giavang Archive
2021-11-15,08:40,"Vàng SJC 1L, 10L, 1KG (Vàng miếng 99.99%)",TP. Hồ Chí Minh,60100000,60800000,6010000,6080000,60450000,6045000,700000,Giavang Archive
2021-11-16,09:05,"Vàng SJC 1L, 10L, 1KG (Vàng miếng 99.99%)",TP. Hồ Chí Minh,61100000,61800000,6110000,6180000,61450000,6145000,700000,Giavang Archive
2021-11-17,08:40,"Vàng SJC 1L, 10L, 1KG (Vàng miếng 99.99%)",TP. Hồ Chí Minh,61100000,61800000,6110000,6180000,61450000,6145000,700000,Giavang Archive
2021-11-18,08:35,"Vàng SJC 1L, 10L, 1KG (Vàng miếng 99.99%)",TP. Hồ Chí Minh,61000000,61750000,6100000,6175000,61375000,6137500,750000,Giavang Archive
2021-11-19,08:40,"Vàng SJC 1L, 10L, 1KG (Vàng miếng 99.99%)",TP. Hồ Chí Minh,60100000,60800000,6010000,6080000,60450000,6045000,700000,Giavang Archive
2021-11-20,08:45,"Vàng SJC 1L, 10L, 1KG (Vàng miếng 99.99%)",TP. Hồ Chí Minh,59300000,60500000,5930000,6050000,59900000,5990000,1200000,Giavang Archive
2021-11-21,08:45,"Vàng SJC 1L, 10L, 1KG (Vàng miếng 99.99%)",TP. Hồ Chí Minh,59300000,60500000,5930000,6050000,59900000,5990000,1200000,Giavang Archive
2021-11-22,08:20,"Vàng SJC 1L, 10L, 1KG (Vàng miếng 99.99%)",TP. Hồ Chí Minh,59300000,60000000,5930000,6000000,59650000,5965000,700000,Giavang Archive
2021-11-23,08:35,"Vàng SJC 1L, 10L, 1KG (Vàng miếng 99.99%)",TP. Hồ Chí Minh,59250000,60050000,5925000,6005000,59650000,5965000,800000,Giavang Archive
2021-11-24,08:50,"Vàng SJC 1L, 10L, 1KG (Vàng miếng 99.99%)",TP. Hồ Chí Minh,59400000,60100000,5940000,6010000,59750000,5975000,700000,Giavang Archive
2021-11-25,08:30,"Vàng SJC 1L, 10L, 1KG (Vàng miếng 99.99%)",TP. Hồ Chí Minh,59450000,60150000,5945000,6015000,59800000,5980000,700000,Giavang Archive
2021-11-26,08:35,"Vàng SJC 1L, 10L, 1KG (Vàng miếng 99.99%)",TP. Hồ Chí Minh,60250000,61050000,6025000,6105000,60650000,6065000,800000,Giavang Archive
2021-11-27,09:25,"Vàng SJC 1L, 10L, 1KG (Vàng miếng 99.99%)",TP. Hồ Chí Minh,60000000,60850000,6000000,6085000,60425000,6042500,850000,Giavang Archive
2021-11-28,09:25,"Vàng SJC 1L, 10L, 1KG (Vàng miếng 99.99%)",TP. Hồ Chí Minh,60000000,60850000,6000000,6085000,60425000,6042500,850000,Giavang Archive
2021-11-29,08:40,"Vàng SJC 1L, 10L, 1KG (Vàng miếng 99.99%)",TP. Hồ Chí Minh,59950000,60650000,5995000,6065000,60300000,6030000,700000,Giavang Archive
2021-11-30,08:35,"Vàng SJC 1L, 10L, 1KG (Vàng miếng 99.99%)",TP. Hồ Chí Minh,60000000,60700000,6000000,6070000,60350000,6035000,700000,Giavang Archive
2021-12-01,09:20,"Vàng SJC 1L, 10L, 1KG (Vàng miếng 99.99%)",TP. Hồ Chí Minh,59950000,60650000,5995000,6065000,60300000,6030000,700000,Giavang Archive
2021-12-02,09:40,"Vàng SJC 1L, 10L, 1KG (Vàng miếng 99.99%)",TP. Hồ Chí Minh,60000000,60700000,6000000,6070000,60350000,6035000,700000,Giavang Archive
2021-12-03,10:15,"Vàng SJC 1L, 10L, 1KG (Vàng miếng 99.99%)",TP. Hồ Chí Minh,60150000,60850000,6015000,6085000,60500000,6050000,700000,Giavang Archive
2021-12-04,08:35,"Vàng SJC 1L, 10L, 1KG (Vàng miếng 99.99%)",TP. Hồ Chí Minh,60400000,61100000,6040000,6110000,60750000,6075000,700000,Giavang Archive
2021-12-05,10:15,"Vàng SJC 1L, 10L, 1KG (Vàng miếng 99.99%)",TP. Hồ Chí Minh,60400000,61100000,6040000,6110000,60750000,6075000,700000,Giavang Archive
2021-12-06,08:40,"Vàng SJC 1L, 10L, 1KG (Vàng miếng 99.99%)",TP. Hồ Chí Minh,60800000,61500000,6080000,6150000,61150000,6115000,700000,Giavang Archive
2021-12-07,08:35,"Vàng SJC 1L, 10L, 1KG (Vàng miếng 99.99%)",TP. Hồ Chí Minh,60650000,61350000,6065000,6135000,61000000,6100000,700000,Giavang Archive
2021-12-08,08:30,"Vàng SJC 1L, 10L, 1KG (Vàng miếng 99.99%)",TP. Hồ Chí Minh,60400000,61100000,6040000,6110000,60750000,6075000,700000,Giavang Archive
2021-12-09,09:15,"Vàng SJC 1L, 10L, 1KG (Vàng miếng 99.99%)",TP. Hồ Chí Minh,60550000,61250000,6055000,6125000,60900000,6090000,700000,Giavang Archive
2021-12-10,08:35,"Vàng SJC 1L, 10L, 1KG (Vàng miếng 99.99%)",TP. Hồ Chí Minh,60550000,61250000,6055000,6125000,60900000,6090000,700000,Giavang Archive
2021-12-11,08:35,"Vàng SJC 1L, 10L, 1KG (Vàng miếng 99.99%)",TP. Hồ Chí Minh,60600000,61400000,6060000,6140000,61000000,6100000,800000,Giavang Archive
2021-12-12,08:35,"Vàng SJC 1L, 10L, 1KG (Vàng miếng 99.99%)",TP. Hồ Chí Minh,60600000,61400000,6060000,6140000,61000000,6100000,800000,Giavang Archive
2021-12-13,08:35,"Vàng SJC 1L, 10L, 1KG (Vàng miếng 99.99%)",TP. Hồ Chí Minh,60850000,61550000,6085000,6155000,61200000,6120000,700000,Giavang Archive
2021-12-14,09:00,"Vàng SJC 1L, 10L, 1KG (Vàng miếng 99.99%)",TP. Hồ Chí Minh,60900000,61600000,6090000,6160000,61250000,6125000,700000,Giavang Archive
2021-12-15,08:30,"Vàng SJC 1L, 10L, 1KG (Vàng miếng 99.99%)",TP. Hồ Chí Minh,60700000,61400000,6070000,6140000,61050000,6105000,700000,Giavang Archive
2021-12-16,08:30,"Vàng SJC 1L, 10L, 1KG (Vàng miếng 99.99%)",TP. Hồ Chí Minh,60850000,61550000,6085000,6155000,61200000,6120000,700000,Giavang Archive
2021-12-17,08:45,"Vàng SJC 1L, 10L, 1KG (Vàng miếng 99.99%)",TP. Hồ Chí Minh,61050000,61750000,6105000,6175000,61400000,6140000,700000,Giavang Archive
2021-12-18,08:40,"Vàng SJC 1L, 10L, 1KG (Vàng miếng 99.99%)",TP. Hồ Chí Minh,60900000,61600000,6090000,6160000,61250000,6125000,700000,Giavang Archive
2021-12-19,08:40,"Vàng SJC 1L, 10L, 1KG (Vàng miếng 99.99%)",TP. Hồ Chí Minh,60900000,61600000,6090000,6160000,61250000,6125000,700000,Giavang Archive
2021-12-20,08:30,"Vàng SJC 1L, 10L, 1KG (Vàng miếng 99.99%)",TP. Hồ Chí Minh,61000000,61700000,6100000,6170000,61350000,6135000,700000,Giavang Archive
2021-12-21,13:30,"Vàng SJC 1L, 10L, 1KG (Vàng miếng 99.99%)",TP. Hồ Chí Minh,60850000,61550000,6085000,6155000,61200000,6120000,700000,Giavang Archive
2021-12-22,08:35,"Vàng SJC 1L, 10L, 1KG (Vàng miếng 99.99%)",TP. Hồ Chí Minh,60850000,61550000,6085000,6155000,61200000,6120000,700000,Giavang Archive
2021-12-23,09:00,"Vàng SJC 1L, 10L, 1KG (Vàng miếng 99.99%)",TP. Hồ Chí Minh,60900000,61600000,6090000,6160000,61250000,6125000,700000,Giavang Archive
2021-12-24,08:30,"Vàng SJC 1L, 10L, 1KG (Vàng miếng 99.99%)",TP. Hồ Chí Minh,60850000,61550000,6085000,6155000,61200000,6120000,700000,Giavang Archive
2021-12-25,08:35,"Vàng SJC 1L, 10L, 1KG (Vàng miếng 99.99%)",TP. Hồ Chí Minh,60900000,61600000,6090000,6160000,61250000,6125000,700000,Giavang Archive
2021-12-26,08:35,"Vàng SJC 1L, 10L, 1KG (Vàng miếng 99.99%)",TP. Hồ Chí Minh,60900000,61600000,6090000,6160000,61250000,6125000,700000,Giavang Archive
2021-12-27,08:30,"Vàng SJC 1L, 10L, 1KG (Vàng miếng 99.99%)",TP. Hồ Chí Minh,60850000,61550000,6085000,6155000,61200000,6120000,700000,Giavang Archive
2021-12-28,12:55,"Vàng SJC 1L, 10L, 1KG (Vàng miếng 99.99%)",TP. Hồ Chí Minh,60800000,61500000,6080000,6150000,61150000,6115000,700000,Giavang Archive
2021-12-29,08:30,"Vàng SJC 1L, 10L, 1KG (Vàng miếng 99.99%)",TP. Hồ Chí Minh,60600000,61300000,6060000,6130000,60950000,6095000,700000,Giavang Archive
2021-12-30,09:00,"Vàng SJC 1L, 10L, 1KG (Vàng miếng 99.99%)",TP. Hồ Chí Minh,60600000,61300000,6060000,6130000,60950000,6095000,700000,Giavang Archive
2021-12-31,08:35,"Vàng SJC 1L, 10L, 1KG (Vàng miếng 99.99%)",TP. Hồ Chí Minh,60950000,61650000,6095000,6165000,61300000,6130000,700000,Giavang Archive
2022-01-01,08:35,"Vàng SJC 1L, 10L, 1KG (Vàng miếng 99.99%)",TP. Hồ Chí Minh,60950000,61650000,6095000,6165000,61300000,6130000,700000,Giavang Archive
2022-01-02,08:35,"Vàng SJC 1L, 10L, 1KG (Vàng miếng 99.99%)",TP. Hồ Chí Minh,60950000,61650000,6095000,6165000,61300000,6130000,700000,Giavang Archive
2022-01-03,08:35,"Vàng SJC 1L, 10L, 1KG (Vàng miếng 99.99%)",TP. Hồ Chí Minh,60850000,61600000,6085000,6160000,61225000,6122500,750000,Giavang Archive
2022-01-04,09:00,"Vàng SJC 1L, 10L, 1KG (Vàng miếng 99.99%)",TP. Hồ Chí Minh,60900000,61600000,6090000,6160000,61250000,6125000,700000,Giavang Archive
2022-01-05,08:35,"Vàng SJC 1L, 10L, 1KG (Vàng miếng 99.99%)",TP. Hồ Chí Minh,61000000,61700000,6100000,6170000,61350000,6135000,700000,Giavang Archive
2022-01-06,08:50,"Vàng SJC 1L, 10L, 1KG (Vàng miếng 99.99%)",TP. Hồ Chí Minh,60750000,61450000,6075000,6145000,61100000,6110000,700000,Giavang Archive
2022-01-07,08:35,"Vàng SJC 1L, 10L, 1KG (Vàng miếng 99.99%)",TP. Hồ Chí Minh,60900000,61600000,6090000,6160000,61250000,6125000,700000,Giavang Archive
2022-01-08,09:25,"Vàng SJC 1L, 10L, 1KG (Vàng miếng 99.99%)",TP. Hồ Chí Minh,61000000,61750000,6100000,6175000,61375000,6137500,750000,Giavang Archive
2022-01-09,09:25,"Vàng SJC 1L, 10L, 1KG (Vàng miếng 99.99%)",TP. Hồ Chí Minh,61000000,61750000,6100000,6175000,61375000,6137500,750000,Giavang Archive
2022-01-10,08:55,"Vàng SJC 1L, 10L, 1KG (Vàng miếng 99.99%)",TP. Hồ Chí Minh,60900000,61500000,6090000,6150000,61200000,6120000,600000,Giavang Archive
2022-01-11,09:20,"Vàng SJC 1L, 10L, 1KG (Vàng miếng 99.99%)",TP. Hồ Chí Minh,61000000,61650000,6100000,6165000,61325000,6132500,650000,Giavang Archive
2022-01-12,08:55,"Vàng SJC 1L, 10L, 1KG (Vàng miếng 99.99%)",TP. Hồ Chí Minh,60950000,61600000,6095000,6160000,61275000,6127500,650000,Giavang Archive
2022-01-13,08:40,"Vàng SJC 1L, 10L, 1KG (Vàng miếng 99.99%)",TP. Hồ Chí Minh,61050000,61700000,6105000,6170000,61375000,6137500,650000,Giavang Archive
2022-01-14,10:20,"Vàng SJC 1L, 10L, 1KG (Vàng miếng 99.99%)",TP. Hồ Chí Minh,61050000,61700000,6105000,6170000,61375000,6137500,650000,Giavang Archive
2022-01-15,08:40,"Vàng SJC 1L, 10L, 1KG (Vàng miếng 99.99%)",TP. Hồ Chí Minh,61000000,61700000,6100000,6170000,61350000,6135000,700000,Giavang Archive
2022-01-16,08:40,"Vàng SJC 1L, 10L, 1KG (Vàng miếng 99.99%)",TP. Hồ Chí Minh,61000000,61700000,6100000,6170000,61350000,6135000,700000,Giavang Archive
2022-01-17,10:00,"Vàng SJC 1L, 10L, 1KG (Vàng miếng 99.99%)",TP. Hồ Chí Minh,61100000,61700000,6110000,6170000,61400000,6140000,600000,Giavang Archive
2022-01-18,10:35,"Vàng SJC 1L, 10L, 1KG (Vàng miếng 99.99%)",TP. Hồ Chí Minh,61100000,61700000,6110000,6170000,61400000,6140000,600000,Giavang Archive
2022-01-19,08:40,"Vàng SJC 1L, 10L, 1KG (Vàng miếng 99.99%)",TP. Hồ Chí Minh,61150000,61750000,6115000,6175000,61450000,6145000,600000,Giavang Archive
2022-01-20,08:45,"Vàng SJC 1L, 10L, 1KG (Vàng miếng 99.99%)",TP. Hồ Chí Minh,61100000,61700000,6110000,6170000,61400000,6140000,600000,Giavang Archive
2022-01-21,09:05,"Vàng SJC 1L, 10L, 1KG (Vàng miếng 99.99%)",TP. Hồ Chí Minh,61150000,61750000,6115000,6175000,61450000,6145000,600000,Giavang Archive
2022-01-22,09:00,"Vàng SJC 1L, 10L, 1KG (Vàng miếng 99.99%)",TP. Hồ Chí Minh,61230000,61930000,6123000,6193000,61580000,6158000,700000,Giavang Archive
2022-01-23,09:00,"Vàng SJC 1L, 10L, 1KG (Vàng miếng 99.99%)",TP. Hồ Chí Minh,61230000,61930000,6123000,6193000,61580000,6158000,700000,Giavang Archive
2022-01-24,08:35,"Vàng SJC 1L, 10L, 1KG (Vàng miếng 99.99%)",TP. Hồ Chí Minh,61500000,62100000,6150000,6210000,61800000,6180000,600000,Giavang Archive
2022-01-25,08:50,"Vàng SJC 1L, 10L, 1KG (Vàng miếng 99.99%)",TP. Hồ Chí Minh,61900000,62550000,6190000,6255000,62225000,6222500,650000,Giavang Archive
2022-01-26,09:40,"Vàng SJC 1L, 10L, 1KG (Vàng miếng 99.99%)",TP. Hồ Chí Minh,61800000,62450000,6180000,6245000,62125000,6212500,650000,Giavang Archive
2022-01-27,09:15,"Vàng SJC 1L, 10L, 1KG (Vàng miếng 99.99%)",TP. Hồ Chí Minh,61950000,62550000,6195000,6255000,62250000,6225000,600000,Giavang Archive
2022-01-28,08:45,"Vàng SJC 1L, 10L, 1KG (Vàng miếng 99.99%)",TP. Hồ Chí Minh,61800000,62500000,6180000,6250000,62150000,6215000,700000,Giavang Archive
2022-01-29,08:45,"Vàng SJC 1L, 10L, 1KG (Vàng miếng 99.99%)",TP. Hồ Chí Minh,61800000,62500000,6180000,6250000,62150000,6215000,700000,Giavang Archive
2022-01-30,08:45,"Vàng SJC 1L, 10L, 1KG (Vàng miếng 99.99%)",TP. Hồ Chí Minh,61800000,62500000,6180000,6250000,62150000,6215000,700000,Giavang Archive
2022-01-31,08:45,"Vàng SJC 1L, 10L, 1KG (Vàng miếng 99.99%)",TP. Hồ Chí Minh,61800000,62500000,6180000,6250000,62150000,6215000,700000,Giavang Archive
2022-02-01,08:45,"Vàng SJC 1L, 10L, 1KG (Vàng miếng 99.99%)",TP. Hồ Chí Minh,61800000,62500000,6180000,6250000,62150000,6215000,700000,Giavang Archive
2022-02-02,08:45,"Vàng SJC 1L, 10L, 1KG (Vàng miếng 99.99%)",TP. Hồ Chí Minh,61800000,62500000,6180000,6250000,62150000,6215000,700000,Giavang Archive
2022-02-03,08:45,"Vàng SJC 1L, 10L, 1KG (Vàng miếng 99.99%)",TP. Hồ Chí Minh,61800000,62500000,6180000,6250000,62150000,6215000,700000,Giavang Archive
2022-02-04,08:45,"Vàng SJC 1L, 10L, 1KG (Vàng miếng 99.99%)",TP. Hồ Chí Minh,61800000,62500000,6180000,6250000,62150000,6215000,700000,Giavang Archive
2022-02-05,08:45,"Vàng SJC 1L, 10L, 1KG (Vàng miếng 99.99%)",TP. Hồ Chí Minh,61800000,62500000,6180000,6250000,62150000,6215000,700000,Giavang Archive
2022-02-06,08:45,"Vàng SJC 1L, 10L, 1KG (Vàng miếng 99.99%)",TP. Hồ Chí Minh,61800000,62500000,6180000,6250000,62150000,6215000,700000,Giavang Archive
2022-02-07,09:10,"Vàng SJC 1L, 10L, 1KG (Vàng miếng 99.99%)",TP. Hồ Chí Minh,62800000,63450000,6280000,6345000,63125000,6312500,650000,Giavang Archive
2022-02-08,08:40,"Vàng SJC 1L, 10L, 1KG (Vàng miếng 99.99%)",TP. Hồ Chí Minh,61800000,62500000,6180000,6250000,62150000,6215000,700000,Giavang Archive
2022-02-09,08:35,"Vàng SJC 1L, 10L, 1KG (Vàng miếng 99.99%)",TP. Hồ Chí Minh,61350000,62150000,6135000,6215000,61750000,6175000,800000,Giavang Archive
2022-02-10,07:00,"Vàng SJC 1L, 10L, 1KG (Vàng miếng 99.99%)",TP. Hồ Chí Minh,61200000,62200000,6120000,6220000,61700000,6170000,1000000,Giavang Archive
2022-02-11,08:35,"Vàng SJC 1L, 10L, 1KG (Vàng miếng 99.99%)",TP. Hồ Chí Minh,61650000,62350000,6165000,6235000,62000000,6200000,700000,Giavang Archive
2022-02-12,08:40,"Vàng SJC 1L, 10L, 1KG (Vàng miếng 99.99%)",TP. Hồ Chí Minh,61900000,62700000,6190000,6270000,62300000,6230000,800000,Giavang Archive
2022-02-13,08:40,"Vàng SJC 1L, 10L, 1KG (Vàng miếng 99.99%)",TP. Hồ Chí Minh,61900000,62700000,6190000,6270000,62300000,6230000,800000,Giavang Archive
2022-02-14,08:45,"Vàng SJC 1L, 10L, 1KG (Vàng miếng 99.99%)",TP. Hồ Chí Minh,62250000,62950000,6225000,6295000,62600000,6260000,700000,Giavang Archive
2022-02-15,09:10,"Vàng SJC 1L, 10L, 1KG (Vàng miếng 99.99%)",TP. Hồ Chí Minh,62250000,62950000,6225000,6295000,62600000,6260000,700000,Giavang Archive
2022-02-16,08:30,"Vàng SJC 1L, 10L, 1KG (Vàng miếng 99.99%)",TP. Hồ Chí Minh,62200000,62900000,6220000,6290000,62550000,6255000,700000,Giavang Archive
2022-02-17,08:40,"Vàng SJC 1L, 10L, 1KG (Vàng miếng 99.99%)",TP. Hồ Chí Minh,62550000,63150000,6255000,6315000,62850000,6285000,600000,Giavang Archive
2022-02-18,08:35,"Vàng SJC 1L, 10L, 1KG (Vàng miếng 99.99%)",TP. Hồ Chí Minh,62550000,63200000,6255000,6320000,62875000,6287500,650000,Giavang Archive
2022-02-19,08:30,"Vàng SJC 1L, 10L, 1KG (Vàng miếng 99.99%)",TP. Hồ Chí Minh,62550000,63250000,6255000,6325000,62900000,6290000,700000,Giavang Archive
2022-02-20,08:30,"Vàng SJC 1L, 10L, 1KG (Vàng miếng 99.99%)",TP. Hồ Chí Minh,62550000,63250000,6255000,6325000,62900000,6290000,700000,Giavang Archive
2022-02-21,08:45,"Vàng SJC 1L, 10L, 1KG (Vàng miếng 99.99%)",TP. Hồ Chí Minh,62800000,63400000,6280000,6340000,63100000,6310000,600000,Giavang Archive
2022-02-22,08:30,"Vàng SJC 1L, 10L, 1KG (Vàng miếng 99.99%)",TP. Hồ Chí Minh,63000000,63600000,6300000,6360000,63300000,6330000,600000,Giavang Archive
2022-02-23,08:35,"Vàng SJC 1L, 10L, 1KG (Vàng miếng 99.99%)",TP. Hồ Chí Minh,63300000,63900000,6330000,6390000,63600000,6360000,600000,Giavang Archive
2022-02-24,08:55,"Vàng SJC 1L, 10L, 1KG (Vàng miếng 99.99%)",TP. Hồ Chí Minh,64950000,65650000,6495000,6565000,65300000,6530000,700000,Giavang Archive
2022-02-25,08:40,"Vàng SJC 1L, 10L, 1KG (Vàng miếng 99.99%)",TP. Hồ Chí Minh,64800000,65800000,6480000,6580000,65300000,6530000,1000000,Giavang Archive
2022-02-26,09:05,"Vàng SJC 1L, 10L, 1KG (Vàng miếng 99.99%)",TP. Hồ Chí Minh,64550000,65750000,6455000,6575000,65150000,6515000,1200000,Giavang Archive
2022-02-27,09:05,"Vàng SJC 1L, 10L, 1KG (Vàng miếng 99.99%)",TP. Hồ Chí Minh,64550000,65750000,6455000,6575000,65150000,6515000,1200000,Giavang Archive
2022-02-28,08:50,"Vàng SJC 1L, 10L, 1KG (Vàng miếng 99.99%)",TP. Hồ Chí Minh,65150000,65950000,6515000,6595000,65550000,6555000,800000,Giavang Archive
2022-03-01,08:35,"Vàng SJC 1L, 10L, 1KG (Vàng miếng 99.99%)",TP. Hồ Chí Minh,65650000,66400000,6565000,6640000,66025000,6602500,750000,Giavang Archive
2022-03-02,08:35,"Vàng SJC 1L, 10L, 1KG (Vàng miếng 99.99%)",TP. Hồ Chí Minh,66600000,67400000,6660000,6740000,67000000,6700000,800000,Giavang Archive
2022-03-03,08:45,"Vàng SJC 1L, 10L, 1KG (Vàng miếng 99.99%)",TP. Hồ Chí Minh,66600000,67350000,6660000,6735000,66975000,6697500,750000,Giavang Archive
2022-03-04,08:55,"Vàng SJC 1L, 10L, 1KG (Vàng miếng 99.99%)",TP. Hồ Chí Minh,66950000,67700000,6695000,6770000,67325000,6732500,750000,Giavang Archive
2022-03-05,08:45,"Vàng SJC 1L, 10L, 1KG (Vàng miếng 99.99%)",TP. Hồ Chí Minh,68000000,69300000,6800000,6930000,68650000,6865000,1300000,Giavang Archive
2022-03-06,14:45,"Vàng SJC 1L, 10L, 1KG (Vàng miếng 99.99%)",TP. Hồ Chí Minh,68000000,69000000,6800000,6900000,68500000,6850000,1000000,Giavang Archive
2022-03-07,08:40,"Vàng SJC 1L, 10L, 1KG (Vàng miếng 99.99%)",TP. Hồ Chí Minh,71700000,73500000,7170000,7350000,72600000,7260000,1800000,Giavang Archive
2022-03-08,08:40,"Vàng SJC 1L, 10L, 1KG (Vàng miếng 99.99%)",TP. Hồ Chí Minh,70200000,72000000,7020000,7200000,71100000,7110000,1800000,Giavang Archive
2022-03-09,08:15,"Vàng SJC 1L, 10L, 1KG (Vàng miếng 99.99%)",TP. Hồ Chí Minh,68400000,70200000,6840000,7020000,69300000,6930000,1800000,Giavang Archive
2022-03-10,08:35,"Vàng SJC 1L, 10L, 1KG (Vàng miếng 99.99%)",TP. Hồ Chí Minh,67800000,69600000,6780000,6960000,68700000,6870000,1800000,Giavang Archive
2022-03-11,08:35,"Vàng SJC 1L, 10L, 1KG (Vàng miếng 99.99%)",TP. Hồ Chí Minh,68400000,70200000,6840000,7020000,69300000,6930000,1800000,Giavang Archive
2022-03-12,08:30,"Vàng SJC 1L, 10L, 1KG (Vàng miếng 99.99%)",TP. Hồ Chí Minh,68000000,69800000,6800000,6980000,68900000,6890000,1800000,Giavang Archive
2022-03-13,08:30,"Vàng SJC 1L, 10L, 1KG (Vàng miếng 99.99%)",TP. Hồ Chí Minh,68000000,69800000,6800000,6980000,68900000,6890000,1800000,Giavang Archive
2022-03-14,08:25,"Vàng SJC 1L, 10L, 1KG (Vàng miếng 99.99%)",TP. Hồ Chí Minh,67300000,69000000,6730000,6900000,68150000,6815000,1700000,Giavang Archive
2022-03-15,08:35,"Vàng SJC 1L, 10L, 1KG (Vàng miếng 99.99%)",TP. Hồ Chí Minh,67400000,68700000,6740000,6870000,68050000,6805000,1300000,Giavang Archive
2022-03-16,08:40,"Vàng SJC 1L, 10L, 1KG (Vàng miếng 99.99%)",TP. Hồ Chí Minh,67000000,68200000,6700000,6820000,67600000,6760000,1200000,Giavang Archive
2022-03-17,08:40,"Vàng SJC 1L, 10L, 1KG (Vàng miếng 99.99%)",TP. Hồ Chí Minh,67700000,68700000,6770000,6870000,68200000,6820000,1000000,Giavang Archive
2022-03-18,08:50,"Vàng SJC 1L, 10L, 1KG (Vàng miếng 99.99%)",TP. Hồ Chí Minh,68100000,69100000,6810000,6910000,68600000,6860000,1000000,Giavang Archive
2022-03-19,09:45,"Vàng SJC 1L, 10L, 1KG (Vàng miếng 99.99%)",TP. Hồ Chí Minh,67800000,68900000,6780000,6890000,68350000,6835000,1100000,Giavang Archive
2022-03-20,09:45,"Vàng SJC 1L, 10L, 1KG (Vàng miếng 99.99%)",TP. Hồ Chí Minh,67800000,68900000,6780000,6890000,68350000,6835000,1100000,Giavang Archive
2022-03-21,09:10,"Vàng SJC 1L, 10L, 1KG (Vàng miếng 99.99%)",TP. Hồ Chí Minh,67700000,68700000,6770000,6870000,68200000,6820000,1000000,Giavang Archive
2022-03-22,08:45,"Vàng SJC 1L, 10L, 1KG (Vàng miếng 99.99%)",TP. Hồ Chí Minh,67850000,68750000,6785000,6875000,68300000,6830000,900000,Giavang Archive
2022-03-23,08:30,"Vàng SJC 1L, 10L, 1KG (Vàng miếng 99.99%)",TP. Hồ Chí Minh,68100000,68800000,6810000,6880000,68450000,6845000,700000,Giavang Archive
2022-03-24,08:30,"Vàng SJC 1L, 10L, 1KG (Vàng miếng 99.99%)",TP. Hồ Chí Minh,68200000,68900000,6820000,6890000,68550000,6855000,700000,Giavang Archive
2022-03-25,08:40,"Vàng SJC 1L, 10L, 1KG (Vàng miếng 99.99%)",TP. Hồ Chí Minh,68550000,69250000,6855000,6925000,68900000,6890000,700000,Giavang Archive
2022-03-26,08:35,"Vàng SJC 1L, 10L, 1KG (Vàng miếng 99.99%)",TP. Hồ Chí Minh,68700000,69450000,6870000,6945000,69075000,6907500,750000,Giavang Archive
2022-03-27,08:35,"Vàng SJC 1L, 10L, 1KG (Vàng miếng 99.99%)",TP. Hồ Chí Minh,68700000,69450000,6870000,6945000,69075000,6907500,750000,Giavang Archive
2022-03-28,08:35,"Vàng SJC 1L, 10L, 1KG (Vàng miếng 99.99%)",TP. Hồ Chí Minh,68600000,69300000,6860000,6930000,68950000,6895000,700000,Giavang Archive
2022-03-29,09:45,"Vàng SJC 1L, 10L, 1KG (Vàng miếng 99.99%)",TP. Hồ Chí Minh,68400000,69100000,6840000,6910000,68750000,6875000,700000,Giavang Archive
2022-03-30,08:30,"Vàng SJC 1L, 10L, 1KG (Vàng miếng 99.99%)",TP. Hồ Chí Minh,68000000,68700000,6800000,6870000,68350000,6835000,700000,Giavang Archive
2022-03-31,10:05,"Vàng SJC 1L, 10L, 1KG (Vàng miếng 99.99%)",TP. Hồ Chí Minh,68150000,68850000,6815000,6885000,68500000,6850000,700000,Giavang Archive
2022-04-01,08:30,"Vàng SJC 1L, 10L, 1KG (Vàng miếng 99.99%)",TP. Hồ Chí Minh,68400000,69100000,6840000,6910000,68750000,6875000,700000,Giavang Archive
2022-04-02,08:45,"Vàng SJC 1L, 10L, 1KG (Vàng miếng 99.99%)",TP. Hồ Chí Minh,68300000,69050000,6830000,6905000,68675000,6867500,750000,Giavang Archive
2022-04-03,08:45,"Vàng SJC 1L, 10L, 1KG (Vàng miếng 99.99%)",TP. Hồ Chí Minh,68300000,69050000,6830000,6905000,68675000,6867500,750000,Giavang Archive
2022-04-04,08:35,"Vàng SJC 1L, 10L, 1KG (Vàng miếng 99.99%)",TP. Hồ Chí Minh,68300000,69000000,6830000,6900000,68650000,6865000,700000,Giavang Archive
2022-04-05,09:05,"Vàng SJC 1L, 10L, 1KG (Vàng miếng 99.99%)",TP. Hồ Chí Minh,68200000,68850000,6820000,6885000,68525000,6852500,650000,Giavang Archive
2022-04-06,08:25,"Vàng SJC 1L, 10L, 1KG (Vàng miếng 99.99%)",TP. Hồ Chí Minh,68150000,68800000,6815000,6880000,68475000,6847500,650000,Giavang Archive
2022-04-07,08:30,"Vàng SJC 1L, 10L, 1KG (Vàng miếng 99.99%)",TP. Hồ Chí Minh,68200000,68850000,6820000,6885000,68525000,6852500,650000,Giavang Archive
2022-04-08,10:00,"Vàng SJC 1L, 10L, 1KG (Vàng miếng 99.99%)",TP. Hồ Chí Minh,68400000,69050000,6840000,6905000,68725000,6872500,650000,Giavang Archive
2022-04-09,08:35,"Vàng SJC 1L, 10L, 1KG (Vàng miếng 99.99%)",TP. Hồ Chí Minh,68650000,69450000,6865000,6945000,69050000,6905000,800000,Giavang Archive
2022-04-10,08:35,"Vàng SJC 1L, 10L, 1KG (Vàng miếng 99.99%)",TP. Hồ Chí Minh,68650000,69450000,6865000,6945000,69050000,6905000,800000,Giavang Archive
2022-04-11,08:35,"Vàng SJC 1L, 10L, 1KG (Vàng miếng 99.99%)",TP. Hồ Chí Minh,68650000,69450000,6865000,6945000,69050000,6905000,800000,Giavang Archive
2022-04-12,08:35,"Vàng SJC 1L, 10L, 1KG (Vàng miếng 99.99%)",TP. Hồ Chí Minh,68850000,69500000,6885000,6950000,69175000,6917500,650000,Giavang Archive
2022-04-13,08:35,"Vàng SJC 1L, 10L, 1KG (Vàng miếng 99.99%)",TP. Hồ Chí Minh,69200000,69800000,6920000,6980000,69500000,6950000,600000,Giavang Archive
2022-04-14,08:50,"Vàng SJC 1L, 10L, 1KG (Vàng miếng 99.99%)",TP. Hồ Chí Minh,68950000,69550000,6895000,6955000,69250000,6925000,600000,Giavang Archive
2022-04-15,08:30,"Vàng SJC 1L, 10L, 1KG (Vàng miếng 99.99%)",TP. Hồ Chí Minh,69100000,69700000,6910000,6970000,69400000,6940000,600000,Giavang Archive
2022-04-16,10:25,"Vàng SJC 1L, 10L, 1KG (Vàng miếng 99.99%)",TP. Hồ Chí Minh,69200000,69850000,6920000,6985000,69525000,6952500,650000,Giavang Archive
2022-04-17,10:25,"Vàng SJC 1L, 10L, 1KG (Vàng miếng 99.99%)",TP. Hồ Chí Minh,69200000,69850000,6920000,6985000,69525000,6952500,650000,Giavang Archive
2022-04-18,08:35,"Vàng SJC 1L, 10L, 1KG (Vàng miếng 99.99%)",TP. Hồ Chí Minh,70350000,71000000,7035000,7100000,70675000,7067500,650000,Giavang Archive
2022-04-19,08:50,"Vàng SJC 1L, 10L, 1KG (Vàng miếng 99.99%)",TP. Hồ Chí Minh,70050000,70750000,7005000,7075000,70400000,7040000,700000,Giavang Archive
2022-04-20,08:55,"Vàng SJC 1L, 10L, 1KG (Vàng miếng 99.99%)",TP. Hồ Chí Minh,69500000,70200000,6950000,7020000,69850000,6985000,700000,Giavang Archive
2022-04-21,08:35,"Vàng SJC 1L, 10L, 1KG (Vàng miếng 99.99%)",TP. Hồ Chí Minh,69700000,70400000,6970000,7040000,70050000,7005000,700000,Giavang Archive
2022-04-22,13:15,"Vàng SJC 1L, 10L, 1KG (Vàng miếng 99.99%)",TP. Hồ Chí Minh,69800000,70500000,6980000,7050000,70150000,7015000,700000,Giavang Archive
2022-04-23,08:30,"Vàng SJC 1L, 10L, 1KG (Vàng miếng 99.99%)",TP. Hồ Chí Minh,69550000,70350000,6955000,7035000,69950000,6995000,800000,Giavang Archive
2022-04-24,08:30,"Vàng SJC 1L, 10L, 1KG (Vàng miếng 99.99%)",TP. Hồ Chí Minh,69550000,70350000,6955000,7035000,69950000,6995000,800000,Giavang Archive
2022-04-25,08:35,"Vàng SJC 1L, 10L, 1KG (Vàng miếng 99.99%)",TP. Hồ Chí Minh,69550000,70250000,6955000,7025000,69900000,6990000,700000,Giavang Archive
2022-04-26,08:35,"Vàng SJC 1L, 10L, 1KG (Vàng miếng 99.99%)",TP. Hồ Chí Minh,69450000,70150000,6945000,7015000,69800000,6980000,700000,Giavang Archive
2022-04-27,10:25,"Vàng SJC 1L, 10L, 1KG (Vàng miếng 99.99%)",TP. Hồ Chí Minh,69350000,70050000,6935000,7005000,69700000,6970000,700000,Giavang Archive
2022-04-28,08:45,"Vàng SJC 1L, 10L, 1KG (Vàng miếng 99.99%)",TP. Hồ Chí Minh,69250000,69950000,6925000,6995000,69600000,6960000,700000,Giavang Archive
2022-04-29,08:35,"Vàng SJC 1L, 10L, 1KG (Vàng miếng 99.99%)",TP. Hồ Chí Minh,69650000,70350000,6965000,7035000,70000000,7000000,700000,Giavang Archive
2022-04-30,08:35,"Vàng SJC 1L, 10L, 1KG (Vàng miếng 99.99%)",TP. Hồ Chí Minh,69650000,70350000,6965000,7035000,70000000,7000000,700000,Giavang Archive
2022-05-01,08:35,"Vàng SJC 1L, 10L, 1KG (Vàng miếng 99.99%)",TP. Hồ Chí Minh,69650000,70350000,6965000,7035000,70000000,7000000,700000,Giavang Archive
2022-05-02,08:35,"Vàng SJC 1L, 10L, 1KG (Vàng miếng 99.99%)",TP. Hồ Chí Minh,69650000,70350000,6965000,7035000,70000000,7000000,700000,Giavang Archive
2022-05-03,08:40,"Vàng SJC 1L, 10L, 1KG (Vàng miếng 99.99%)",TP. Hồ Chí Minh,69200000,69950000,6920000,6995000,69575000,6957500,750000,Giavang Archive
2022-05-04,08:35,"Vàng SJC 1L, 10L, 1KG (Vàng miếng 99.99%)",TP. Hồ Chí Minh,69400000,70100000,6940000,7010000,69750000,6975000,700000,Giavang Archive
2022-05-05,08:40,"Vàng SJC 1L, 10L, 1KG (Vàng miếng 99.99%)",TP. Hồ Chí Minh,69650000,70350000,6965000,7035000,70000000,7000000,700000,Giavang Archive
2022-05-06,08:40,"Vàng SJC 1L, 10L, 1KG (Vàng miếng 99.99%)",TP. Hồ Chí Minh,69750000,70450000,6975000,7045000,70100000,7010000,700000,Giavang Archive
2022-05-07,08:40,"Vàng SJC 1L, 10L, 1KG (Vàng miếng 99.99%)",TP. Hồ Chí Minh,69750000,70450000,6975000,7045000,70100000,7010000,700000,Giavang Archive
2022-05-08,08:40,"Vàng SJC 1L, 10L, 1KG (Vàng miếng 99.99%)",TP. Hồ Chí Minh,69750000,70450000,6975000,7045000,70100000,7010000,700000,Giavang Archive
2022-05-09,08:45,"Vàng SJC 1L, 10L, 1KG (Vàng miếng 99.99%)",TP. Hồ Chí Minh,69600000,70300000,6960000,7030000,69950000,6995000,700000,Giavang Archive
2022-05-10,10:55,"Vàng SJC 1L, 10L, 1KG (Vàng miếng 99.99%)",TP. Hồ Chí Minh,69450000,70150000,6945000,7015000,69800000,6980000,700000,Giavang Archive
2022-05-11,08:30,"Vàng SJC 1L, 10L, 1KG (Vàng miếng 99.99%)",TP. Hồ Chí Minh,69500000,70200000,6950000,7020000,69850000,6985000,700000,Giavang Archive
2022-05-12,08:50,"Vàng SJC 1L, 10L, 1KG (Vàng miếng 99.99%)",TP. Hồ Chí Minh,69700000,70300000,6970000,7030000,70000000,7000000,600000,Giavang Archive
2022-05-13,08:35,"Vàng SJC 1L, 10L, 1KG (Vàng miếng 99.99%)",TP. Hồ Chí Minh,68800000,69800000,6880000,6980000,69300000,6930000,1000000,Giavang Archive
2022-05-14,08:30,"Vàng SJC 1L, 10L, 1KG (Vàng miếng 99.99%)",TP. Hồ Chí Minh,68500000,69500000,6850000,6950000,69000000,6900000,1000000,Giavang Archive
2022-05-15,08:30,"Vàng SJC 1L, 10L, 1KG (Vàng miếng 99.99%)",TP. Hồ Chí Minh,68500000,69500000,6850000,6950000,69000000,6900000,1000000,Giavang Archive
2022-05-16,11:10,"Vàng SJC 1L, 10L, 1KG (Vàng miếng 99.99%)",TP. Hồ Chí Minh,68250000,69250000,6825000,6925000,68750000,6875000,1000000,Giavang Archive
2022-05-17,10:05,"Vàng SJC 1L, 10L, 1KG (Vàng miếng 99.99%)",TP. Hồ Chí Minh,68250000,69250000,6825000,6925000,68750000,6875000,1000000,Giavang Archive
2022-05-18,08:35,"Vàng SJC 1L, 10L, 1KG (Vàng miếng 99.99%)",TP. Hồ Chí Minh,68250000,69250000,6825000,6925000,68750000,6875000,1000000,Giavang Archive
2022-05-19,15:55,"Vàng SJC 1L, 10L, 1KG (Vàng miếng 99.99%)",TP. Hồ Chí Minh,68250000,69250000,6825000,6925000,68750000,6875000,1000000,Giavang Archive
2022-05-20,08:30,"Vàng SJC 1L, 10L, 1KG (Vàng miếng 99.99%)",TP. Hồ Chí Minh,68900000,69800000,6890000,6980000,69350000,6935000,900000,Giavang Archive
2022-05-21,08:40,"Vàng SJC 1L, 10L, 1KG (Vàng miếng 99.99%)",TP. Hồ Chí Minh,68950000,69850000,6895000,6985000,69400000,6940000,900000,Giavang Archive
2022-05-22,08:40,"Vàng SJC 1L, 10L, 1KG (Vàng miếng 99.99%)",TP. Hồ Chí Minh,68950000,69850000,6895000,6985000,69400000,6940000,900000,Giavang Archive
2022-05-23,09:00,"Vàng SJC 1L, 10L, 1KG (Vàng miếng 99.99%)",TP. Hồ Chí Minh,69050000,69950000,6905000,6995000,69500000,6950000,900000,Giavang Archive
2022-05-24,08:30,"Vàng SJC 1L, 10L, 1KG (Vàng miếng 99.99%)",TP. Hồ Chí Minh,69000000,69900000,6900000,6990000,69450000,6945000,900000,Giavang Archive
2022-05-25,09:20,"Vàng SJC 1L, 10L, 1KG (Vàng miếng 99.99%)",TP. Hồ Chí Minh,68100000,69100000,6810000,6910000,68600000,6860000,1000000,Giavang Archive
2022-05-26,08:45,"Vàng SJC 1L, 10L, 1KG (Vàng miếng 99.99%)",TP. Hồ Chí Minh,68300000,69300000,6830000,6930000,68800000,6880000,1000000,Giavang Archive
2022-05-27,08:30,"Vàng SJC 1L, 10L, 1KG (Vàng miếng 99.99%)",TP. Hồ Chí Minh,68550000,69550000,6855000,6955000,69050000,6905000,1000000,Giavang Archive
2022-05-28,08:45,"Vàng SJC 1L, 10L, 1KG (Vàng miếng 99.99%)",TP. Hồ Chí Minh,68500000,69500000,6850000,6950000,69000000,6900000,1000000,Giavang Archive
2022-05-29,08:45,"Vàng SJC 1L, 10L, 1KG (Vàng miếng 99.99%)",TP. Hồ Chí Minh,68500000,69500000,6850000,6950000,69000000,6900000,1000000,Giavang Archive
2022-05-30,08:40,"Vàng SJC 1L, 10L, 1KG (Vàng miếng 99.99%)",TP. Hồ Chí Minh,68300000,69300000,6830000,6930000,68800000,6880000,1000000,Giavang Archive
2022-05-31,08:35,"Vàng SJC 1L, 10L, 1KG (Vàng miếng 99.99%)",TP. Hồ Chí Minh,68300000,69300000,6830000,6930000,68800000,6880000,1000000,Giavang Archive
2022-06-01,08:45,"Vàng SJC 1L, 10L, 1KG (Vàng miếng 99.99%)",TP. Hồ Chí Minh,68300000,69300000,6830000,6930000,68800000,6880000,1000000,Giavang Archive
2022-06-02,08:50,"Vàng SJC 1L, 10L, 1KG (Vàng miếng 99.99%)",TP. Hồ Chí Minh,68550000,69450000,6855000,6945000,69000000,6900000,900000,Giavang Archive
2022-06-03,08:30,"Vàng SJC 1L, 10L, 1KG (Vàng miếng 99.99%)",TP. Hồ Chí Minh,68800000,69700000,6880000,6970000,69250000,6925000,900000,Giavang Archive
2022-06-04,08:25,"Vàng SJC 1L, 10L, 1KG (Vàng miếng 99.99%)",TP. Hồ Chí Minh,68750000,69650000,6875000,6965000,69200000,6920000,900000,Giavang Archive
2022-06-05,08:25,"Vàng SJC 1L, 10L, 1KG (Vàng miếng 99.99%)",TP. Hồ Chí Minh,68750000,69650000,6875000,6965000,69200000,6920000,900000,Giavang Archive
2022-06-06,08:30,"Vàng SJC 1L, 10L, 1KG (Vàng miếng 99.99%)",TP. Hồ Chí Minh,68600000,69500000,6860000,6950000,69050000,6905000,900000,Giavang Archive
2022-06-07,09:30,"Vàng SJC 1L, 10L, 1KG (Vàng miếng 99.99%)",TP. Hồ Chí Minh,68700000,69600000,6870000,6960000,69150000,6915000,900000,Giavang Archive
2022-06-08,08:40,"Vàng SJC 1L, 10L, 1KG (Vàng miếng 99.99%)",TP. Hồ Chí Minh,68700000,69600000,6870000,6960000,69150000,6915000,900000,Giavang Archive
2022-06-09,08:30,"Vàng SJC 1L, 10L, 1KG (Vàng miếng 99.99%)",TP. Hồ Chí Minh,68800000,69700000,6880000,6970000,69250000,6925000,900000,Giavang Archive
2022-06-10,08:40,"Vàng SJC 1L, 10L, 1KG (Vàng miếng 99.99%)",TP. Hồ Chí Minh,68550000,69450000,6855000,6945000,69000000,6900000,900000,Giavang Archive
2022-06-11,08:35,"Vàng SJC 1L, 10L, 1KG (Vàng miếng 99.99%)",TP. Hồ Chí Minh,68750000,69650000,6875000,6965000,69200000,6920000,900000,Giavang Archive
2022-06-12,08:35,"Vàng SJC 1L, 10L, 1KG (Vàng miếng 99.99%)",TP. Hồ Chí Minh,68750000,69650000,6875000,6965000,69200000,6920000,900000,Giavang Archive
2022-06-13,08:30,"Vàng SJC 1L, 10L, 1KG (Vàng miếng 99.99%)",TP. Hồ Chí Minh,67750000,68650000,6775000,6865000,68200000,6820000,900000,Giavang Archive
2022-06-14,08:50,"Vàng SJC 1L, 10L, 1KG (Vàng miếng 99.99%)",TP. Hồ Chí Minh,67600000,68400000,6760000,6840000,68000000,6800000,800000,Giavang Archive
2022-06-15,08:45,"Vàng SJC 1L, 10L, 1KG (Vàng miếng 99.99%)",TP. Hồ Chí Minh,67650000,68450000,6765000,6845000,68050000,6805000,800000,Giavang Archive
2022-06-16,08:50,"Vàng SJC 1L, 10L, 1KG (Vàng miếng 99.99%)",TP. Hồ Chí Minh,67800000,68600000,6780000,6860000,68200000,6820000,800000,Giavang Archive
2022-06-17,08:35,"Vàng SJC 1L, 10L, 1KG (Vàng miếng 99.99%)",TP. Hồ Chí Minh,67950000,68750000,6795000,6875000,68350000,6835000,800000,Giavang Archive
2022-06-18,08:40,"Vàng SJC 1L, 10L, 1KG (Vàng miếng 99.99%)",TP. Hồ Chí Minh,67850000,68650000,6785000,6865000,68250000,6825000,800000,Giavang Archive
2022-06-19,08:40,"Vàng SJC 1L, 10L, 1KG (Vàng miếng 99.99%)",TP. Hồ Chí Minh,67850000,68650000,6785000,6865000,68250000,6825000,800000,Giavang Archive
2022-06-20,09:55,"Vàng SJC 1L, 10L, 1KG (Vàng miếng 99.99%)",TP. Hồ Chí Minh,67850000,68650000,6785000,6865000,68250000,6825000,800000,Giavang Archive
2022-06-21,08:35,"Vàng SJC 1L, 10L, 1KG (Vàng miếng 99.99%)",TP. Hồ Chí Minh,67850000,68650000,6785000,6865000,68250000,6825000,800000,Giavang Archive
2022-06-22,08:40,"Vàng SJC 1L, 10L, 1KG (Vàng miếng 99.99%)",TP. Hồ Chí Minh,67750000,68550000,6775000,6855000,68150000,6815000,800000,Giavang Archive
2022-06-23,08:40,"Vàng SJC 1L, 10L, 1KG (Vàng miếng 99.99%)",TP. Hồ Chí Minh,67900000,68700000,6790000,6870000,68300000,6830000,800000,Giavang Archive
2022-06-24,08:30,"Vàng SJC 1L, 10L, 1KG (Vàng miếng 99.99%)",TP. Hồ Chí Minh,67800000,68600000,6780000,6860000,68200000,6820000,800000,Giavang Archive
2022-06-25,09:45,"Vàng SJC 1L, 10L, 1KG (Vàng miếng 99.99%)",TP. Hồ Chí Minh,67850000,68650000,6785000,6865000,68250000,6825000,800000,Giavang Archive
2022-06-26,09:45,"Vàng SJC 1L, 10L, 1KG (Vàng miếng 99.99%)",TP. Hồ Chí Minh,67850000,68650000,6785000,6865000,68250000,6825000,800000,Giavang Archive
2022-06-27,09:45,"Vàng SJC 1L, 10L, 1KG (Vàng miếng 99.99%)",TP. Hồ Chí Minh,67900000,68600000,6790000,6860000,68250000,6825000,700000,Giavang Archive
2022-06-28,09:45,"Vàng SJC 1L, 10L, 1KG (Vàng miếng 99.99%)",TP. Hồ Chí Minh,68050000,68750000,6805000,6875000,68400000,6840000,700000,Giavang Archive
2022-06-29,09:45,"Vàng SJC 1L, 10L, 1KG (Vàng miếng 99.99%)",TP. Hồ Chí Minh,68200000,68900000,6820000,6890000,68550000,6855000,700000,Giavang Archive
2022-06-30,09:45,"Vàng SJC 1L, 10L, 1KG (Vàng miếng 99.99%)",TP. Hồ Chí Minh,68300000,68900000,6830000,6890000,68600000,6860000,600000,Giavang Archive
2022-07-01,09:45,"Vàng SJC 1L, 10L, 1KG (Vàng miếng 99.99%)",TP. Hồ Chí Minh,68150000,68750000,6815000,6875000,68450000,6845000,600000,Giavang Archive
2022-07-02,09:45,"Vàng SJC 1L, 10L, 1KG (Vàng miếng 99.99%)",TP. Hồ Chí Minh,68200000,68800000,6820000,6880000,68500000,6850000,600000,Giavang Archive
2022-07-03,09:45,"Vàng SJC 1L, 10L, 1KG (Vàng miếng 99.99%)",TP. Hồ Chí Minh,68200000,68800000,6820000,6880000,68500000,6850000,600000,Giavang Archive
2022-07-04,09:45,"Vàng SJC 1L, 10L, 1KG (Vàng miếng 99.99%)",TP. Hồ Chí Minh,68100000,68700000,6810000,6870000,68400000,6840000,600000,Giavang Archive
2022-07-05,09:45,"Vàng SJC 1L, 10L, 1KG (Vàng miếng 99.99%)",TP. Hồ Chí Minh,68200000,68800000,6820000,6880000,68500000,6850000,600000,Giavang Archive
2022-07-06,09:45,"Vàng SJC 1L, 10L, 1KG (Vàng miếng 99.99%)",TP. Hồ Chí Minh,67850000,68450000,6785000,6845000,68150000,6815000,600000,Giavang Archive
2022-07-07,09:20,"Vàng SJC 1L, 10L, 1KG (Vàng miếng 99.99%)",TP. Hồ Chí Minh,67850000,68450000,6785000,6845000,68150000,6815000,600000,Giavang Archive
2022-07-08,08:55,"Vàng SJC 1L, 10L, 1KG (Vàng miếng 99.99%)",TP. Hồ Chí Minh,68000000,68600000,6800000,6860000,68300000,6830000,600000,Giavang Archive
2022-07-09,09:40,"Vàng SJC 1L, 10L, 1KG (Vàng miếng 99.99%)",TP. Hồ Chí Minh,67950000,68550000,6795000,6855000,68250000,6825000,600000,Giavang Archive
2022-07-10,09:40,"Vàng SJC 1L, 10L, 1KG (Vàng miếng 99.99%)",TP. Hồ Chí Minh,67950000,68550000,6795000,6855000,68250000,6825000,600000,Giavang Archive
2022-07-11,10:10,"Vàng SJC 1L, 10L, 1KG (Vàng miếng 99.99%)",TP. Hồ Chí Minh,67600000,68200000,6760000,6820000,67900000,6790000,600000,Giavang Archive
2022-07-12,08:50,"Vàng SJC 1L, 10L, 1KG (Vàng miếng 99.99%)",TP. Hồ Chí Minh,67650000,68250000,6765000,6825000,67950000,6795000,600000,Giavang Archive
2022-07-13,08:30,"Vàng SJC 1L, 10L, 1KG (Vàng miếng 99.99%)",TP. Hồ Chí Minh,67600000,68200000,6760000,6820000,67900000,6790000,600000,Giavang Archive
2022-07-14,09:00,"Vàng SJC 1L, 10L, 1KG (Vàng miếng 99.99%)",TP. Hồ Chí Minh,67600000,68200000,6760000,6820000,67900000,6790000,600000,Giavang Archive
2022-07-15,08:25,"Vàng SJC 1L, 10L, 1KG (Vàng miếng 99.99%)",TP. Hồ Chí Minh,67350000,67950000,6735000,6795000,67650000,6765000,600000,Giavang Archive
2022-07-16,09:20,"Vàng SJC 1L, 10L, 1KG (Vàng miếng 99.99%)",TP. Hồ Chí Minh,67350000,67950000,6735000,6795000,67650000,6765000,600000,Giavang Archive
2022-07-17,09:20,"Vàng SJC 1L, 10L, 1KG (Vàng miếng 99.99%)",TP. Hồ Chí Minh,67350000,67950000,6735000,6795000,67650000,6765000,600000,Giavang Archive
2022-07-18,08:30,"Vàng SJC 1L, 10L, 1KG (Vàng miếng 99.99%)",TP. Hồ Chí Minh,63500000,64500000,6350000,6450000,64000000,6400000,1000000,Giavang Archive
2022-07-19,08:50,"Vàng SJC 1L, 10L, 1KG (Vàng miếng 99.99%)",TP. Hồ Chí Minh,63300000,65300000,6330000,6530000,64300000,6430000,2000000,Giavang Archive
2022-07-20,08:35,"Vàng SJC 1L, 10L, 1KG (Vàng miếng 99.99%)",TP. Hồ Chí Minh,64700000,66500000,6470000,6650000,65600000,6560000,1800000,Giavang Archive
2022-07-21,08:35,"Vàng SJC 1L, 10L, 1KG (Vàng miếng 99.99%)",TP. Hồ Chí Minh,63200000,65200000,6320000,6520000,64200000,6420000,2000000,Giavang Archive
2022-07-22,09:15,"Vàng SJC 1L, 10L, 1KG (Vàng miếng 99.99%)",TP. Hồ Chí Minh,64900000,66400000,6490000,6640000,65650000,6565000,1500000,Giavang Archive
2022-07-23,08:35,"Vàng SJC 1L, 10L, 1KG (Vàng miếng 99.99%)",TP. Hồ Chí Minh,64700000,66200000,6470000,6620000,65450000,6545000,1500000,Giavang Archive
2022-07-24,08:35,"Vàng SJC 1L, 10L, 1KG (Vàng miếng 99.99%)",TP. Hồ Chí Minh,64700000,66200000,6470000,6620000,65450000,6545000,1500000,Giavang Archive
2022-07-25,08:35,"Vàng SJC 1L, 10L, 1KG (Vàng miếng 99.99%)",TP. Hồ Chí Minh,65300000,66500000,6530000,6650000,65900000,6590000,1200000,Giavang Archive
2022-07-26,08:50,"Vàng SJC 1L, 10L, 1KG (Vàng miếng 99.99%)",TP. Hồ Chí Minh,65000000,66000000,6500000,6600000,65500000,6550000,1000000,Giavang Archive
2022-07-27,08:35,"Vàng SJC 1L, 10L, 1KG (Vàng miếng 99.99%)",TP. Hồ Chí Minh,65100000,66100000,6510000,6610000,65600000,6560000,1000000,Giavang Archive
2022-07-28,08:35,"Vàng SJC 1L, 10L, 1KG (Vàng miếng 99.99%)",TP. Hồ Chí Minh,65000000,66000000,6500000,6600000,65500000,6550000,1000000,Giavang Archive
2022-07-29,08:40,"Vàng SJC 1L, 10L, 1KG (Vàng miếng 99.99%)",TP. Hồ Chí Minh,65700000,66700000,6570000,6670000,66200000,6620000,1000000,Giavang Archive
2022-07-30,09:15,"Vàng SJC 1L, 10L, 1KG (Vàng miếng 99.99%)",TP. Hồ Chí Minh,66100000,67100000,6610000,6710000,66600000,6660000,1000000,Giavang Archive
2022-07-31,09:15,"Vàng SJC 1L, 10L, 1KG (Vàng miếng 99.99%)",TP. Hồ Chí Minh,66100000,67100000,6610000,6710000,66600000,6660000,1000000,Giavang Archive
2022-08-01,08:30,"Vàng SJC 1L, 10L, 1KG (Vàng miếng 99.99%)",TP. Hồ Chí Minh,66800000,67800000,6680000,6780000,67300000,6730000,1000000,Giavang Archive
2022-08-02,08:30,"Vàng SJC 1L, 10L, 1KG (Vàng miếng 99.99%)",TP. Hồ Chí Minh,67400000,68400000,6740000,6840000,67900000,6790000,1000000,Giavang Archive
2022-08-03,08:35,"Vàng SJC 1L, 10L, 1KG (Vàng miếng 99.99%)",TP. Hồ Chí Minh,66000000,67000000,6600000,6700000,66500000,6650000,1000000,Giavang Archive
2022-08-04,08:35,"Vàng SJC 1L, 10L, 1KG (Vàng miếng 99.99%)",TP. Hồ Chí Minh,66400000,67400000,6640000,6740000,66900000,6690000,1000000,Giavang Archive
2022-08-05,08:35,"Vàng SJC 1L, 10L, 1KG (Vàng miếng 99.99%)",TP. Hồ Chí Minh,66600000,67600000,6660000,6760000,67100000,6710000,1000000,Giavang Archive
2022-08-06,08:30,"Vàng SJC 1L, 10L, 1KG (Vàng miếng 99.99%)",TP. Hồ Chí Minh,66300000,67300000,6630000,6730000,66800000,6680000,1000000,Giavang Archive
2022-08-07,08:30,"Vàng SJC 1L, 10L, 1KG (Vàng miếng 99.99%)",TP. Hồ Chí Minh,66300000,67300000,6630000,6730000,66800000,6680000,1000000,Giavang Archive
2022-08-08,08:25,"Vàng SJC 1L, 10L, 1KG (Vàng miếng 99.99%)",TP. Hồ Chí Minh,66300000,67300000,6630000,6730000,66800000,6680000,1000000,Giavang Archive
2022-08-09,08:40,"Vàng SJC 1L, 10L, 1KG (Vàng miếng 99.99%)",TP. Hồ Chí Minh,66200000,67200000,6620000,6720000,66700000,6670000,1000000,Giavang Archive
2022-08-10,10:35,"Vàng SJC 1L, 10L, 1KG (Vàng miếng 99.99%)",TP. Hồ Chí Minh,66000000,67000000,6600000,6700000,66500000,6650000,1000000,Giavang Archive
2022-08-11,09:15,"Vàng SJC 1L, 10L, 1KG (Vàng miếng 99.99%)",TP. Hồ Chí Minh,66200000,67200000,6620000,6720000,66700000,6670000,1000000,Giavang Archive
2022-08-12,10:50,"Vàng SJC 1L, 10L, 1KG (Vàng miếng 99.99%)",TP. Hồ Chí Minh,66300000,67300000,6630000,6730000,66800000,6680000,1000000,Giavang Archive
2022-08-13,09:00,"Vàng SJC 1L, 10L, 1KG (Vàng miếng 99.99%)",TP. Hồ Chí Minh,66600000,67600000,6660000,6760000,67100000,6710000,1000000,Giavang Archive
2022-08-14,09:00,"Vàng SJC 1L, 10L, 1KG (Vàng miếng 99.99%)",TP. Hồ Chí Minh,66600000,67600000,6660000,6760000,67100000,6710000,1000000,Giavang Archive
2022-08-15,08:30,"Vàng SJC 1L, 10L, 1KG (Vàng miếng 99.99%)",TP. Hồ Chí Minh,66100000,67100000,6610000,6710000,66600000,6660000,1000000,Giavang Archive
2022-08-16,08:35,"Vàng SJC 1L, 10L, 1KG (Vàng miếng 99.99%)",TP. Hồ Chí Minh,66000000,67000000,6600000,6700000,66500000,6650000,1000000,Giavang Archive
2022-08-17,08:50,"Vàng SJC 1L, 10L, 1KG (Vàng miếng 99.99%)",TP. Hồ Chí Minh,66200000,67200000,6620000,6720000,66700000,6670000,1000000,Giavang Archive
2022-08-18,14:25,"Vàng SJC 1L, 10L, 1KG (Vàng miếng 99.99%)",TP. Hồ Chí Minh,66200000,67200000,6620000,6720000,66700000,6670000,1000000,Giavang Archive
2022-08-19,08:55,"Vàng SJC 1L, 10L, 1KG (Vàng miếng 99.99%)",TP. Hồ Chí Minh,66200000,67200000,6620000,6720000,66700000,6670000,1000000,Giavang Archive
2022-08-20,08:35,"Vàng SJC 1L, 10L, 1KG (Vàng miếng 99.99%)",TP. Hồ Chí Minh,66200000,67200000,6620000,6720000,66700000,6670000,1000000,Giavang Archive
2022-08-21,08:35,"Vàng SJC 1L, 10L, 1KG (Vàng miếng 99.99%)",TP. Hồ Chí Minh,66200000,67200000,6620000,6720000,66700000,6670000,1000000,Giavang Archive
2022-08-22,13:25,"Vàng SJC 1L, 10L, 1KG (Vàng miếng 99.99%)",TP. Hồ Chí Minh,66000000,67000000,6600000,6700000,66500000,6650000,1000000,Giavang Archive
2022-08-23,08:40,"Vàng SJC 1L, 10L, 1KG (Vàng miếng 99.99%)",TP. Hồ Chí Minh,66250000,67050000,6625000,6705000,66650000,6665000,800000,Giavang Archive
2022-08-24,08:25,"Vàng SJC 1L, 10L, 1KG (Vàng miếng 99.99%)",TP. Hồ Chí Minh,66300000,67100000,6630000,6710000,66700000,6670000,800000,Giavang Archive
2022-08-25,08:50,"Vàng SJC 1L, 10L, 1KG (Vàng miếng 99.99%)",TP. Hồ Chí Minh,66050000,66850000,6605000,6685000,66450000,6645000,800000,Giavang Archive
2022-08-26,10:35,"Vàng SJC 1L, 10L, 1KG (Vàng miếng 99.99%)",TP. Hồ Chí Minh,66100000,66900000,6610000,6690000,66500000,6650000,800000,Giavang Archive
2022-08-27,08:55,"Vàng SJC 1L, 10L, 1KG (Vàng miếng 99.99%)",TP. Hồ Chí Minh,66000000,66800000,6600000,6680000,66400000,6640000,800000,Giavang Archive
2022-08-28,08:55,"Vàng SJC 1L, 10L, 1KG (Vàng miếng 99.99%)",TP. Hồ Chí Minh,66000000,66800000,6600000,6680000,66400000,6640000,800000,Giavang Archive
2022-08-29,08:45,"Vàng SJC 1L, 10L, 1KG (Vàng miếng 99.99%)",TP. Hồ Chí Minh,65750000,66550000,6575000,6655000,66150000,6615000,800000,Giavang Archive
2022-08-30,08:35,"Vàng SJC 1L, 10L, 1KG (Vàng miếng 99.99%)",TP. Hồ Chí Minh,65900000,66700000,6590000,6670000,66300000,6630000,800000,Giavang Archive
2022-08-31,08:35,"Vàng SJC 1L, 10L, 1KG (Vàng miếng 99.99%)",TP. Hồ Chí Minh,65850000,66650000,6585000,6665000,66250000,6625000,800000,Giavang Archive
2022-09-01,09:00,"Vàng SJC 1L, 10L, 1KG (Vàng miếng 99.99%)",TP. Hồ Chí Minh,65850000,66650000,6585000,6665000,66250000,6625000,800000,Giavang Archive
2022-09-02,09:00,"Vàng SJC 1L, 10L, 1KG (Vàng miếng 99.99%)",TP. Hồ Chí Minh,65850000,66650000,6585000,6665000,66250000,6625000,800000,Giavang Archive
2022-09-03,08:40,"Vàng SJC 1L, 10L, 1KG (Vàng miếng 99.99%)",TP. Hồ Chí Minh,65700000,66700000,6570000,6670000,66200000,6620000,1000000,Giavang Archive
2022-09-04,08:40,"Vàng SJC 1L, 10L, 1KG (Vàng miếng 99.99%)",TP. Hồ Chí Minh,65700000,66700000,6570000,6670000,66200000,6620000,1000000,Giavang Archive
2022-09-05,13:20,"Vàng SJC 1L, 10L, 1KG (Vàng miếng 99.99%)",TP. Hồ Chí Minh,65900000,66700000,6590000,6670000,66300000,6630000,800000,Giavang Archive
2022-09-06,08:30,"Vàng SJC 1L, 10L, 1KG (Vàng miếng 99.99%)",TP. Hồ Chí Minh,66000000,66800000,6600000,6680000,66400000,6640000,800000,Giavang Archive
2022-09-07,13:25,"Vàng SJC 1L, 10L, 1KG (Vàng miếng 99.99%)",TP. Hồ Chí Minh,66000000,66800000,6600000,6680000,66400000,6640000,800000,Giavang Archive
2022-09-08,08:40,"Vàng SJC 1L, 10L, 1KG (Vàng miếng 99.99%)",TP. Hồ Chí Minh,66150000,66950000,6615000,6695000,66550000,6655000,800000,Giavang Archive
2022-09-09,11:30,"Vàng SJC 1L, 10L, 1KG (Vàng miếng 99.99%)",TP. Hồ Chí Minh,66200000,67000000,6620000,6700000,66600000,6660000,800000,Giavang Archive
2022-09-10,08:35,"Vàng SJC 1L, 10L, 1KG (Vàng miếng 99.99%)",TP. Hồ Chí Minh,66150000,66950000,6615000,6695000,66550000,6655000,800000,Giavang Archive
2022-09-11,08:35,"Vàng SJC 1L, 10L, 1KG (Vàng miếng 99.99%)",TP. Hồ Chí Minh,66150000,66950000,6615000,6695000,66550000,6655000,800000,Giavang Archive
2022-09-12,09:30,"Vàng SJC 1L, 10L, 1KG (Vàng miếng 99.99%)",TP. Hồ Chí Minh,66200000,67000000,6620000,6700000,66600000,6660000,800000,Giavang Archive
2022-09-13,08:30,"Vàng SJC 1L, 10L, 1KG (Vàng miếng 99.99%)",TP. Hồ Chí Minh,66250000,67050000,6625000,6705000,66650000,6665000,800000,Giavang Archive
2022-09-14,10:15,"Vàng SJC 1L, 10L, 1KG (Vàng miếng 99.99%)",TP. Hồ Chí Minh,66100000,66900000,6610000,6690000,66500000,6650000,800000,Giavang Archive
2022-09-15,10:40,"Vàng SJC 1L, 10L, 1KG (Vàng miếng 99.99%)",TP. Hồ Chí Minh,65950000,66750000,6595000,6675000,66350000,6635000,800000,Giavang Archive
2022-09-16,09:15,"Vàng SJC 1L, 10L, 1KG (Vàng miếng 99.99%)",TP. Hồ Chí Minh,65750000,66550000,6575000,6655000,66150000,6615000,800000,Giavang Archive
2022-09-17,08:35,"Vàng SJC 1L, 10L, 1KG (Vàng miếng 99.99%)",TP. Hồ Chí Minh,65850000,66650000,6585000,6665000,66250000,6625000,800000,Giavang Archive
2022-09-18,08:35,"Vàng SJC 1L, 10L, 1KG (Vàng miếng 99.99%)",TP. Hồ Chí Minh,65850000,66650000,6585000,6665000,66250000,6625000,800000,Giavang Archive
2022-09-19,09:20,"Vàng SJC 1L, 10L, 1KG (Vàng miếng 99.99%)",TP. Hồ Chí Minh,65750000,66550000,6575000,6655000,66150000,6615000,800000,Giavang Archive
2022-09-20,08:35,"Vàng SJC 1L, 10L, 1KG (Vàng miếng 99.99%)",TP. Hồ Chí Minh,65850000,66650000,6585000,6665000,66250000,6625000,800000,Giavang Archive
2022-09-21,13:20,"Vàng SJC 1L, 10L, 1KG (Vàng miếng 99.99%)",TP. Hồ Chí Minh,65950000,66750000,6595000,6675000,66350000,6635000,800000,Giavang Archive
2022-09-22,10:45,"Vàng SJC 1L, 10L, 1KG (Vàng miếng 99.99%)",TP. Hồ Chí Minh,65800000,66600000,6580000,6660000,66200000,6620000,800000,Giavang Archive
2022-09-23,08:35,"Vàng SJC 1L, 10L, 1KG (Vàng miếng 99.99%)",TP. Hồ Chí Minh,65800000,66600000,6580000,6660000,66200000,6620000,800000,Giavang Archive
2022-09-24,08:40,"Vàng SJC 1L, 10L, 1KG (Vàng miếng 99.99%)",TP. Hồ Chí Minh,65800000,66600000,6580000,6660000,66200000,6620000,800000,Giavang Archive
2022-09-25,08:40,"Vàng SJC 1L, 10L, 1KG (Vàng miếng 99.99%)",TP. Hồ Chí Minh,65800000,66600000,6580000,6660000,66200000,6620000,800000,Giavang Archive
2022-09-26,08:30,"Vàng SJC 1L, 10L, 1KG (Vàng miếng 99.99%)",TP. Hồ Chí Minh,65600000,66400000,6560000,6640000,66000000,6600000,800000,Giavang Archive
2022-09-27,08:35,"Vàng SJC 1L, 10L, 1KG (Vàng miếng 99.99%)",TP. Hồ Chí Minh,64600000,65600000,6460000,6560000,65100000,6510000,1000000,Giavang Archive
2022-09-28,08:35,"Vàng SJC 1L, 10L, 1KG (Vàng miếng 99.99%)",TP. Hồ Chí Minh,64200000,65200000,6420000,6520000,64700000,6470000,1000000,Giavang Archive
2022-09-29,08:35,"Vàng SJC 1L, 10L, 1KG (Vàng miếng 99.99%)",TP. Hồ Chí Minh,64550000,65550000,6455000,6555000,65050000,6505000,1000000,Giavang Archive
2022-09-30,09:10,"Vàng SJC 1L, 10L, 1KG (Vàng miếng 99.99%)",TP. Hồ Chí Minh,65400000,66400000,6540000,6640000,65900000,6590000,1000000,Giavang Archive
2022-10-01,08:40,"Vàng SJC 1L, 10L, 1KG (Vàng miếng 99.99%)",TP. Hồ Chí Minh,65400000,66400000,6540000,6640000,65900000,6590000,1000000,Giavang Archive
2022-10-02,08:40,"Vàng SJC 1L, 10L, 1KG (Vàng miếng 99.99%)",TP. Hồ Chí Minh,65400000,66400000,6540000,6640000,65900000,6590000,1000000,Giavang Archive
2022-10-03,09:20,"Vàng SJC 1L, 10L, 1KG (Vàng miếng 99.99%)",TP. Hồ Chí Minh,65200000,66200000,6520000,6620000,65700000,6570000,1000000,Giavang Archive
2022-10-04,08:15,"Vàng SJC 1L, 10L, 1KG (Vàng miếng 99.99%)",TP. Hồ Chí Minh,65400000,66400000,6540000,6640000,65900000,6590000,1000000,Giavang Archive
2022-10-05,08:35,"Vàng SJC 1L, 10L, 1KG (Vàng miếng 99.99%)",TP. Hồ Chí Minh,65400000,66400000,6540000,6640000,65900000,6590000,1000000,Giavang Archive
2022-10-06,08:35,"Vàng SJC 1L, 10L, 1KG (Vàng miếng 99.99%)",TP. Hồ Chí Minh,64700000,65700000,6470000,6570000,65200000,6520000,1000000,Giavang Archive
2022-10-07,08:40,"Vàng SJC 1L, 10L, 1KG (Vàng miếng 99.99%)",TP. Hồ Chí Minh,64900000,65900000,6490000,6590000,65400000,6540000,1000000,Giavang Archive
2022-10-08,08:35,"Vàng SJC 1L, 10L, 1KG (Vàng miếng 99.99%)",TP. Hồ Chí Minh,65500000,66500000,6550000,6650000,66000000,6600000,1000000,Giavang Archive
2022-10-09,08:35,"Vàng SJC 1L, 10L, 1KG (Vàng miếng 99.99%)",TP. Hồ Chí Minh,65500000,66500000,6550000,6650000,66000000,6600000,1000000,Giavang Archive
2022-10-10,08:40,"Vàng SJC 1L, 10L, 1KG (Vàng miếng 99.99%)",TP. Hồ Chí Minh,66200000,67200000,6620000,6720000,66700000,6670000,1000000,Giavang Archive
2022-10-11,08:35,"Vàng SJC 1L, 10L, 1KG (Vàng miếng 99.99%)",TP. Hồ Chí Minh,65900000,66900000,6590000,6690000,66400000,6640000,1000000,Giavang Archive
2022-10-12,08:30,"Vàng SJC 1L, 10L, 1KG (Vàng miếng 99.99%)",TP. Hồ Chí Minh,65900000,66900000,6590000,6690000,66400000,6640000,1000000,Giavang Archive
2022-10-13,08:25,"Vàng SJC 1L, 10L, 1KG (Vàng miếng 99.99%)",TP. Hồ Chí Minh,66000000,67000000,6600000,6700000,66500000,6650000,1000000,Giavang Archive
2022-10-14,09:00,"Vàng SJC 1L, 10L, 1KG (Vàng miếng 99.99%)",TP. Hồ Chí Minh,66200000,67200000,6620000,6720000,66700000,6670000,1000000,Giavang Archive
2022-10-15,08:20,"Vàng SJC 1L, 10L, 1KG (Vàng miếng 99.99%)",TP. Hồ Chí Minh,65900000,66900000,6590000,6690000,66400000,6640000,1000000,Giavang Archive
2022-10-16,08:20,"Vàng SJC 1L, 10L, 1KG (Vàng miếng 99.99%)",TP. Hồ Chí Minh,65900000,66900000,6590000,6690000,66400000,6640000,1000000,Giavang Archive
2022-10-17,10:15,"Vàng SJC 1L, 10L, 1KG (Vàng miếng 99.99%)",TP. Hồ Chí Minh,66000000,67000000,6600000,6700000,66500000,6650000,1000000,Giavang Archive
2022-10-18,08:35,"Vàng SJC 1L, 10L, 1KG (Vàng miếng 99.99%)",TP. Hồ Chí Minh,66100000,67100000,6610000,6710000,66600000,6660000,1000000,Giavang Archive
2022-10-19,09:40,"Vàng SJC 1L, 10L, 1KG (Vàng miếng 99.99%)",TP. Hồ Chí Minh,66000000,67000000,6600000,6700000,66500000,6650000,1000000,Giavang Archive
2022-10-20,08:20,"Vàng SJC 1L, 10L, 1KG (Vàng miếng 99.99%)",TP. Hồ Chí Minh,66200000,67200000,6620000,6720000,66700000,6670000,1000000,Giavang Archive
2022-10-21,08:40,"Vàng SJC 1L, 10L, 1KG (Vàng miếng 99.99%)",TP. Hồ Chí Minh,66300000,67300000,6630000,6730000,66800000,6680000,1000000,Giavang Archive
2022-10-22,08:35,"Vàng SJC 1L, 10L, 1KG (Vàng miếng 99.99%)",TP. Hồ Chí Minh,66500000,67500000,6650000,6750000,67000000,6700000,1000000,Giavang Archive
2022-10-23,08:35,"Vàng SJC 1L, 10L, 1KG (Vàng miếng 99.99%)",TP. Hồ Chí Minh,66500000,67500000,6650000,6750000,67000000,6700000,1000000,Giavang Archive
2022-10-24,08:35,"Vàng SJC 1L, 10L, 1KG (Vàng miếng 99.99%)",TP. Hồ Chí Minh,66300000,67300000,6630000,6730000,66800000,6680000,1000000,Giavang Archive
2022-10-25,08:30,"Vàng SJC 1L, 10L, 1KG (Vàng miếng 99.99%)",TP. Hồ Chí Minh,66200000,67200000,6620000,6720000,66700000,6670000,1000000,Giavang Archive
2022-10-26,08:35,"Vàng SJC 1L, 10L, 1KG (Vàng miếng 99.99%)",TP. Hồ Chí Minh,66400000,67400000,6640000,6740000,66900000,6690000,1000000,Giavang Archive
2022-10-27,09:35,"Vàng SJC 1L, 10L, 1KG (Vàng miếng 99.99%)",TP. Hồ Chí Minh,66200000,67200000,6620000,6720000,66700000,6670000,1000000,Giavang Archive
2022-10-28,13:50,"Vàng SJC 1L, 10L, 1KG (Vàng miếng 99.99%)",TP. Hồ Chí Minh,66100000,67100000,6610000,6710000,66600000,6660000,1000000,Giavang Archive
2022-10-29,08:40,"Vàng SJC 1L, 10L, 1KG (Vàng miếng 99.99%)",TP. Hồ Chí Minh,66100000,67100000,6610000,6710000,66600000,6660000,1000000,Giavang Archive
2022-10-30,08:40,"Vàng SJC 1L, 10L, 1KG (Vàng miếng 99.99%)",TP. Hồ Chí Minh,66100000,67100000,6610000,6710000,66600000,6660000,1000000,Giavang Archive
2022-10-31,14:20,"Vàng SJC 1L, 10L, 1KG (Vàng miếng 99.99%)",TP. Hồ Chí Minh,66000000,67000000,6600000,6700000,66500000,6650000,1000000,Giavang Archive
2022-11-01,08:50,"Vàng SJC 1L, 10L, 1KG (Vàng miếng 99.99%)",TP. Hồ Chí Minh,66100000,67100000,6610000,6710000,66600000,6660000,1000000,Giavang Archive
2022-11-02,08:35,"Vàng SJC 1L, 10L, 1KG (Vàng miếng 99.99%)",TP. Hồ Chí Minh,66200000,67200000,6620000,6720000,66700000,6670000,1000000,Giavang Archive
2022-11-03,14:55,"Vàng SJC 1L, 10L, 1KG (Vàng miếng 99.99%)",TP. Hồ Chí Minh,66000000,67000000,6600000,6700000,66500000,6650000,1000000,Giavang Archive
2022-11-04,14:55,"Vàng SJC 1L, 10L, 1KG (Vàng miếng 99.99%)",TP. Hồ Chí Minh,66300000,67300000,6630000,6730000,66800000,6680000,1000000,Giavang Archive
2022-11-05,08:30,"Vàng SJC 1L, 10L, 1KG (Vàng miếng 99.99%)",TP. Hồ Chí Minh,66700000,67700000,6670000,6770000,67200000,6720000,1000000,Giavang Archive
2022-11-06,08:30,"Vàng SJC 1L, 10L, 1KG (Vàng miếng 99.99%)",TP. Hồ Chí Minh,66700000,67700000,6670000,6770000,67200000,6720000,1000000,Giavang Archive
2022-11-07,08:35,"Vàng SJC 1L, 10L, 1KG (Vàng miếng 99.99%)",TP. Hồ Chí Minh,66300000,67300000,6630000,6730000,66800000,6680000,1000000,Giavang Archive
2022-11-08,11:05,"Vàng SJC 1L, 10L, 1KG (Vàng miếng 99.99%)",TP. Hồ Chí Minh,66200000,67200000,6620000,6720000,66700000,6670000,1000000,Giavang Archive
2022-11-09,08:45,"Vàng SJC 1L, 10L, 1KG (Vàng miếng 99.99%)",TP. Hồ Chí Minh,66500000,67500000,6650000,6750000,67000000,6700000,1000000,Giavang Archive
2022-11-10,08:10,"Vàng SJC 1L, 10L, 1KG (Vàng miếng 99.99%)",TP. Hồ Chí Minh,66300000,67300000,6630000,6730000,66800000,6680000,1000000,Giavang Archive
2022-11-11,08:35,"Vàng SJC 1L, 10L, 1KG (Vàng miếng 99.99%)",TP. Hồ Chí Minh,66600000,67600000,6660000,6760000,67100000,6710000,1000000,Giavang Archive
2022-11-12,08:30,"Vàng SJC 1L, 10L, 1KG (Vàng miếng 99.99%)",TP. Hồ Chí Minh,66600000,67600000,6660000,6760000,67100000,6710000,1000000,Giavang Archive
2022-11-13,08:30,"Vàng SJC 1L, 10L, 1KG (Vàng miếng 99.99%)",TP. Hồ Chí Minh,66600000,67600000,6660000,6760000,67100000,6710000,1000000,Giavang Archive
2022-11-14,08:30,"Vàng SJC 1L, 10L, 1KG (Vàng miếng 99.99%)",TP. Hồ Chí Minh,66500000,67500000,6650000,6750000,67000000,6700000,1000000,Giavang Archive
2022-11-15,08:30,"Vàng SJC 1L, 10L, 1KG (Vàng miếng 99.99%)",TP. Hồ Chí Minh,66700000,67700000,6670000,6770000,67200000,6720000,1000000,Giavang Archive
2022-11-16,08:25,"Vàng SJC 1L, 10L, 1KG (Vàng miếng 99.99%)",TP. Hồ Chí Minh,66700000,67700000,6670000,6770000,67200000,6720000,1000000,Giavang Archive
2022-11-17,08:50,"Vàng SJC 1L, 10L, 1KG (Vàng miếng 99.99%)",TP. Hồ Chí Minh,66700000,67700000,6670000,6770000,67200000,6720000,1000000,Giavang Archive
2022-11-18,11:35,"Vàng SJC 1L, 10L, 1KG (Vàng miếng 99.99%)",TP. Hồ Chí Minh,66600000,67600000,6660000,6760000,67100000,6710000,1000000,Giavang Archive
2022-11-19,09:15,"Vàng SJC 1L, 10L, 1KG (Vàng miếng 99.99%)",TP. Hồ Chí Minh,66600000,67600000,6660000,6760000,67100000,6710000,1000000,Giavang Archive
2022-11-20,09:15,"Vàng SJC 1L, 10L, 1KG (Vàng miếng 99.99%)",TP. Hồ Chí Minh,66600000,67600000,6660000,6760000,67100000,6710000,1000000,Giavang Archive
2022-11-21,08:25,"Vàng SJC 1L, 10L, 1KG (Vàng miếng 99.99%)",TP. Hồ Chí Minh,66500000,67500000,6650000,6750000,67000000,6700000,1000000,Giavang Archive
2022-11-22,09:00,"Vàng SJC 1L, 10L, 1KG (Vàng miếng 99.99%)",TP. Hồ Chí Minh,66500000,67500000,6650000,6750000,67000000,6700000,1000000,Giavang Archive
2022-11-23,14:50,"Vàng SJC 1L, 10L, 1KG (Vàng miếng 99.99%)",TP. Hồ Chí Minh,66500000,67500000,6650000,6750000,67000000,6700000,1000000,Giavang Archive
2022-11-24,14:55,"Vàng SJC 1L, 10L, 1KG (Vàng miếng 99.99%)",TP. Hồ Chí Minh,66600000,67600000,6660000,6760000,67100000,6710000,1000000,Giavang Archive
2022-11-25,08:30,"Vàng SJC 1L, 10L, 1KG (Vàng miếng 99.99%)",TP. Hồ Chí Minh,66700000,67700000,6670000,6770000,67200000,6720000,1000000,Giavang Archive
2022-11-26,08:30,"Vàng SJC 1L, 10L, 1KG (Vàng miếng 99.99%)",TP. Hồ Chí Minh,66600000,67600000,6660000,6760000,67100000,6710000,1000000,Giavang Archive
2022-11-27,08:30,"Vàng SJC 1L, 10L, 1KG (Vàng miếng 99.99%)",TP. Hồ Chí Minh,66600000,67600000,6660000,6760000,67100000,6710000,1000000,Giavang Archive
2022-11-28,09:25,"Vàng SJC 1L, 10L, 1KG (Vàng miếng 99.99%)",TP. Hồ Chí Minh,66650000,67450000,6665000,6745000,67050000,6705000,800000,Giavang Archive
2022-11-29,08:30,"Vàng SJC 1L, 10L, 1KG (Vàng miếng 99.99%)",TP. Hồ Chí Minh,66500000,67300000,6650000,6730000,66900000,6690000,800000,Giavang Archive
2022-11-30,08:40,"Vàng SJC 1L, 10L, 1KG (Vàng miếng 99.99%)",TP. Hồ Chí Minh,66500000,67300000,6650000,6730000,66900000,6690000,800000,Giavang Archive
2022-12-01,08:30,"Vàng SJC 1L, 10L, 1KG (Vàng miếng 99.99%)",TP. Hồ Chí Minh,66350000,67150000,6635000,6715000,66750000,6675000,800000,Giavang Archive
2022-12-02,09:10,"Vàng SJC 1L, 10L, 1KG (Vàng miếng 99.99%)",TP. Hồ Chí Minh,66200000,67000000,6620000,6700000,66600000,6660000,800000,Giavang Archive
2022-12-03,08:35,"Vàng SJC 1L, 10L, 1KG (Vàng miếng 99.99%)",TP. Hồ Chí Minh,66150000,66950000,6615000,6695000,66550000,6655000,800000,Giavang Archive
2022-12-04,08:35,"Vàng SJC 1L, 10L, 1KG (Vàng miếng 99.99%)",TP. Hồ Chí Minh,66150000,66950000,6615000,6695000,66550000,6655000,800000,Giavang Archive
2022-12-05,08:15,"Vàng SJC 1L, 10L, 1KG (Vàng miếng 99.99%)",TP. Hồ Chí Minh,66250000,67050000,6625000,6705000,66650000,6665000,800000,Giavang Archive
2022-12-06,08:30,"Vàng SJC 1L, 10L, 1KG (Vàng miếng 99.99%)",TP. Hồ Chí Minh,66350000,67150000,6635000,6715000,66750000,6675000,800000,Giavang Archive
2022-12-07,09:20,"Vàng SJC 1L, 10L, 1KG (Vàng miếng 99.99%)",TP. Hồ Chí Minh,66100000,66900000,6610000,6690000,66500000,6650000,800000,Giavang Archive
2022-12-08,09:10,"Vàng SJC 1L, 10L, 1KG (Vàng miếng 99.99%)",TP. Hồ Chí Minh,66350000,67150000,6635000,6715000,66750000,6675000,800000,Giavang Archive
2022-12-09,08:35,"Vàng SJC 1L, 10L, 1KG (Vàng miếng 99.99%)",TP. Hồ Chí Minh,66300000,67100000,6630000,6710000,66700000,6670000,800000,Giavang Archive
2022-12-10,08:30,"Vàng SJC 1L, 10L, 1KG (Vàng miếng 99.99%)",TP. Hồ Chí Minh,66450000,67250000,6645000,6725000,66850000,6685000,800000,Giavang Archive
2022-12-11,08:30,"Vàng SJC 1L, 10L, 1KG (Vàng miếng 99.99%)",TP. Hồ Chí Minh,66450000,67250000,6645000,6725000,66850000,6685000,800000,Giavang Archive
2022-12-12,08:25,"Vàng SJC 1L, 10L, 1KG (Vàng miếng 99.99%)",TP. Hồ Chí Minh,66400000,67200000,6640000,6720000,66800000,6680000,800000,Giavang Archive
2022-12-13,09:35,"Vàng SJC 1L, 10L, 1KG (Vàng miếng 99.99%)",TP. Hồ Chí Minh,66100000,66900000,6610000,6690000,66500000,6650000,800000,Giavang Archive
2022-12-14,08:35,"Vàng SJC 1L, 10L, 1KG (Vàng miếng 99.99%)",TP. Hồ Chí Minh,66200000,67000000,6620000,6700000,66600000,6660000,800000,Giavang Archive
2022-12-15,08:55,"Vàng SJC 1L, 10L, 1KG (Vàng miếng 99.99%)",TP. Hồ Chí Minh,66000000,66800000,6600000,6680000,66400000,6640000,800000,Giavang Archive
2022-12-16,08:30,"Vàng SJC 1L, 10L, 1KG (Vàng miếng 99.99%)",TP. Hồ Chí Minh,66100000,66900000,6610000,6690000,66500000,6650000,800000,Giavang Archive
2022-12-17,08:30,"Vàng SJC 1L, 10L, 1KG (Vàng miếng 99.99%)",TP. Hồ Chí Minh,66200000,67000000,6620000,6700000,66600000,6660000,800000,Giavang Archive
2022-12-18,08:30,"Vàng SJC 1L, 10L, 1KG (Vàng miếng 99.99%)",TP. Hồ Chí Minh,66200000,67000000,6620000,6700000,66600000,6660000,800000,Giavang Archive
2022-12-19,10:15,"Vàng SJC 1L, 10L, 1KG (Vàng miếng 99.99%)",TP. Hồ Chí Minh,66200000,67000000,6620000,6700000,66600000,6660000,800000,Giavang Archive
2022-12-20,08:30,"Vàng SJC 1L, 10L, 1KG (Vàng miếng 99.99%)",TP. Hồ Chí Minh,66400000,67200000,6640000,6720000,66800000,6680000,800000,Giavang Archive
2022-12-21,08:25,"Vàng SJC 1L, 10L, 1KG (Vàng miếng 99.99%)",TP. Hồ Chí Minh,66000000,66800000,6600000,6680000,66400000,6640000,800000,Giavang Archive
2022-12-22,09:35,"Vàng SJC 1L, 10L, 1KG (Vàng miếng 99.99%)",TP. Hồ Chí Minh,66100000,66900000,6610000,6690000,66500000,6650000,800000,Giavang Archive
2022-12-23,08:30,"Vàng SJC 1L, 10L, 1KG (Vàng miếng 99.99%)",TP. Hồ Chí Minh,66100000,66900000,6610000,6690000,66500000,6650000,800000,Giavang Archive
2022-12-24,10:30,"Vàng SJC 1L, 10L, 1KG (Vàng miếng 99.99%)",TP. Hồ Chí Minh,66150000,66950000,6615000,6695000,66550000,6655000,800000,Giavang Archive
2022-12-25,10:30,"Vàng SJC 1L, 10L, 1KG (Vàng miếng 99.99%)",TP. Hồ Chí Minh,66150000,66950000,6615000,6695000,66550000,6655000,800000,Giavang Archive
2022-12-26,09:45,"Vàng SJC 1L, 10L, 1KG (Vàng miếng 99.99%)",TP. Hồ Chí Minh,66100000,66900000,6610000,6690000,66500000,6650000,800000,Giavang Archive
2022-12-27,08:40,"Vàng SJC 1L, 10L, 1KG (Vàng miếng 99.99%)",TP. Hồ Chí Minh,65800000,66600000,6580000,6660000,66200000,6620000,800000,Giavang Archive
2022-12-28,09:05,"Vàng SJC 1L, 10L, 1KG (Vàng miếng 99.99%)",TP. Hồ Chí Minh,65900000,66700000,6590000,6670000,66300000,6630000,800000,Giavang Archive
2022-12-29,08:50,"Vàng SJC 1L, 10L, 1KG (Vàng miếng 99.99%)",TP. Hồ Chí Minh,65900000,66700000,6590000,6670000,66300000,6630000,800000,Giavang Archive
2022-12-30,08:30,"Vàng SJC 1L, 10L, 1KG (Vàng miếng 99.99%)",TP. Hồ Chí Minh,65900000,66700000,6590000,6670000,66300000,6630000,800000,Giavang Archive
2022-12-31,08:30,"Vàng SJC 1L, 10L, 1KG (Vàng miếng 99.99%)",TP. Hồ Chí Minh,66000000,67000000,6600000,6700000,66500000,6650000,1000000,Giavang Archive
2023-01-01,08:30,"Vàng SJC 1L, 10L, 1KG (Vàng miếng 99.99%)",TP. Hồ Chí Minh,66000000,67000000,6600000,6700000,66500000,6650000,1000000,Giavang Archive
2023-01-02,08:30,"Vàng SJC 1L, 10L, 1KG (Vàng miếng 99.99%)",TP. Hồ Chí Minh,66000000,67000000,6600000,6700000,66500000,6650000,1000000,Giavang Archive
2023-01-03,09:45,"Vàng SJC 1L, 10L, 1KG (Vàng miếng 99.99%)",TP. Hồ Chí Minh,66300000,67100000,6630000,6710000,66700000,6670000,800000,Giavang Archive
2023-01-04,08:35,"Vàng SJC 1L, 10L, 1KG (Vàng miếng 99.99%)",TP. Hồ Chí Minh,66500000,67300000,6650000,6730000,66900000,6690000,800000,Giavang Archive
2023-01-05,08:40,"Vàng SJC 1L, 10L, 1KG (Vàng miếng 99.99%)",TP. Hồ Chí Minh,66200000,67000000,6620000,6700000,66600000,6660000,800000,Giavang Archive
2023-01-06,08:55,"Vàng SJC 1L, 10L, 1KG (Vàng miếng 99.99%)",TP. Hồ Chí Minh,66300000,67100000,6630000,6710000,66700000,6670000,800000,Giavang Archive
2023-01-07,08:35,"Vàng SJC 1L, 10L, 1KG (Vàng miếng 99.99%)",TP. Hồ Chí Minh,66450000,67250000,6645000,6725000,66850000,6685000,800000,Giavang Archive
2023-01-08,08:35,"Vàng SJC 1L, 10L, 1KG (Vàng miếng 99.99%)",TP. Hồ Chí Minh,66450000,67250000,6645000,6725000,66850000,6685000,800000,Giavang Archive
2023-01-09,08:55,"Vàng SJC 1L, 10L, 1KG (Vàng miếng 99.99%)",TP. Hồ Chí Minh,66000000,66800000,6600000,6680000,66400000,6640000,800000,Giavang Archive
2023-01-10,08:40,"Vàng SJC 1L, 10L, 1KG (Vàng miếng 99.99%)",TP. Hồ Chí Minh,66100000,66900000,6610000,6690000,66500000,6650000,800000,Giavang Archive
2023-01-11,10:25,"Vàng SJC 1L, 10L, 1KG (Vàng miếng 99.99%)",TP. Hồ Chí Minh,66150000,66950000,6615000,6695000,66550000,6655000,800000,Giavang Archive
2023-01-12,11:10,"Vàng SJC 1L, 10L, 1KG (Vàng miếng 99.99%)",TP. Hồ Chí Minh,66200000,67000000,6620000,6700000,66600000,6660000,800000,Giavang Archive
2023-01-13,08:30,"Vàng SJC 1L, 10L, 1KG (Vàng miếng 99.99%)",TP. Hồ Chí Minh,66500000,67300000,6650000,6730000,66900000,6690000,800000,Giavang Archive
2023-01-14,08:35,"Vàng SJC 1L, 10L, 1KG (Vàng miếng 99.99%)",TP. Hồ Chí Minh,66400000,67400000,6640000,6740000,66900000,6690000,1000000,Giavang Archive
2023-01-15,08:35,"Vàng SJC 1L, 10L, 1KG (Vàng miếng 99.99%)",TP. Hồ Chí Minh,66400000,67400000,6640000,6740000,66900000,6690000,1000000,Giavang Archive
2023-01-16,08:25,"Vàng SJC 1L, 10L, 1KG (Vàng miếng 99.99%)",TP. Hồ Chí Minh,66400000,67200000,6640000,6720000,66800000,6680000,800000,Giavang Archive
2023-01-17,08:40,"Vàng SJC 1L, 10L, 1KG (Vàng miếng 99.99%)",TP. Hồ Chí Minh,66700000,67500000,6670000,6750000,67100000,6710000,800000,Giavang Archive
2023-01-18,11:15,"Vàng SJC 1L, 10L, 1KG (Vàng miếng 99.99%)",TP. Hồ Chí Minh,66800000,67600000,6680000,6760000,67200000,6720000,800000,Giavang Archive
2023-01-19,10:50,"Vàng SJC 1L, 10L, 1KG (Vàng miếng 99.99%)",TP. Hồ Chí Minh,66900000,67900000,6690000,6790000,67400000,6740000,1000000,Giavang Archive
2023-01-20,10:50,"Vàng SJC 1L, 10L, 1KG (Vàng miếng 99.99%)",TP. Hồ Chí Minh,66900000,67900000,6690000,6790000,67400000,6740000,1000000,Giavang Archive
2023-01-21,10:50,"Vàng SJC 1L, 10L, 1KG (Vàng miếng 99.99%)",TP. Hồ Chí Minh,66900000,67900000,6690000,6790000,67400000,6740000,1000000,Giavang Archive
2023-01-22,10:50,"Vàng SJC 1L, 10L, 1KG (Vàng miếng 99.99%)",TP. Hồ Chí Minh,66900000,67900000,6690000,6790000,67400000,6740000,1000000,Giavang Archive
2023-01-23,10:50,"Vàng SJC 1L, 10L, 1KG (Vàng miếng 99.99%)",TP. Hồ Chí Minh,66900000,67900000,6690000,6790000,67400000,6740000,1000000,Giavang Archive
2023-01-24,10:50,"Vàng SJC 1L, 10L, 1KG (Vàng miếng 99.99%)",TP. Hồ Chí Minh,66900000,67900000,6690000,6790000,67400000,6740000,1000000,Giavang Archive
2023-01-25,10:50,"Vàng SJC 1L, 10L, 1KG (Vàng miếng 99.99%)",TP. Hồ Chí Minh,66900000,67900000,6690000,6790000,67400000,6740000,1000000,Giavang Archive
2023-01-26,10:50,"Vàng SJC 1L, 10L, 1KG (Vàng miếng 99.99%)",TP. Hồ Chí Minh,66900000,67900000,6690000,6790000,67400000,6740000,1000000,Giavang Archive
2023-01-27,08:40,"Vàng SJC 1L, 10L, 1KG (Vàng miếng 99.99%)",TP. Hồ Chí Minh,67500000,68500000,6750000,6850000,68000000,6800000,1000000,Giavang Archive
2023-01-28,08:35,"Vàng SJC 1L, 10L, 1KG (Vàng miếng 99.99%)",TP. Hồ Chí Minh,67400000,68400000,6740000,6840000,67900000,6790000,1000000,Giavang Archive
2023-01-29,09:20,"Vàng SJC 1L, 10L, 1KG (Vàng miếng 99.99%)",TP. Hồ Chí Minh,67200000,68200000,6720000,6820000,67700000,6770000,1000000,Giavang Archive
2023-01-30,08:20,"Vàng SJC 1L, 10L, 1KG (Vàng miếng 99.99%)",TP. Hồ Chí Minh,66400000,67400000,6640000,6740000,66900000,6690000,1000000,Giavang Archive
2023-01-31,16:45,"Vàng SJC 1L, 10L, 1KG (Vàng miếng 99.99%)",TP. Hồ Chí Minh,66200000,67600000,6620000,6760000,66900000,6690000,1400000,Giavang Archive
2023-02-01,13:50,"Vàng SJC 1L, 10L, 1KG (Vàng miếng 99.99%)",TP. Hồ Chí Minh,66600000,67400000,6660000,6740000,67000000,6700000,800000,Giavang Archive
2023-02-02,08:30,"Vàng SJC 1L, 10L, 1KG (Vàng miếng 99.99%)",TP. Hồ Chí Minh,67000000,67800000,6700000,6780000,67400000,6740000,800000,Giavang Archive
2023-02-03,08:35,"Vàng SJC 1L, 10L, 1KG (Vàng miếng 99.99%)",TP. Hồ Chí Minh,66700000,67500000,6670000,6750000,67100000,6710000,800000,Giavang Archive
2023-02-04,08:50,"Vàng SJC 1L, 10L, 1KG (Vàng miếng 99.99%)",TP. Hồ Chí Minh,66400000,67400000,6640000,6740000,66900000,6690000,1000000,Giavang Archive
2023-02-05,08:50,"Vàng SJC 1L, 10L, 1KG (Vàng miếng 99.99%)",TP. Hồ Chí Minh,66400000,67400000,6640000,6740000,66900000,6690000,1000000,Giavang Archive
2023-02-06,11:55,"Vàng SJC 1L, 10L, 1KG (Vàng miếng 99.99%)",TP. Hồ Chí Minh,66400000,67200000,6640000,6720000,66800000,6680000,800000,Giavang Archive
2023-02-07,09:00,"Vàng SJC 1L, 10L, 1KG (Vàng miếng 99.99%)",TP. Hồ Chí Minh,66550000,67350000,6655000,6735000,66950000,6695000,800000,Giavang Archive
2023-02-08,08:30,"Vàng SJC 1L, 10L, 1KG (Vàng miếng 99.99%)",TP. Hồ Chí Minh,66700000,67500000,6670000,6750000,67100000,6710000,800000,Giavang Archive
2023-02-09,08:25,"Vàng SJC 1L, 10L, 1KG (Vàng miếng 99.99%)",TP. Hồ Chí Minh,66550000,67350000,6655000,6735000,66950000,6695000,800000,Giavang Archive
2023-02-10,08:20,"Vàng SJC 1L, 10L, 1KG (Vàng miếng 99.99%)",TP. Hồ Chí Minh,66500000,67300000,6650000,6730000,66900000,6690000,800000,Giavang Archive
2023-02-11,08:30,"Vàng SJC 1L, 10L, 1KG (Vàng miếng 99.99%)",TP. Hồ Chí Minh,66600000,67400000,6660000,6740000,67000000,6700000,800000,Giavang Archive
2023-02-12,08:30,"Vàng SJC 1L, 10L, 1KG (Vàng miếng 99.99%)",TP. Hồ Chí Minh,66600000,67400000,6660000,6740000,67000000,6700000,800000,Giavang Archive
2023-02-13,08:20,"Vàng SJC 1L, 10L, 1KG (Vàng miếng 99.99%)",TP. Hồ Chí Minh,66450000,67250000,6645000,6725000,66850000,6685000,800000,Giavang Archive
2023-02-14,08:30,"Vàng SJC 1L, 10L, 1KG (Vàng miếng 99.99%)",TP. Hồ Chí Minh,66600000,67400000,6660000,6740000,67000000,6700000,800000,Giavang Archive
2023-02-15,10:05,"Vàng SJC 1L, 10L, 1KG (Vàng miếng 99.99%)",TP. Hồ Chí Minh,66400000,67200000,6640000,6720000,66800000,6680000,800000,Giavang Archive
2023-02-16,08:35,"Vàng SJC 1L, 10L, 1KG (Vàng miếng 99.99%)",TP. Hồ Chí Minh,66350000,67150000,6635000,6715000,66750000,6675000,800000,Giavang Archive
2023-02-17,08:45,"Vàng SJC 1L, 10L, 1KG (Vàng miếng 99.99%)",TP. Hồ Chí Minh,66250000,67050000,6625000,6705000,66650000,6665000,800000,Giavang Archive
2023-02-18,08:55,"Vàng SJC 1L, 10L, 1KG (Vàng miếng 99.99%)",TP. Hồ Chí Minh,66300000,67100000,6630000,6710000,66700000,6670000,800000,Giavang Archive
2023-02-19,08:55,"Vàng SJC 1L, 10L, 1KG (Vàng miếng 99.99%)",TP. Hồ Chí Minh,66300000,67100000,6630000,6710000,66700000,6670000,800000,Giavang Archive
2023-02-20,09:30,"Vàng SJC 1L, 10L, 1KG (Vàng miếng 99.99%)",TP. Hồ Chí Minh,66300000,67100000,6630000,6710000,66700000,6670000,800000,Giavang Archive
2023-02-21,08:30,"Vàng SJC 1L, 10L, 1KG (Vàng miếng 99.99%)",TP. Hồ Chí Minh,66200000,67000000,6620000,6700000,66600000,6660000,800000,Giavang Archive
2023-02-22,08:30,"Vàng SJC 1L, 10L, 1KG (Vàng miếng 99.99%)",TP. Hồ Chí Minh,66300000,67100000,6630000,6710000,66700000,6670000,800000,Giavang Archive
2023-02-23,08:20,"Vàng SJC 1L, 10L, 1KG (Vàng miếng 99.99%)",TP. Hồ Chí Minh,66300000,67000000,6630000,6700000,66650000,6665000,700000,Giavang Archive
2023-02-24,08:35,"Vàng SJC 1L, 10L, 1KG (Vàng miếng 99.99%)",TP. Hồ Chí Minh,66300000,67000000,6630000,6700000,66650000,6665000,700000,Giavang Archive
2023-02-25,08:35,"Vàng SJC 1L, 10L, 1KG (Vàng miếng 99.99%)",TP. Hồ Chí Minh,66100000,66900000,6610000,6690000,66500000,6650000,800000,Giavang Archive
2023-02-26,08:35,"Vàng SJC 1L, 10L, 1KG (Vàng miếng 99.99%)",TP. Hồ Chí Minh,66100000,66900000,6610000,6690000,66500000,6650000,800000,Giavang Archive
2023-02-27,09:00,"Vàng SJC 1L, 10L, 1KG (Vàng miếng 99.99%)",TP. Hồ Chí Minh,66050000,66750000,6605000,6675000,66400000,6640000,700000,Giavang Archive
2023-02-28,09:00,"Vàng SJC 1L, 10L, 1KG (Vàng miếng 99.99%)",TP. Hồ Chí Minh,66100000,66800000,6610000,6680000,66450000,6645000,700000,Giavang Archive
2023-03-01,09:00,"Vàng SJC 1L, 10L, 1KG (Vàng miếng 99.99%)",TP. Hồ Chí Minh,66250000,66950000,6625000,6695000,66600000,6660000,700000,Giavang Archive
2023-03-02,12:37,"Vàng SJC 1L, 10L, 1KG (Vàng miếng 99.99%)",TP. Hồ Chí Minh,66150000,66850000,6615000,6685000,66500000,6650000,700000,Giavang Archive
2023-03-03,08:20,"Vàng SJC 1L, 10L, 1KG (Vàng miếng 99.99%)",TP. Hồ Chí Minh,66100000,66800000,6610000,6680000,66450000,6645000,700000,Giavang Archive
2023-03-04,08:30,"Vàng SJC 1L, 10L, 1KG (Vàng miếng 99.99%)",TP. Hồ Chí Minh,66200000,66900000,6620000,6690000,66550000,6655000,700000,Giavang Archive
2023-03-05,08:30,"Vàng SJC 1L, 10L, 1KG (Vàng miếng 99.99%)",TP. Hồ Chí Minh,66200000,66900000,6620000,6690000,66550000,6655000,700000,Giavang Archive
2023-03-06,08:25,"Vàng SJC 1L, 10L, 1KG (Vàng miếng 99.99%)",TP. Hồ Chí Minh,66150000,66850000,6615000,6685000,66500000,6650000,700000,Giavang Archive
2023-03-07,08:30,"Vàng SJC 1L, 10L, 1KG (Vàng miếng 99.99%)",TP. Hồ Chí Minh,66000000,66700000,6600000,6670000,66350000,6635000,700000,Giavang Archive
2023-03-08,08:30,"Vàng SJC 1L, 10L, 1KG (Vàng miếng 99.99%)",TP. Hồ Chí Minh,65850000,66550000,6585000,6655000,66200000,6620000,700000,Giavang Archive
2023-03-09,08:25,"Vàng SJC 1L, 10L, 1KG (Vàng miếng 99.99%)",TP. Hồ Chí Minh,65850000,66550000,6585000,6655000,66200000,6620000,700000,Giavang Archive
2023-03-10,08:25,"Vàng SJC 1L, 10L, 1KG (Vàng miếng 99.99%)",TP. Hồ Chí Minh,65850000,66550000,6585000,6655000,66200000,6620000,700000,Giavang Archive
2023-03-11,08:25,"Vàng SJC 1L, 10L, 1KG (Vàng miếng 99.99%)",TP. Hồ Chí Minh,66000000,66800000,6600000,6680000,66400000,6640000,800000,Giavang Archive
2023-03-12,08:25,"Vàng SJC 1L, 10L, 1KG (Vàng miếng 99.99%)",TP. Hồ Chí Minh,66000000,66800000,6600000,6680000,66400000,6640000,800000,Giavang Archive
2023-03-13,08:25,"Vàng SJC 1L, 10L, 1KG (Vàng miếng 99.99%)",TP. Hồ Chí Minh,66300000,67000000,6630000,6700000,66650000,6665000,700000,Giavang Archive
2023-03-14,08:45,"Vàng SJC 1L, 10L, 1KG (Vàng miếng 99.99%)",TP. Hồ Chí Minh,66150000,66850000,6615000,6685000,66500000,6650000,700000,Giavang Archive
2023-03-15,08:30,"Vàng SJC 1L, 10L, 1KG (Vàng miếng 99.99%)",TP. Hồ Chí Minh,65950000,66650000,6595000,6665000,66300000,6630000,700000,Giavang Archive
2023-03-16,08:25,"Vàng SJC 1L, 10L, 1KG (Vàng miếng 99.99%)",TP. Hồ Chí Minh,66300000,67000000,6630000,6700000,66650000,6665000,700000,Giavang Archive
2023-03-17,09:05,"Vàng SJC 1L, 10L, 1KG (Vàng miếng 99.99%)",TP. Hồ Chí Minh,66450000,67150000,6645000,6715000,66800000,6680000,700000,Giavang Archive
2023-03-18,08:35,"Vàng SJC 1L, 10L, 1KG (Vàng miếng 99.99%)",TP. Hồ Chí Minh,66600000,67500000,6660000,6750000,67050000,6705000,900000,Giavang Archive
2023-03-19,08:35,"Vàng SJC 1L, 10L, 1KG (Vàng miếng 99.99%)",TP. Hồ Chí Minh,66600000,67500000,6660000,6750000,67050000,6705000,900000,Giavang Archive
2023-03-20,08:20,"Vàng SJC 1L, 10L, 1KG (Vàng miếng 99.99%)",TP. Hồ Chí Minh,66900000,67600000,6690000,6760000,67250000,6725000,700000,Giavang Archive
2023-03-21,09:00,"Vàng SJC 1L, 10L, 1KG (Vàng miếng 99.99%)",TP. Hồ Chí Minh,66600000,67300000,6660000,6730000,66950000,6695000,700000,Giavang Archive
2023-03-22,08:30,"Vàng SJC 1L, 10L, 1KG (Vàng miếng 99.99%)",TP. Hồ Chí Minh,66450000,67150000,6645000,6715000,66800000,6680000,700000,Giavang Archive
2023-03-23,08:30,"Vàng SJC 1L, 10L, 1KG (Vàng miếng 99.99%)",TP. Hồ Chí Minh,66550000,67250000,6655000,6725000,66900000,6690000,700000,Giavang Archive
2023-03-24,08:30,"Vàng SJC 1L, 10L, 1KG (Vàng miếng 99.99%)",TP. Hồ Chí Minh,66650000,67350000,6665000,6735000,67000000,6700000,700000,Giavang Archive
2023-03-25,08:30,"Vàng SJC 1L, 10L, 1KG (Vàng miếng 99.99%)",TP. Hồ Chí Minh,66600000,67300000,6660000,6730000,66950000,6695000,700000,Giavang Archive
2023-03-26,08:30,"Vàng SJC 1L, 10L, 1KG (Vàng miếng 99.99%)",TP. Hồ Chí Minh,66600000,67300000,6660000,6730000,66950000,6695000,700000,Giavang Archive
2023-03-27,08:20,"Vàng SJC 1L, 10L, 1KG (Vàng miếng 99.99%)",TP. Hồ Chí Minh,66650000,67350000,6665000,6735000,67000000,6700000,700000,Giavang Archive
2023-03-28,09:05,"Vàng SJC 1L, 10L, 1KG (Vàng miếng 99.99%)",TP. Hồ Chí Minh,66450000,67150000,6645000,6715000,66800000,6680000,700000,Giavang Archive
2023-03-29,09:25,"Vàng SJC 1L, 10L, 1KG (Vàng miếng 99.99%)",TP. Hồ Chí Minh,66450000,67150000,6645000,6715000,66800000,6680000,700000,Giavang Archive
2023-03-30,08:30,"Vàng SJC 1L, 10L, 1KG (Vàng miếng 99.99%)",TP. Hồ Chí Minh,66300000,66900000,6630000,6690000,66600000,6660000,600000,Giavang Archive
2023-03-31,08:30,"Vàng SJC 1L, 10L, 1KG (Vàng miếng 99.99%)",TP. Hồ Chí Minh,66450000,67050000,6645000,6705000,66750000,6675000,600000,Giavang Archive
2023-04-01,08:30,"Vàng SJC 1L, 10L, 1KG (Vàng miếng 99.99%)",TP. Hồ Chí Minh,66250000,66950000,6625000,6695000,66600000,6660000,700000,Giavang Archive
2023-04-02,08:30,"Vàng SJC 1L, 10L, 1KG (Vàng miếng 99.99%)",TP. Hồ Chí Minh,66250000,66950000,6625000,6695000,66600000,6660000,700000,Giavang Archive
2023-04-03,10:00,"Vàng SJC 1L, 10L, 1KG (Vàng miếng 99.99%)",TP. Hồ Chí Minh,66450000,67050000,6645000,6705000,66750000,6675000,600000,Giavang Archive
2023-04-04,08:35,"Vàng SJC 1L, 10L, 1KG (Vàng miếng 99.99%)",TP. Hồ Chí Minh,66450000,67050000,6645000,6705000,66750000,6675000,600000,Giavang Archive
2023-04-05,08:30,"Vàng SJC 1L, 10L, 1KG (Vàng miếng 99.99%)",TP. Hồ Chí Minh,66550000,67150000,6655000,6715000,66850000,6685000,600000,Giavang Archive
2023-04-06,08:30,"Vàng SJC 1L, 10L, 1KG (Vàng miếng 99.99%)",TP. Hồ Chí Minh,66500000,67100000,6650000,6710000,66800000,6680000,600000,Giavang Archive
2023-04-07,08:25,"Vàng SJC 1L, 10L, 1KG (Vàng miếng 99.99%)",TP. Hồ Chí Minh,66450000,67050000,6645000,6705000,66750000,6675000,600000,Giavang Archive
2023-04-08,08:30,"Vàng SJC 1L, 10L, 1KG (Vàng miếng 99.99%)",TP. Hồ Chí Minh,66400000,67100000,6640000,6710000,66750000,6675000,700000,Giavang Archive
2023-04-09,08:30,"Vàng SJC 1L, 10L, 1KG (Vàng miếng 99.99%)",TP. Hồ Chí Minh,66400000,67100000,6640000,6710000,66750000,6675000,700000,Giavang Archive
2023-04-10,08:30,"Vàng SJC 1L, 10L, 1KG (Vàng miếng 99.99%)",TP. Hồ Chí Minh,66450000,67050000,6645000,6705000,66750000,6675000,600000,Giavang Archive
2023-04-11,08:35,"Vàng SJC 1L, 10L, 1KG (Vàng miếng 99.99%)",TP. Hồ Chí Minh,66400000,67000000,6640000,6700000,66700000,6670000,600000,Giavang Archive
2023-04-12,08:45,"Vàng SJC 1L, 10L, 1KG (Vàng miếng 99.99%)",TP. Hồ Chí Minh,66400000,67000000,6640000,6700000,66700000,6670000,600000,Giavang Archive
2023-04-13,09:25,"Vàng SJC 1L, 10L, 1KG (Vàng miếng 99.99%)",TP. Hồ Chí Minh,66500000,67100000,6650000,6710000,66800000,6680000,600000,Giavang Archive
2023-04-14,08:30,"Vàng SJC 1L, 10L, 1KG (Vàng miếng 99.99%)",TP. Hồ Chí Minh,66500000,67100000,6650000,6710000,66800000,6680000,600000,Giavang Archive
2023-04-15,08:30,"Vàng SJC 1L, 10L, 1KG (Vàng miếng 99.99%)",TP. Hồ Chí Minh,66300000,67000000,6630000,6700000,66650000,6665000,700000,Giavang Archive
2023-04-16,08:30,"Vàng SJC 1L, 10L, 1KG (Vàng miếng 99.99%)",TP. Hồ Chí Minh,66300000,67000000,6630000,6700000,66650000,6665000,700000,Giavang Archive
2023-04-17,08:45,"Vàng SJC 1L, 10L, 1KG (Vàng miếng 99.99%)",TP. Hồ Chí Minh,66600000,67200000,6660000,6720000,66900000,6690000,600000,Giavang Archive
2023-04-18,09:00,"Vàng SJC 1L, 10L, 1KG (Vàng miếng 99.99%)",TP. Hồ Chí Minh,66500000,67100000,6650000,6710000,66800000,6680000,600000,Giavang Archive
2023-04-19,10:05,"Vàng SJC 1L, 10L, 1KG (Vàng miếng 99.99%)",TP. Hồ Chí Minh,66350000,66950000,6635000,6695000,66650000,6665000,600000,Giavang Archive
2023-04-20,08:25,"Vàng SJC 1L, 10L, 1KG (Vàng miếng 99.99%)",TP. Hồ Chí Minh,66400000,67000000,6640000,6700000,66700000,6670000,600000,Giavang Archive
2023-04-21,13:35,"Vàng SJC 1L, 10L, 1KG (Vàng miếng 99.99%)",TP. Hồ Chí Minh,66350000,66950000,6635000,6695000,66650000,6665000,600000,Giavang Archive
2023-04-22,08:30,"Vàng SJC 1L, 10L, 1KG (Vàng miếng 99.99%)",TP. Hồ Chí Minh,66350000,67050000,6635000,6705000,66700000,6670000,700000,Giavang Archive
2023-04-23,08:30,"Vàng SJC 1L, 10L, 1KG (Vàng miếng 99.99%)",TP. Hồ Chí Minh,66350000,67050000,6635000,6705000,66700000,6670000,700000,Giavang Archive
2023-04-24,13:45,"Vàng SJC 1L, 10L, 1KG (Vàng miếng 99.99%)",TP. Hồ Chí Minh,66400000,67000000,6640000,6700000,66700000,6670000,600000,Giavang Archive
2023-04-25,10:25,"Vàng SJC 1L, 10L, 1KG (Vàng miếng 99.99%)",TP. Hồ Chí Minh,66450000,67050000,6645000,6705000,66750000,6675000,600000,Giavang Archive
2023-04-26,13:35,"Vàng SJC 1L, 10L, 1KG (Vàng miếng 99.99%)",TP. Hồ Chí Minh,66550000,67150000,6655000,6715000,66850000,6685000,600000,Giavang Archive
2023-04-27,08:25,"Vàng SJC 1L, 10L, 1KG (Vàng miếng 99.99%)",TP. Hồ Chí Minh,66550000,67150000,6655000,6715000,66850000,6685000,600000,Giavang Archive
2023-04-28,08:35,"Vàng SJC 1L, 10L, 1KG (Vàng miếng 99.99%)",TP. Hồ Chí Minh,66600000,67200000,6660000,6720000,66900000,6690000,600000,Giavang Archive
2023-04-29,08:35,"Vàng SJC 1L, 10L, 1KG (Vàng miếng 99.99%)",TP. Hồ Chí Minh,66600000,67200000,6660000,6720000,66900000,6690000,600000,Giavang Archive
2023-04-30,08:35,"Vàng SJC 1L, 10L, 1KG (Vàng miếng 99.99%)",TP. Hồ Chí Minh,66600000,67200000,6660000,6720000,66900000,6690000,600000,Giavang Archive
2023-05-01,08:35,"Vàng SJC 1L, 10L, 1KG (Vàng miếng 99.99%)",TP. Hồ Chí Minh,66600000,67200000,6660000,6720000,66900000,6690000,600000,Giavang Archive
2023-05-02,08:35,"Vàng SJC 1L, 10L, 1KG (Vàng miếng 99.99%)",TP. Hồ Chí Minh,66600000,67200000,6660000,6720000,66900000,6690000,600000,Giavang Archive
2023-05-03,08:30,"Vàng SJC 1L, 10L, 1KG (Vàng miếng 99.99%)",TP. Hồ Chí Minh,66550000,67150000,6655000,6715000,66850000,6685000,600000,Giavang Archive
2023-05-04,08:40,"Vàng SJC 1L, 10L, 1KG (Vàng miếng 99.99%)",TP. Hồ Chí Minh,66600000,67200000,6660000,6720000,66900000,6690000,600000,Giavang Archive
2023-05-05,08:40,"Vàng SJC 1L, 10L, 1KG (Vàng miếng 99.99%)",TP. Hồ Chí Minh,66500000,67100000,6650000,6710000,66800000,6680000,600000,Giavang Archive
2023-05-06,08:20,"Vàng SJC 1L, 10L, 1KG (Vàng miếng 99.99%)",TP. Hồ Chí Minh,66350000,67050000,6635000,6705000,66700000,6670000,700000,Giavang Archive
2023-05-07,08:20,"Vàng SJC 1L, 10L, 1KG (Vàng miếng 99.99%)",TP. Hồ Chí Minh,66350000,67050000,6635000,6705000,66700000,6670000,700000,Giavang Archive
2023-05-08,08:25,"Vàng SJC 1L, 10L, 1KG (Vàng miếng 99.99%)",TP. Hồ Chí Minh,66500000,67100000,6650000,6710000,66800000,6680000,600000,Giavang Archive
2023-05-09,08:30,"Vàng SJC 1L, 10L, 1KG (Vàng miếng 99.99%)",TP. Hồ Chí Minh,66600000,67200000,6660000,6720000,66900000,6690000,600000,Giavang Archive
2023-05-10,08:30,"Vàng SJC 1L, 10L, 1KG (Vàng miếng 99.99%)",TP. Hồ Chí Minh,66500000,67100000,6650000,6710000,66800000,6680000,600000,Giavang Archive
2023-05-11,08:25,"Vàng SJC 1L, 10L, 1KG (Vàng miếng 99.99%)",TP. Hồ Chí Minh,66650000,67250000,6665000,6725000,66950000,6695000,600000,Giavang Archive
2023-05-12,08:25,"Vàng SJC 1L, 10L, 1KG (Vàng miếng 99.99%)",TP. Hồ Chí Minh,66550000,67150000,6655000,6715000,66850000,6685000,600000,Giavang Archive
2023-05-13,08:25,"Vàng SJC 1L, 10L, 1KG (Vàng miếng 99.99%)",TP. Hồ Chí Minh,66550000,67250000,6655000,6725000,66900000,6690000,700000,Giavang Archive
2023-05-14,08:25,"Vàng SJC 1L, 10L, 1KG (Vàng miếng 99.99%)",TP. Hồ Chí Minh,66550000,67250000,6655000,6725000,66900000,6690000,700000,Giavang Archive
2023-05-15,08:20,"Vàng SJC 1L, 10L, 1KG (Vàng miếng 99.99%)",TP. Hồ Chí Minh,66650000,67250000,6665000,6725000,66950000,6695000,600000,Giavang Archive
2023-05-16,10:00,"Vàng SJC 1L, 10L, 1KG (Vàng miếng 99.99%)",TP. Hồ Chí Minh,66550000,67150000,6655000,6715000,66850000,6685000,600000,Giavang Archive
2023-05-17,08:30,"Vàng SJC 1L, 10L, 1KG (Vàng miếng 99.99%)",TP. Hồ Chí Minh,66500000,67100000,6650000,6710000,66800000,6680000,600000,Giavang Archive
2023-05-18,08:25,"Vàng SJC 1L, 10L, 1KG (Vàng miếng 99.99%)",TP. Hồ Chí Minh,66550000,67150000,6655000,6715000,66850000,6685000,600000,Giavang Archive
2023-05-19,08:25,"Vàng SJC 1L, 10L, 1KG (Vàng miếng 99.99%)",TP. Hồ Chí Minh,66650000,67250000,6665000,6725000,66950000,6695000,600000,Giavang Archive
2023-05-20,08:25,"Vàng SJC 1L, 10L, 1KG (Vàng miếng 99.99%)",TP. Hồ Chí Minh,66700000,67400000,6670000,6740000,67050000,6705000,700000,Giavang Archive
2023-05-21,08:25,"Vàng SJC 1L, 10L, 1KG (Vàng miếng 99.99%)",TP. Hồ Chí Minh,66700000,67400000,6670000,6740000,67050000,6705000,700000,Giavang Archive
2023-05-22,09:10,"Vàng SJC 1L, 10L, 1KG (Vàng miếng 99.99%)",TP. Hồ Chí Minh,66600000,67200000,6660000,6720000,66900000,6690000,600000,Giavang Archive
2023-05-23,08:30,"Vàng SJC 1L, 10L, 1KG (Vàng miếng 99.99%)",TP. Hồ Chí Minh,66550000,67150000,6655000,6715000,66850000,6685000,600000,Giavang Archive
2023-05-24,09:55,"Vàng SJC 1L, 10L, 1KG (Vàng miếng 99.99%)",TP. Hồ Chí Minh,66500000,67100000,6650000,6710000,66800000,6680000,600000,Giavang Archive
2023-05-25,08:25,"Vàng SJC 1L, 10L, 1KG (Vàng miếng 99.99%)",TP. Hồ Chí Minh,66500000,67100000,6650000,6710000,66800000,6680000,600000,Giavang Archive
2023-05-26,08:30,"Vàng SJC 1L, 10L, 1KG (Vàng miếng 99.99%)",TP. Hồ Chí Minh,66450000,67050000,6645000,6705000,66750000,6675000,600000,Giavang Archive
2023-05-27,08:35,"Vàng SJC 1L, 10L, 1KG (Vàng miếng 99.99%)",TP. Hồ Chí Minh,66350000,67050000,6635000,6705000,66700000,6670000,700000,Giavang Archive
2023-05-28,08:35,"Vàng SJC 1L, 10L, 1KG (Vàng miếng 99.99%)",TP. Hồ Chí Minh,66350000,67050000,6635000,6705000,66700000,6670000,700000,Giavang Archive
2023-05-29,13:15,"Vàng SJC 1L, 10L, 1KG (Vàng miếng 99.99%)",TP. Hồ Chí Minh,66400000,67000000,6640000,6700000,66700000,6670000,600000,Giavang Archive
2023-05-30,15:30,"Vàng SJC 1L, 10L, 1KG (Vàng miếng 99.99%)",TP. Hồ Chí Minh,66400000,67000000,6640000,6700000,66700000,6670000,600000,Giavang Archive
2023-05-31,08:40,"Vàng SJC 1L, 10L, 1KG (Vàng miếng 99.99%)",TP. Hồ Chí Minh,66450000,67050000,6645000,6705000,66750000,6675000,600000,Giavang Archive
2023-06-01,08:50,"Vàng SJC 1L, 10L, 1KG (Vàng miếng 99.99%)",TP. Hồ Chí Minh,66400000,67000000,6640000,6700000,66700000,6670000,600000,Giavang Archive
2023-06-02,08:30,"Vàng SJC 1L, 10L, 1KG (Vàng miếng 99.99%)",TP. Hồ Chí Minh,66450000,67050000,6645000,6705000,66750000,6675000,600000,Giavang Archive
2023-06-03,08:25,"Vàng SJC 1L, 10L, 1KG (Vàng miếng 99.99%)",TP. Hồ Chí Minh,66350000,67050000,6635000,6705000,66700000,6670000,700000,Giavang Archive
2023-06-04,08:25,"Vàng SJC 1L, 10L, 1KG (Vàng miếng 99.99%)",TP. Hồ Chí Minh,66350000,67050000,6635000,6705000,66700000,6670000,700000,Giavang Archive
2023-06-05,15:05,"Vàng SJC 1L, 10L, 1KG (Vàng miếng 99.99%)",TP. Hồ Chí Minh,66550000,67150000,6655000,6715000,66850000,6685000,600000,Giavang Archive
2023-06-06,08:30,"Vàng SJC 1L, 10L, 1KG (Vàng miếng 99.99%)",TP. Hồ Chí Minh,66400000,67000000,6640000,6700000,66700000,6670000,600000,Giavang Archive
2023-06-07,13:20,"Vàng SJC 1L, 10L, 1KG (Vàng miếng 99.99%)",TP. Hồ Chí Minh,66450000,67050000,6645000,6705000,66750000,6675000,600000,Giavang Archive
2023-06-08,08:40,"Vàng SJC 1L, 10L, 1KG (Vàng miếng 99.99%)",TP. Hồ Chí Minh,66400000,67000000,6640000,6700000,66700000,6670000,600000,Giavang Archive
2023-06-09,08:30,"Vàng SJC 1L, 10L, 1KG (Vàng miếng 99.99%)",TP. Hồ Chí Minh,66500000,67100000,6650000,6710000,66800000,6680000,600000,Giavang Archive
2023-06-10,08:25,"Vàng SJC 1L, 10L, 1KG (Vàng miếng 99.99%)",TP. Hồ Chí Minh,66550000,67150000,6655000,6715000,66850000,6685000,600000,Giavang Archive
2023-06-11,08:25,"Vàng SJC 1L, 10L, 1KG (Vàng miếng 99.99%)",TP. Hồ Chí Minh,66550000,67150000,6655000,6715000,66850000,6685000,600000,Giavang Archive
2023-06-12,09:15,"Vàng SJC 1L, 10L, 1KG (Vàng miếng 99.99%)",TP. Hồ Chí Minh,66500000,67100000,6650000,6710000,66800000,6680000,600000,Giavang Archive
2023-06-13,09:05,"Vàng SJC 1L, 10L, 1KG (Vàng miếng 99.99%)",TP. Hồ Chí Minh,66500000,67100000,6650000,6710000,66800000,6680000,600000,Giavang Archive
2023-06-14,08:30,"Vàng SJC 1L, 10L, 1KG (Vàng miếng 99.99%)",TP. Hồ Chí Minh,66550000,67150000,6655000,6715000,66850000,6685000,600000,Giavang Archive
2023-06-15,08:25,"Vàng SJC 1L, 10L, 1KG (Vàng miếng 99.99%)",TP. Hồ Chí Minh,66550000,67150000,6655000,6715000,66850000,6685000,600000,Giavang Archive
2023-06-16,08:30,"Vàng SJC 1L, 10L, 1KG (Vàng miếng 99.99%)",TP. Hồ Chí Minh,66550000,67150000,6655000,6715000,66850000,6685000,600000,Giavang Archive
2023-06-17,08:25,"Vàng SJC 1L, 10L, 1KG (Vàng miếng 99.99%)",TP. Hồ Chí Minh,66500000,67100000,6650000,6710000,66800000,6680000,600000,Giavang Archive
2023-06-18,08:25,"Vàng SJC 1L, 10L, 1KG (Vàng miếng 99.99%)",TP. Hồ Chí Minh,66500000,67100000,6650000,6710000,66800000,6680000,600000,Giavang Archive
2023-06-19,09:00,"Vàng SJC 1L, 10L, 1KG (Vàng miếng 99.99%)",TP. Hồ Chí Minh,66450000,67050000,6645000,6705000,66750000,6675000,600000,Giavang Archive
2023-06-20,08:25,"Vàng SJC 1L, 10L, 1KG (Vàng miếng 99.99%)",TP. Hồ Chí Minh,66500000,67100000,6650000,6710000,66800000,6680000,600000,Giavang Archive
2023-06-21,08:25,"Vàng SJC 1L, 10L, 1KG (Vàng miếng 99.99%)",TP. Hồ Chí Minh,66400000,67000000,6640000,6700000,66700000,6670000,600000,Giavang Archive
2023-06-22,09:35,"Vàng SJC 1L, 10L, 1KG (Vàng miếng 99.99%)",TP. Hồ Chí Minh,66450000,67050000,6645000,6705000,66750000,6675000,600000,Giavang Archive
2023-06-23,08:55,"Vàng SJC 1L, 10L, 1KG (Vàng miếng 99.99%)",TP. Hồ Chí Minh,66450000,67050000,6645000,6705000,66750000,6675000,600000,Giavang Archive
2023-06-24,08:30,"Vàng SJC 1L, 10L, 1KG (Vàng miếng 99.99%)",TP. Hồ Chí Minh,66500000,67100000,6650000,6710000,66800000,6680000,600000,Giavang Archive
2023-06-25,08:30,"Vàng SJC 1L, 10L, 1KG (Vàng miếng 99.99%)",TP. Hồ Chí Minh,66500000,67100000,6650000,6710000,66800000,6680000,600000,Giavang Archive
2023-06-26,08:35,"Vàng SJC 1L, 10L, 1KG (Vàng miếng 99.99%)",TP. Hồ Chí Minh,66400000,67000000,6640000,6700000,66700000,6670000,600000,Giavang Archive
2023-06-27,08:30,"Vàng SJC 1L, 10L, 1KG (Vàng miếng 99.99%)",TP. Hồ Chí Minh,66350000,66950000,6635000,6695000,66650000,6665000,600000,Giavang Archive
2023-06-28,14:15,"Vàng SJC 1L, 10L, 1KG (Vàng miếng 99.99%)",TP. Hồ Chí Minh,66400000,67000000,6640000,6700000,66700000,6670000,600000,Giavang Archive
2023-06-29,10:05,"Vàng SJC 1L, 10L, 1KG (Vàng miếng 99.99%)",TP. Hồ Chí Minh,66450000,67050000,6645000,6705000,66750000,6675000,600000,Giavang Archive
2023-06-30,13:35,"Vàng SJC 1L, 10L, 1KG (Vàng miếng 99.99%)",TP. Hồ Chí Minh,66350000,66950000,6635000,6695000,66650000,6665000,600000,Giavang Archive
2023-07-01,08:15,"Vàng SJC 1L, 10L, 1KG (Vàng miếng 99.99%)",TP. Hồ Chí Minh,66350000,67050000,6635000,6705000,66700000,6670000,700000,Giavang Archive
2023-07-02,08:15,"Vàng SJC 1L, 10L, 1KG (Vàng miếng 99.99%)",TP. Hồ Chí Minh,66350000,67050000,6635000,6705000,66700000,6670000,700000,Giavang Archive
2023-07-03,08:30,"Vàng SJC 1L, 10L, 1KG (Vàng miếng 99.99%)",TP. Hồ Chí Minh,66400000,67000000,6640000,6700000,66700000,6670000,600000,Giavang Archive
2023-07-04,09:05,"Vàng SJC 1L, 10L, 1KG (Vàng miếng 99.99%)",TP. Hồ Chí Minh,66500000,67100000,6650000,6710000,66800000,6680000,600000,Giavang Archive
2023-07-05,08:20,"Vàng SJC 1L, 10L, 1KG (Vàng miếng 99.99%)",TP. Hồ Chí Minh,66350000,66950000,6635000,6695000,66650000,6665000,600000,Giavang Archive
2023-07-06,13:35,"Vàng SJC 1L, 10L, 1KG (Vàng miếng 99.99%)",TP. Hồ Chí Minh,66450000,67050000,6645000,6705000,66750000,6675000,600000,Giavang Archive
2023-07-07,08:25,"Vàng SJC 1L, 10L, 1KG (Vàng miếng 99.99%)",TP. Hồ Chí Minh,66450000,67050000,6645000,6705000,66750000,6675000,600000,Giavang Archive
2023-07-08,08:30,"Vàng SJC 1L, 10L, 1KG (Vàng miếng 99.99%)",TP. Hồ Chí Minh,66450000,67150000,6645000,6715000,66800000,6680000,700000,Giavang Archive
2023-07-09,08:30,"Vàng SJC 1L, 10L, 1KG (Vàng miếng 99.99%)",TP. Hồ Chí Minh,66450000,67150000,6645000,6715000,66800000,6680000,700000,Giavang Archive
2023-07-10,08:30,"Vàng SJC 1L, 10L, 1KG (Vàng miếng 99.99%)",TP. Hồ Chí Minh,66500000,67100000,6650000,6710000,66800000,6680000,600000,Giavang Archive
2023-07-11,10:25,"Vàng SJC 1L, 10L, 1KG (Vàng miếng 99.99%)",TP. Hồ Chí Minh,66600000,67200000,6660000,6720000,66900000,6690000,600000,Giavang Archive
2023-07-12,09:25,"Vàng SJC 1L, 10L, 1KG (Vàng miếng 99.99%)",TP. Hồ Chí Minh,66600000,67200000,6660000,6720000,66900000,6690000,600000,Giavang Archive
2023-07-13,09:15,"Vàng SJC 1L, 10L, 1KG (Vàng miếng 99.99%)",TP. Hồ Chí Minh,66750000,67350000,6675000,6735000,67050000,6705000,600000,Giavang Archive
2023-07-14,10:55,"Vàng SJC 1L, 10L, 1KG (Vàng miếng 99.99%)",TP. Hồ Chí Minh,66650000,67250000,6665000,6725000,66950000,6695000,600000,Giavang Archive
2023-07-15,08:40,"Vàng SJC 1L, 10L, 1KG (Vàng miếng 99.99%)",TP. Hồ Chí Minh,66500000,67200000,6650000,6720000,66850000,6685000,700000,Giavang Archive
2023-07-16,08:40,"Vàng SJC 1L, 10L, 1KG (Vàng miếng 99.99%)",TP. Hồ Chí Minh,66500000,67200000,6650000,6720000,66850000,6685000,700000,Giavang Archive
2023-07-17,08:30,"Vàng SJC 1L, 10L, 1KG (Vàng miếng 99.99%)",TP. Hồ Chí Minh,66600000,67200000,6660000,6720000,66900000,6690000,600000,Giavang Archive
2023-07-18,08:30,"Vàng SJC 1L, 10L, 1KG (Vàng miếng 99.99%)",TP. Hồ Chí Minh,66600000,67200000,6660000,6720000,66900000,6690000,600000,Giavang Archive
2023-07-19,08:30,"Vàng SJC 1L, 10L, 1KG (Vàng miếng 99.99%)",TP. Hồ Chí Minh,66600000,67200000,6660000,6720000,66900000,6690000,600000,Giavang Archive
2023-07-20,08:35,"Vàng SJC 1L, 10L, 1KG (Vàng miếng 99.99%)",TP. Hồ Chí Minh,66600000,67200000,6660000,6720000,66900000,6690000,600000,Giavang Archive
2023-07-21,08:40,"Vàng SJC 1L, 10L, 1KG (Vàng miếng 99.99%)",TP. Hồ Chí Minh,66450000,67050000,6645000,6705000,66750000,6675000,600000,Giavang Archive
2023-07-22,08:00,"Vàng SJC 1L, 10L, 1KG (Vàng miếng 99.99%)",TP. Hồ Chí Minh,66400000,67100000,6640000,6710000,66750000,6675000,700000,Giavang Archive
2023-07-23,08:00,"Vàng SJC 1L, 10L, 1KG (Vàng miếng 99.99%)",TP. Hồ Chí Minh,66400000,67100000,6640000,6710000,66750000,6675000,700000,Giavang Archive
2023-07-24,13:55,"Vàng SJC 1L, 10L, 1KG (Vàng miếng 99.99%)",TP. Hồ Chí Minh,66600000,67200000,6660000,6720000,66900000,6690000,600000,Giavang Archive
2023-07-25,08:50,"Vàng SJC 1L, 10L, 1KG (Vàng miếng 99.99%)",TP. Hồ Chí Minh,66650000,67250000,6665000,6725000,66950000,6695000,600000,Giavang Archive
2023-07-26,13:20,"Vàng SJC 1L, 10L, 1KG (Vàng miếng 99.99%)",TP. Hồ Chí Minh,66600000,67200000,6660000,6720000,66900000,6690000,600000,Giavang Archive
2023-07-27,11:05,"Vàng SJC 1L, 10L, 1KG (Vàng miếng 99.99%)",TP. Hồ Chí Minh,66750000,67350000,6675000,6735000,67050000,6705000,600000,Giavang Archive
2023-07-28,11:20,"Vàng SJC 1L, 10L, 1KG (Vàng miếng 99.99%)",TP. Hồ Chí Minh,66650000,67250000,6665000,6725000,66950000,6695000,600000,Giavang Archive
2023-07-29,08:35,"Vàng SJC 1L, 10L, 1KG (Vàng miếng 99.99%)",TP. Hồ Chí Minh,66550000,67250000,6655000,6725000,66900000,6690000,700000,Giavang Archive
2023-07-30,08:35,"Vàng SJC 1L, 10L, 1KG (Vàng miếng 99.99%)",TP. Hồ Chí Minh,66550000,67250000,6655000,6725000,66900000,6690000,700000,Giavang Archive
2023-07-31,08:30,"Vàng SJC 1L, 10L, 1KG (Vàng miếng 99.99%)",TP. Hồ Chí Minh,66650000,67250000,6665000,6725000,66950000,6695000,600000,Giavang Archive
2023-08-01,09:00,"Vàng SJC 1L, 10L, 1KG (Vàng miếng 99.99%)",TP. Hồ Chí Minh,66750000,67350000,6675000,6735000,67050000,6705000,600000,Giavang Archive
2023-08-02,08:30,"Vàng SJC 1L, 10L, 1KG (Vàng miếng 99.99%)",TP. Hồ Chí Minh,66600000,67200000,6660000,6720000,66900000,6690000,600000,Giavang Archive
2023-08-03,08:30,"Vàng SJC 1L, 10L, 1KG (Vàng miếng 99.99%)",TP. Hồ Chí Minh,66600000,67200000,6660000,6720000,66900000,6690000,600000,Giavang Archive
2023-08-04,08:30,"Vàng SJC 1L, 10L, 1KG (Vàng miếng 99.99%)",TP. Hồ Chí Minh,66600000,67200000,6660000,6720000,66900000,6690000,600000,Giavang Archive
2023-08-05,08:30,"Vàng SJC 1L, 10L, 1KG (Vàng miếng 99.99%)",TP. Hồ Chí Minh,66600000,67300000,6660000,6730000,66950000,6695000,700000,Giavang Archive
2023-08-06,08:30,"Vàng SJC 1L, 10L, 1KG (Vàng miếng 99.99%)",TP. Hồ Chí Minh,66600000,67300000,6660000,6730000,66950000,6695000,700000,Giavang Archive
2023-08-07,10:05,"Vàng SJC 1L, 10L, 1KG (Vàng miếng 99.99%)",TP. Hồ Chí Minh,66800000,67400000,6680000,6740000,67100000,6710000,600000,Giavang Archive
2023-08-08,13:30,"Vàng SJC 1L, 10L, 1KG (Vàng miếng 99.99%)",TP. Hồ Chí Minh,66700000,67300000,6670000,6730000,67000000,6700000,600000,Giavang Archive
2023-08-09,08:40,"Vàng SJC 1L, 10L, 1KG (Vàng miếng 99.99%)",TP. Hồ Chí Minh,66650000,67250000,6665000,6725000,66950000,6695000,600000,Giavang Archive
2023-08-10,08:30,"Vàng SJC 1L, 10L, 1KG (Vàng miếng 99.99%)",TP. Hồ Chí Minh,66700000,67300000,6670000,6730000,67000000,6700000,600000,Giavang Archive
2023-08-11,10:05,"Vàng SJC 1L, 10L, 1KG (Vàng miếng 99.99%)",TP. Hồ Chí Minh,66900000,67500000,6690000,6750000,67200000,6720000,600000,Giavang Archive
2023-08-12,08:35,"Vàng SJC 1L, 10L, 1KG (Vàng miếng 99.99%)",TP. Hồ Chí Minh,66800000,67500000,6680000,6750000,67150000,6715000,700000,Giavang Archive
2023-08-13,08:35,"Vàng SJC 1L, 10L, 1KG (Vàng miếng 99.99%)",TP. Hồ Chí Minh,66800000,67500000,6680000,6750000,67150000,6715000,700000,Giavang Archive
2023-08-14,09:05,"Vàng SJC 1L, 10L, 1KG (Vàng miếng 99.99%)",TP. Hồ Chí Minh,66900000,67500000,6690000,6750000,67200000,6720000,600000,Giavang Archive
2023-08-15,08:50,"Vàng SJC 1L, 10L, 1KG (Vàng miếng 99.99%)",TP. Hồ Chí Minh,67000000,67600000,6700000,6760000,67300000,6730000,600000,Giavang Archive
2023-08-16,09:00,"Vàng SJC 1L, 10L, 1KG (Vàng miếng 99.99%)",TP. Hồ Chí Minh,66950000,67550000,6695000,6755000,67250000,6725000,600000,Giavang Archive
2023-08-17,08:50,"Vàng SJC 1L, 10L, 1KG (Vàng miếng 99.99%)",TP. Hồ Chí Minh,67000000,67600000,6700000,6760000,67300000,6730000,600000,Giavang Archive
2023-08-18,09:25,"Vàng SJC 1L, 10L, 1KG (Vàng miếng 99.99%)",TP. Hồ Chí Minh,67050000,67650000,6705000,6765000,67350000,6735000,600000,Giavang Archive
2023-08-19,08:20,"Vàng SJC 1L, 10L, 1KG (Vàng miếng 99.99%)",TP. Hồ Chí Minh,67000000,67700000,6700000,6770000,67350000,6735000,700000,Giavang Archive
2023-08-20,08:20,"Vàng SJC 1L, 10L, 1KG (Vàng miếng 99.99%)",TP. Hồ Chí Minh,67000000,67700000,6700000,6770000,67350000,6735000,700000,Giavang Archive
2023-08-21,08:35,"Vàng SJC 1L, 10L, 1KG (Vàng miếng 99.99%)",TP. Hồ Chí Minh,66950000,67550000,6695000,6755000,67250000,6725000,600000,Giavang Archive
2023-08-22,08:30,"Vàng SJC 1L, 10L, 1KG (Vàng miếng 99.99%)",TP. Hồ Chí Minh,67050000,67650000,6705000,6765000,67350000,6735000,600000,Giavang Archive
2023-08-23,08:30,"Vàng SJC 1L, 10L, 1KG (Vàng miếng 99.99%)",TP. Hồ Chí Minh,67300000,67900000,6730000,6790000,67600000,6760000,600000,Giavang Archive
2023-08-24,08:30,"Vàng SJC 1L, 10L, 1KG (Vàng miếng 99.99%)",TP. Hồ Chí Minh,67350000,67950000,6735000,6795000,67650000,6765000,600000,Giavang Archive
2023-08-25,08:40,"Vàng SJC 1L, 10L, 1KG (Vàng miếng 99.99%)",TP. Hồ Chí Minh,67350000,67950000,6735000,6795000,67650000,6765000,600000,Giavang Archive
2023-08-26,08:25,"Vàng SJC 1L, 10L, 1KG (Vàng miếng 99.99%)",TP. Hồ Chí Minh,67350000,68050000,6735000,6805000,67700000,6770000,700000,Giavang Archive
2023-08-27,08:25,"Vàng SJC 1L, 10L, 1KG (Vàng miếng 99.99%)",TP. Hồ Chí Minh,67350000,68050000,6735000,6805000,67700000,6770000,700000,Giavang Archive
2023-08-28,08:30,"Vàng SJC 1L, 10L, 1KG (Vàng miếng 99.99%)",TP. Hồ Chí Minh,67500000,68100000,6750000,6810000,67800000,6780000,600000,Giavang Archive
2023-08-29,09:00,"Vàng SJC 1L, 10L, 1KG (Vàng miếng 99.99%)",TP. Hồ Chí Minh,67550000,68150000,6755000,6815000,67850000,6785000,600000,Giavang Archive
2023-08-30,08:30,"Vàng SJC 1L, 10L, 1KG (Vàng miếng 99.99%)",TP. Hồ Chí Minh,67500000,68100000,6750000,6810000,67800000,6780000,600000,Giavang Archive
2023-08-31,10:55,"Vàng SJC 1L, 10L, 1KG (Vàng miếng 99.99%)",TP. Hồ Chí Minh,67650000,68250000,6765000,6825000,67950000,6795000,600000,Giavang Archive
2023-09-01,08:40,"Vàng SJC 1L, 10L, 1KG (Vàng miếng 99.99%)",TP. Hồ Chí Minh,67550000,68250000,6755000,6825000,67900000,6790000,700000,Giavang Archive
2023-09-02,08:40,"Vàng SJC 1L, 10L, 1KG (Vàng miếng 99.99%)",TP. Hồ Chí Minh,67550000,68250000,6755000,6825000,67900000,6790000,700000,Giavang Archive
2023-09-03,08:40,"Vàng SJC 1L, 10L, 1KG (Vàng miếng 99.99%)",TP. Hồ Chí Minh,67550000,68250000,6755000,6825000,67900000,6790000,700000,Giavang Archive
2023-09-04,08:40,"Vàng SJC 1L, 10L, 1KG (Vàng miếng 99.99%)",TP. Hồ Chí Minh,67550000,68250000,6755000,6825000,67900000,6790000,700000,Giavang Archive
2023-09-05,08:30,"Vàng SJC 1L, 10L, 1KG (Vàng miếng 99.99%)",TP. Hồ Chí Minh,67750000,68350000,6775000,6835000,68050000,6805000,600000,Giavang Archive
2023-09-06,10:05,"Vàng SJC 1L, 10L, 1KG (Vàng miếng 99.99%)",TP. Hồ Chí Minh,67800000,68400000,6780000,6840000,68100000,6810000,600000,Giavang Archive
2023-09-07,10:30,"Vàng SJC 1L, 10L, 1KG (Vàng miếng 99.99%)",TP. Hồ Chí Minh,68050000,68650000,6805000,6865000,68350000,6835000,600000,Giavang Archive
2023-09-08,09:50,"Vàng SJC 1L, 10L, 1KG (Vàng miếng 99.99%)",TP. Hồ Chí Minh,68050000,68750000,6805000,6875000,68400000,6840000,700000,Giavang Archive
2023-09-09,08:35,"Vàng SJC 1L, 10L, 1KG (Vàng miếng 99.99%)",TP. Hồ Chí Minh,68100000,68800000,6810000,6880000,68450000,6845000,700000,Giavang Archive
2023-09-10,08:35,"Vàng SJC 1L, 10L, 1KG (Vàng miếng 99.99%)",TP. Hồ Chí Minh,68100000,68800000,6810000,6880000,68450000,6845000,700000,Giavang Archive
2023-09-11,09:25,"Vàng SJC 1L, 10L, 1KG (Vàng miếng 99.99%)",TP. Hồ Chí Minh,68200000,68900000,6820000,6890000,68550000,6855000,700000,Giavang Archive
2023-09-12,08:25,"Vàng SJC 1L, 10L, 1KG (Vàng miếng 99.99%)",TP. Hồ Chí Minh,68050000,68750000,6805000,6875000,68400000,6840000,700000,Giavang Archive
2023-09-13,08:50,"Vàng SJC 1L, 10L, 1KG (Vàng miếng 99.99%)",TP. Hồ Chí Minh,67950000,68650000,6795000,6865000,68300000,6830000,700000,Giavang Archive
2023-09-14,08:30,"Vàng SJC 1L, 10L, 1KG (Vàng miếng 99.99%)",TP. Hồ Chí Minh,67800000,68500000,6780000,6850000,68150000,6815000,700000,Giavang Archive
2023-09-15,08:50,"Vàng SJC 1L, 10L, 1KG (Vàng miếng 99.99%)",TP. Hồ Chí Minh,68000000,68700000,6800000,6870000,68350000,6835000,700000,Giavang Archive
2023-09-16,08:30,"Vàng SJC 1L, 10L, 1KG (Vàng miếng 99.99%)",TP. Hồ Chí Minh,68250000,68950000,6825000,6895000,68600000,6860000,700000,Giavang Archive
2023-09-17,08:30,"Vàng SJC 1L, 10L, 1KG (Vàng miếng 99.99%)",TP. Hồ Chí Minh,68250000,68950000,6825000,6895000,68600000,6860000,700000,Giavang Archive
2023-09-18,08:25,"Vàng SJC 1L, 10L, 1KG (Vàng miếng 99.99%)",TP. Hồ Chí Minh,68350000,69050000,6835000,6905000,68700000,6870000,700000,Giavang Archive
2023-09-19,08:30,"Vàng SJC 1L, 10L, 1KG (Vàng miếng 99.99%)",TP. Hồ Chí Minh,68450000,69150000,6845000,6915000,68800000,6880000,700000,Giavang Archive
2023-09-20,09:00,"Vàng SJC 1L, 10L, 1KG (Vàng miếng 99.99%)",TP. Hồ Chí Minh,68500000,69200000,6850000,6920000,68850000,6885000,700000,Giavang Archive
2023-09-21,08:55,"Vàng SJC 1L, 10L, 1KG (Vàng miếng 99.99%)",TP. Hồ Chí Minh,68350000,69050000,6835000,6905000,68700000,6870000,700000,Giavang Archive
2023-09-22,08:35,"Vàng SJC 1L, 10L, 1KG (Vàng miếng 99.99%)",TP. Hồ Chí Minh,68350000,69050000,6835000,6905000,68700000,6870000,700000,Giavang Archive
2023-09-23,08:35,"Vàng SJC 1L, 10L, 1KG (Vàng miếng 99.99%)",TP. Hồ Chí Minh,68450000,69150000,6845000,6915000,68800000,6880000,700000,Giavang Archive
2023-09-24,08:35,"Vàng SJC 1L, 10L, 1KG (Vàng miếng 99.99%)",TP. Hồ Chí Minh,68450000,69150000,6845000,6915000,68800000,6880000,700000,Giavang Archive
2023-09-25,08:50,"Vàng SJC 1L, 10L, 1KG (Vàng miếng 99.99%)",TP. Hồ Chí Minh,68250000,68950000,6825000,6895000,68600000,6860000,700000,Giavang Archive
2023-09-26,08:30,"Vàng SJC 1L, 10L, 1KG (Vàng miếng 99.99%)",TP. Hồ Chí Minh,68100000,68800000,6810000,6880000,68450000,6845000,700000,Giavang Archive
2023-09-27,08:30,"Vàng SJC 1L, 10L, 1KG (Vàng miếng 99.99%)",TP. Hồ Chí Minh,68100000,68800000,6810000,6880000,68450000,6845000,700000,Giavang Archive
2023-09-28,10:00,"Vàng SJC 1L, 10L, 1KG (Vàng miếng 99.99%)",TP. Hồ Chí Minh,68150000,68850000,6815000,6885000,68500000,6850000,700000,Giavang Archive
2023-09-29,08:35,"Vàng SJC 1L, 10L, 1KG (Vàng miếng 99.99%)",TP. Hồ Chí Minh,68200000,68900000,6820000,6890000,68550000,6855000,700000,Giavang Archive
2023-09-30,08:35,"Vàng SJC 1L, 10L, 1KG (Vàng miếng 99.99%)",TP. Hồ Chí Minh,68250000,68950000,6825000,6895000,68600000,6860000,700000,Giavang Archive
2023-10-01,08:35,"Vàng SJC 1L, 10L, 1KG (Vàng miếng 99.99%)",TP. Hồ Chí Minh,68250000,68950000,6825000,6895000,68600000,6860000,700000,Giavang Archive
2023-10-02,08:25,"Vàng SJC 1L, 10L, 1KG (Vàng miếng 99.99%)",TP. Hồ Chí Minh,68200000,68900000,6820000,6890000,68550000,6855000,700000,Giavang Archive
2023-10-03,08:35,"Vàng SJC 1L, 10L, 1KG (Vàng miếng 99.99%)",TP. Hồ Chí Minh,68200000,68900000,6820000,6890000,68550000,6855000,700000,Giavang Archive
2023-10-04,08:35,"Vàng SJC 1L, 10L, 1KG (Vàng miếng 99.99%)",TP. Hồ Chí Minh,68150000,68850000,6815000,6885000,68500000,6850000,700000,Giavang Archive
2023-10-05,09:20,"Vàng SJC 1L, 10L, 1KG (Vàng miếng 99.99%)",TP. Hồ Chí Minh,68300000,69000000,6830000,6900000,68650000,6865000,700000,Giavang Archive
2023-10-06,08:30,"Vàng SJC 1L, 10L, 1KG (Vàng miếng 99.99%)",TP. Hồ Chí Minh,68450000,69150000,6845000,6915000,68800000,6880000,700000,Giavang Archive
2023-10-07,08:25,"Vàng SJC 1L, 10L, 1KG (Vàng miếng 99.99%)",TP. Hồ Chí Minh,68500000,69300000,6850000,6930000,68900000,6890000,800000,Giavang Archive
2023-10-08,08:25,"Vàng SJC 1L, 10L, 1KG (Vàng miếng 99.99%)",TP. Hồ Chí Minh,68500000,69300000,6850000,6930000,68900000,6890000,800000,Giavang Archive
2023-10-09,08:30,"Vàng SJC 1L, 10L, 1KG (Vàng miếng 99.99%)",TP. Hồ Chí Minh,68900000,69600000,6890000,6960000,69250000,6925000,700000,Giavang Archive
2023-10-10,08:30,"Vàng SJC 1L, 10L, 1KG (Vàng miếng 99.99%)",TP. Hồ Chí Minh,69050000,69750000,6905000,6975000,69400000,6940000,700000,Giavang Archive
2023-10-11,13:50,"Vàng SJC 1L, 10L, 1KG (Vàng miếng 99.99%)",TP. Hồ Chí Minh,69200000,69900000,6920000,6990000,69550000,6955000,700000,Giavang Archive
2023-10-12,08:35,"Vàng SJC 1L, 10L, 1KG (Vàng miếng 99.99%)",TP. Hồ Chí Minh,69550000,70250000,6955000,7025000,69900000,6990000,700000,Giavang Archive
2023-10-13,11:30,"Vàng SJC 1L, 10L, 1KG (Vàng miếng 99.99%)",TP. Hồ Chí Minh,69500000,70200000,6950000,7020000,69850000,6985000,700000,Giavang Archive
2023-10-14,09:00,"Vàng SJC 1L, 10L, 1KG (Vàng miếng 99.99%)",TP. Hồ Chí Minh,69700000,70700000,6970000,7070000,70200000,7020000,1000000,Giavang Archive
2023-10-15,09:00,"Vàng SJC 1L, 10L, 1KG (Vàng miếng 99.99%)",TP. Hồ Chí Minh,69700000,70700000,6970000,7070000,70200000,7020000,1000000,Giavang Archive
2023-10-16,13:10,"Vàng SJC 1L, 10L, 1KG (Vàng miếng 99.99%)",TP. Hồ Chí Minh,69600000,70300000,6960000,7030000,69950000,6995000,700000,Giavang Archive
2023-10-17,08:35,"Vàng SJC 1L, 10L, 1KG (Vàng miếng 99.99%)",TP. Hồ Chí Minh,69300000,70000000,6930000,7000000,69650000,6965000,700000,Giavang Archive
2023-10-18,08:55,"Vàng SJC 1L, 10L, 1KG (Vàng miếng 99.99%)",TP. Hồ Chí Minh,69650000,70350000,6965000,7035000,70000000,7000000,700000,Giavang Archive
2023-10-19,08:30,"Vàng SJC 1L, 10L, 1KG (Vàng miếng 99.99%)",TP. Hồ Chí Minh,69900000,70600000,6990000,7060000,70250000,7025000,700000,Giavang Archive
2023-10-20,09:55,"Vàng SJC 1L, 10L, 1KG (Vàng miếng 99.99%)",TP. Hồ Chí Minh,70250000,70950000,7025000,7095000,70600000,7060000,700000,Giavang Archive
2023-10-21,09:55,"Vàng SJC 1L, 10L, 1KG (Vàng miếng 99.99%)",TP. Hồ Chí Minh,70250000,71050000,7025000,7105000,70650000,7065000,800000,Giavang Archive
2023-10-22,09:55,"Vàng SJC 1L, 10L, 1KG (Vàng miếng 99.99%)",TP. Hồ Chí Minh,70250000,71050000,7025000,7105000,70650000,7065000,800000,Giavang Archive
2023-10-23,08:40,"Vàng SJC 1L, 10L, 1KG (Vàng miếng 99.99%)",TP. Hồ Chí Minh,70100000,70800000,7010000,7080000,70450000,7045000,700000,Giavang Archive
2023-10-24,11:00,"Vàng SJC 1L, 10L, 1KG (Vàng miếng 99.99%)",TP. Hồ Chí Minh,69900000,70600000,6990000,7060000,70250000,7025000,700000,Giavang Archive
2023-10-25,11:00,"Vàng SJC 1L, 10L, 1KG (Vàng miếng 99.99%)",TP. Hồ Chí Minh,69650000,70350000,6965000,7035000,70000000,7000000,700000,Giavang Archive
2023-10-26,11:00,"Vàng SJC 1L, 10L, 1KG (Vàng miếng 99.99%)",TP. Hồ Chí Minh,70050000,70750000,7005000,7075000,70400000,7040000,700000,Giavang Archive
2023-10-27,11:00,"Vàng SJC 1L, 10L, 1KG (Vàng miếng 99.99%)",TP. Hồ Chí Minh,70000000,70700000,7000000,7070000,70350000,7035000,700000,Giavang Archive
2023-10-28,11:00,"Vàng SJC 1L, 10L, 1KG (Vàng miếng 99.99%)",TP. Hồ Chí Minh,70150000,70950000,7015000,7095000,70550000,7055000,800000,Giavang Archive
2023-10-29,11:00,"Vàng SJC 1L, 10L, 1KG (Vàng miếng 99.99%)",TP. Hồ Chí Minh,70150000,70950000,7015000,7095000,70550000,7055000,800000,Giavang Archive
2023-10-30,11:00,"Vàng SJC 1L, 10L, 1KG (Vàng miếng 99.99%)",TP. Hồ Chí Minh,69900000,70600000,6990000,7060000,70250000,7025000,700000,Giavang Archive
2023-10-31,08:30,"Vàng SJC 1L, 10L, 1KG (Vàng miếng 99.99%)",TP. Hồ Chí Minh,70100000,70800000,7010000,7080000,70450000,7045000,700000,Giavang Archive
2023-11-01,08:35,"Vàng SJC 1L, 10L, 1KG (Vàng miếng 99.99%)",TP. Hồ Chí Minh,70050000,70750000,7005000,7075000,70400000,7040000,700000,Giavang Archive
2023-11-02,08:30,"Vàng SJC 1L, 10L, 1KG (Vàng miếng 99.99%)",TP. Hồ Chí Minh,69950000,70650000,6995000,7065000,70300000,7030000,700000,Giavang Archive
2023-11-03,08:40,"Vàng SJC 1L, 10L, 1KG (Vàng miếng 99.99%)",TP. Hồ Chí Minh,69650000,70350000,6965000,7035000,70000000,7000000,700000,Giavang Archive
2023-11-04,08:30,"Vàng SJC 1L, 10L, 1KG (Vàng miếng 99.99%)",TP. Hồ Chí Minh,69050000,70050000,6905000,7005000,69550000,6955000,1000000,Giavang Archive
2023-11-05,08:30,"Vàng SJC 1L, 10L, 1KG (Vàng miếng 99.99%)",TP. Hồ Chí Minh,69050000,70050000,6905000,7005000,69550000,6955000,1000000,Giavang Archive
2023-11-06,08:35,"Vàng SJC 1L, 10L, 1KG (Vàng miếng 99.99%)",TP. Hồ Chí Minh,68500000,69800000,6850000,6980000,69150000,6915000,1300000,Giavang Archive
2023-11-07,08:25,"Vàng SJC 1L, 10L, 1KG (Vàng miếng 99.99%)",TP. Hồ Chí Minh,68900000,69900000,6890000,6990000,69400000,6940000,1000000,Giavang Archive
2023-11-08,08:30,"Vàng SJC 1L, 10L, 1KG (Vàng miếng 99.99%)",TP. Hồ Chí Minh,69300000,70300000,6930000,7030000,69800000,6980000,1000000,Giavang Archive
2023-11-09,08:40,"Vàng SJC 1L, 10L, 1KG (Vàng miếng 99.99%)",TP. Hồ Chí Minh,69100000,70100000,6910000,7010000,69600000,6960000,1000000,Giavang Archive
2023-11-10,08:35,"Vàng SJC 1L, 10L, 1KG (Vàng miếng 99.99%)",TP. Hồ Chí Minh,69300000,70300000,6930000,7030000,69800000,6980000,1000000,Giavang Archive
2023-11-11,08:35,"Vàng SJC 1L, 10L, 1KG (Vàng miếng 99.99%)",TP. Hồ Chí Minh,69300000,70300000,6930000,7030000,69800000,6980000,1000000,Giavang Archive
2023-11-12,08:35,"Vàng SJC 1L, 10L, 1KG (Vàng miếng 99.99%)",TP. Hồ Chí Minh,69300000,70300000,6930000,7030000,69800000,6980000,1000000,Giavang Archive
2023-11-13,08:25,"Vàng SJC 1L, 10L, 1KG (Vàng miếng 99.99%)",TP. Hồ Chí Minh,69500000,70300000,6950000,7030000,69900000,6990000,800000,Giavang Archive
2023-11-14,08:30,"Vàng SJC 1L, 10L, 1KG (Vàng miếng 99.99%)",TP. Hồ Chí Minh,69550000,70350000,6955000,7035000,69950000,6995000,800000,Giavang Archive
2023-11-15,08:30,"Vàng SJC 1L, 10L, 1KG (Vàng miếng 99.99%)",TP. Hồ Chí Minh,69800000,70600000,6980000,7060000,70200000,7020000,800000,Giavang Archive
2023-11-16,08:40,"Vàng SJC 1L, 10L, 1KG (Vàng miếng 99.99%)",TP. Hồ Chí Minh,69800000,70600000,6980000,7060000,70200000,7020000,800000,Giavang Archive
2023-11-17,08:30,"Vàng SJC 1L, 10L, 1KG (Vàng miếng 99.99%)",TP. Hồ Chí Minh,70000000,70800000,7000000,7080000,70400000,7040000,800000,Giavang Archive
2023-11-18,08:30,"Vàng SJC 1L, 10L, 1KG (Vàng miếng 99.99%)",TP. Hồ Chí Minh,69950000,70750000,6995000,7075000,70350000,7035000,800000,Giavang Archive
2023-11-19,08:30,"Vàng SJC 1L, 10L, 1KG (Vàng miếng 99.99%)",TP. Hồ Chí Minh,69950000,70750000,6995000,7075000,70350000,7035000,800000,Giavang Archive
2023-11-20,08:35,"Vàng SJC 1L, 10L, 1KG (Vàng miếng 99.99%)",TP. Hồ Chí Minh,70150000,70850000,7015000,7085000,70500000,7050000,700000,Giavang Archive
2023-11-21,08:40,"Vàng SJC 1L, 10L, 1KG (Vàng miếng 99.99%)",TP. Hồ Chí Minh,70500000,71200000,7050000,7120000,70850000,7085000,700000,Giavang Archive
2023-11-22,09:10,"Vàng SJC 1L, 10L, 1KG (Vàng miếng 99.99%)",TP. Hồ Chí Minh,71100000,71800000,7110000,7180000,71450000,7145000,700000,Giavang Archive
2023-11-23,08:35,"Vàng SJC 1L, 10L, 1KG (Vàng miếng 99.99%)",TP. Hồ Chí Minh,70800000,71600000,7080000,7160000,71200000,7120000,800000,Giavang Archive
2023-11-24,08:35,"Vàng SJC 1L, 10L, 1KG (Vàng miếng 99.99%)",TP. Hồ Chí Minh,71000000,71800000,7100000,7180000,71400000,7140000,800000,Giavang Archive
2023-11-25,09:50,"Vàng SJC 1L, 10L, 1KG (Vàng miếng 99.99%)",TP. Hồ Chí Minh,71300000,72300000,7130000,7230000,71800000,7180000,1000000,Giavang Archive
2023-11-26,09:50,"Vàng SJC 1L, 10L, 1KG (Vàng miếng 99.99%)",TP. Hồ Chí Minh,71300000,72300000,7130000,7230000,71800000,7180000,1000000,Giavang Archive
2023-11-27,08:30,"Vàng SJC 1L, 10L, 1KG (Vàng miếng 99.99%)",TP. Hồ Chí Minh,71700000,72500000,7170000,7250000,72100000,7210000,800000,Giavang Archive
2023-11-28,08:35,"Vàng SJC 1L, 10L, 1KG (Vàng miếng 99.99%)",TP. Hồ Chí Minh,72500000,73500000,7250000,7350000,73000000,7300000,1000000,Giavang Archive
2023-11-29,08:30,"Vàng SJC 1L, 10L, 1KG (Vàng miếng 99.99%)",TP. Hồ Chí Minh,72400000,73600000,7240000,7360000,73000000,7300000,1200000,Giavang Archive
2023-11-30,10:00,"Vàng SJC 1L, 10L, 1KG (Vàng miếng 99.99%)",TP. Hồ Chí Minh,72400000,73600000,7240000,7360000,73000000,7300000,1200000,Giavang Archive
2023-12-01,08:25,"Vàng SJC 1L, 10L, 1KG (Vàng miếng 99.99%)",TP. Hồ Chí Minh,72300000,73500000,7230000,7350000,72900000,7290000,1200000,Giavang Archive
2023-12-02,08:25,"Vàng SJC 1L, 10L, 1KG (Vàng miếng 99.99%)",TP. Hồ Chí Minh,72700000,74000000,7270000,7400000,73350000,7335000,1300000,Giavang Archive
2023-12-03,08:25,"Vàng SJC 1L, 10L, 1KG (Vàng miếng 99.99%)",TP. Hồ Chí Minh,72700000,74000000,7270000,7400000,73350000,7335000,1300000,Giavang Archive
2023-12-04,08:30,"Vàng SJC 1L, 10L, 1KG (Vàng miếng 99.99%)",TP. Hồ Chí Minh,73000000,74200000,7300000,7420000,73600000,7360000,1200000,Giavang Archive
2023-12-05,08:25,"Vàng SJC 1L, 10L, 1KG (Vàng miếng 99.99%)",TP. Hồ Chí Minh,73200000,74400000,7320000,7440000,73800000,7380000,1200000,Giavang Archive
2023-12-06,08:30,"Vàng SJC 1L, 10L, 1KG (Vàng miếng 99.99%)",TP. Hồ Chí Minh,73000000,74200000,7300000,7420000,73600000,7360000,1200000,Giavang Archive
2023-12-07,13:20,"Vàng SJC 1L, 10L, 1KG (Vàng miếng 99.99%)",TP. Hồ Chí Minh,72900000,74100000,7290000,7410000,73500000,7350000,1200000,Giavang Archive
2023-12-08,09:00,"Vàng SJC 1L, 10L, 1KG (Vàng miếng 99.99%)",TP. Hồ Chí Minh,73100000,74100000,7310000,7410000,73600000,7360000,1000000,Giavang Archive
2023-12-09,08:30,"Vàng SJC 1L, 10L, 1KG (Vàng miếng 99.99%)",TP. Hồ Chí Minh,72800000,74000000,7280000,7400000,73400000,7340000,1200000,Giavang Archive
2023-12-10,08:30,"Vàng SJC 1L, 10L, 1KG (Vàng miếng 99.99%)",TP. Hồ Chí Minh,72800000,74000000,7280000,7400000,73400000,7340000,1200000,Giavang Archive
2023-12-11,08:30,"Vàng SJC 1L, 10L, 1KG (Vàng miếng 99.99%)",TP. Hồ Chí Minh,72750000,73750000,7275000,7375000,73250000,7325000,1000000,Giavang Archive
2023-12-12,09:10,"Vàng SJC 1L, 10L, 1KG (Vàng miếng 99.99%)",TP. Hồ Chí Minh,72600000,73600000,7260000,7360000,73100000,7310000,1000000,Giavang Archive
2023-12-13,09:40,"Vàng SJC 1L, 10L, 1KG (Vàng miếng 99.99%)",TP. Hồ Chí Minh,72800000,73800000,7280000,7380000,73300000,7330000,1000000,Giavang Archive
2023-12-14,08:30,"Vàng SJC 1L, 10L, 1KG (Vàng miếng 99.99%)",TP. Hồ Chí Minh,73300000,74300000,7330000,7430000,73800000,7380000,1000000,Giavang Archive
2023-12-15,08:40,"Vàng SJC 1L, 10L, 1KG (Vàng miếng 99.99%)",TP. Hồ Chí Minh,73500000,74500000,7350000,7450000,74000000,7400000,1000000,Giavang Archive
2023-12-16,08:25,"Vàng SJC 1L, 10L, 1KG (Vàng miếng 99.99%)",TP. Hồ Chí Minh,73350000,74350000,7335000,7435000,73850000,7385000,1000000,Giavang Archive
2023-12-17,08:25,"Vàng SJC 1L, 10L, 1KG (Vàng miếng 99.99%)",TP. Hồ Chí Minh,73350000,74350000,7335000,7435000,73850000,7385000,1000000,Giavang Archive
2023-12-18,08:30,"Vàng SJC 1L, 10L, 1KG (Vàng miếng 99.99%)",TP. Hồ Chí Minh,73400000,74400000,7340000,7440000,73900000,7390000,1000000,Giavang Archive
2023-12-19,08:30,"Vàng SJC 1L, 10L, 1KG (Vàng miếng 99.99%)",TP. Hồ Chí Minh,73900000,74900000,7390000,7490000,74400000,7440000,1000000,Giavang Archive
2023-12-20,14:35,"Vàng SJC 1L, 10L, 1KG (Vàng miếng 99.99%)",TP. Hồ Chí Minh,74600000,75600000,7460000,7560000,75100000,7510000,1000000,Giavang Archive
2023-12-21,08:30,"Vàng SJC 1L, 10L, 1KG (Vàng miếng 99.99%)",TP. Hồ Chí Minh,74800000,75800000,7480000,7580000,75300000,7530000,1000000,Giavang Archive
2023-12-22,08:20,"Vàng SJC 1L, 10L, 1KG (Vàng miếng 99.99%)",TP. Hồ Chí Minh,75800000,76800000,7580000,7680000,76300000,7630000,1000000,Giavang Archive
2023-12-23,08:30,"Vàng SJC 1L, 10L, 1KG (Vàng miếng 99.99%)",TP. Hồ Chí Minh,75700000,76900000,7570000,7690000,76300000,7630000,1200000,Giavang Archive
2023-12-24,08:30,"Vàng SJC 1L, 10L, 1KG (Vàng miếng 99.99%)",TP. Hồ Chí Minh,75700000,76900000,7570000,7690000,76300000,7630000,1200000,Giavang Archive
2023-12-25,08:35,"Vàng SJC 1L, 10L, 1KG (Vàng miếng 99.99%)",TP. Hồ Chí Minh,77400000,78400000,7740000,7840000,77900000,7790000,1000000,Giavang Archive
2023-12-26,08:25,"Vàng SJC 1L, 10L, 1KG (Vàng miếng 99.99%)",TP. Hồ Chí Minh,77400000,79200000,7740000,7920000,78300000,7830000,1800000,Giavang Archive
2023-12-27,08:25,"Vàng SJC 1L, 10L, 1KG (Vàng miếng 99.99%)",TP. Hồ Chí Minh,77800000,79500000,7780000,7950000,78650000,7865000,1700000,Giavang Archive
2023-12-28,08:25,"Vàng SJC 1L, 10L, 1KG (Vàng miếng 99.99%)",TP. Hồ Chí Minh,74500000,77500000,7450000,7750000,76000000,7600000,3000000,Giavang Archive
2023-12-29,08:25,"Vàng SJC 1L, 10L, 1KG (Vàng miếng 99.99%)",TP. Hồ Chí Minh,73000000,76000000,7300000,7600000,74500000,7450000,3000000,Giavang Archive
2023-12-30,08:35,"Vàng SJC 1L, 10L, 1KG (Vàng miếng 99.99%)",TP. Hồ Chí Minh,71000000,74000000,7100000,7400000,72500000,7250000,3000000,Giavang Archive
2023-12-31,08:35,"Vàng SJC 1L, 10L, 1KG (Vàng miếng 99.99%)",TP. Hồ Chí Minh,71000000,74000000,7100000,7400000,72500000,7250000,3000000,Giavang Archive
2024-01-01,08:35,"Vàng SJC 1L, 10L, 1KG (Vàng miếng 99.99%)",TP. Hồ Chí Minh,71000000,74000000,7100000,7400000,72500000,7250000,3000000,Giavang Archive
2024-01-02,08:35,"Vàng SJC 1L, 10L, 1KG (Vàng miếng 99.99%)",TP. Hồ Chí Minh,72000000,75000000,7200000,7500000,73500000,7350000,3000000,Giavang Archive
2024-01-03,08:25,"Vàng SJC 1L, 10L, 1KG (Vàng miếng 99.99%)",TP. Hồ Chí Minh,72500000,75500000,7250000,7550000,74000000,7400000,3000000,Giavang Archive
2024-01-04,08:30,"Vàng SJC 1L, 10L, 1KG (Vàng miếng 99.99%)",TP. Hồ Chí Minh,72000000,75000000,7200000,7500000,73500000,7350000,3000000,Giavang Archive
2024-01-05,08:35,"Vàng SJC 1L, 10L, 1KG (Vàng miếng 99.99%)",TP. Hồ Chí Minh,72000000,75000000,7200000,7500000,73500000,7350000,3000000,Giavang Archive
2024-01-06,08:30,"Vàng SJC 1L, 10L, 1KG (Vàng miếng 99.99%)",TP. Hồ Chí Minh,72000000,75000000,7200000,7500000,73500000,7350000,3000000,Giavang Archive
2024-01-07,08:30,"Vàng SJC 1L, 10L, 1KG (Vàng miếng 99.99%)",TP. Hồ Chí Minh,72000000,75000000,7200000,7500000,73500000,7350000,3000000,Giavang Archive
2024-01-08,08:25,"Vàng SJC 1L, 10L, 1KG (Vàng miếng 99.99%)",TP. Hồ Chí Minh,71000000,74000000,7100000,7400000,72500000,7250000,3000000,Giavang Archive
2024-01-09,10:10,"Vàng SJC 1L, 10L, 1KG (Vàng miếng 99.99%)",TP. Hồ Chí Minh,71500000,74500000,7150000,7450000,73000000,7300000,3000000,Giavang Archive
2024-01-10,09:05,"Vàng SJC 1L, 10L, 1KG (Vàng miếng 99.99%)",TP. Hồ Chí Minh,71500000,74500000,7150000,7450000,73000000,7300000,3000000,Giavang Archive
2024-01-11,08:55,"Vàng SJC 1L, 10L, 1KG (Vàng miếng 99.99%)",TP. Hồ Chí Minh,72800000,75300000,7280000,7530000,74050000,7405000,2500000,Giavang Archive
2024-01-12,08:40,"Vàng SJC 1L, 10L, 1KG (Vàng miếng 99.99%)",TP. Hồ Chí Minh,73500000,76000000,7350000,7600000,74750000,7475000,2500000,Giavang Archive
2024-01-13,08:35,"Vàng SJC 1L, 10L, 1KG (Vàng miếng 99.99%)",TP. Hồ Chí Minh,74000000,77000000,7400000,7700000,75500000,7550000,3000000,Giavang Archive
2024-01-14,08:35,"Vàng SJC 1L, 10L, 1KG (Vàng miếng 99.99%)",TP. Hồ Chí Minh,74000000,77000000,7400000,7700000,75500000,7550000,3000000,Giavang Archive
2024-01-15,08:30,"Vàng SJC 1L, 10L, 1KG (Vàng miếng 99.99%)",TP. Hồ Chí Minh,74000000,76500000,7400000,7650000,75250000,7525000,2500000,Giavang Archive
2024-01-16,08:30,"Vàng SJC 1L, 10L, 1KG (Vàng miếng 99.99%)",TP. Hồ Chí Minh,74000000,76500000,7400000,7650000,75250000,7525000,2500000,Giavang Archive
2024-01-17,08:40,"Vàng SJC 1L, 10L, 1KG (Vàng miếng 99.99%)",TP. Hồ Chí Minh,73700000,76200000,7370000,7620000,74950000,7495000,2500000,Giavang Archive
2024-01-18,08:35,"Vàng SJC 1L, 10L, 1KG (Vàng miếng 99.99%)",TP. Hồ Chí Minh,74000000,76500000,7400000,7650000,75250000,7525000,2500000,Giavang Archive
2024-01-19,08:30,"Vàng SJC 1L, 10L, 1KG (Vàng miếng 99.99%)",TP. Hồ Chí Minh,74300000,76800000,7430000,7680000,75550000,7555000,2500000,Giavang Archive
2024-01-20,08:35,"Vàng SJC 1L, 10L, 1KG (Vàng miếng 99.99%)",TP. Hồ Chí Minh,73700000,76700000,7370000,7670000,75200000,7520000,3000000,Giavang Archive
2024-01-21,08:35,"Vàng SJC 1L, 10L, 1KG (Vàng miếng 99.99%)",TP. Hồ Chí Minh,73700000,76700000,7370000,7670000,75200000,7520000,3000000,Giavang Archive
2024-01-22,08:40,"Vàng SJC 1L, 10L, 1KG (Vàng miếng 99.99%)",TP. Hồ Chí Minh,73500000,76000000,7350000,7600000,74750000,7475000,2500000,Giavang Archive
2024-01-23,08:30,"Vàng SJC 1L, 10L, 1KG (Vàng miếng 99.99%)",TP. Hồ Chí Minh,74000000,76500000,7400000,7650000,75250000,7525000,2500000,Giavang Archive
2024-01-24,08:35,"Vàng SJC 1L, 10L, 1KG (Vàng miếng 99.99%)",TP. Hồ Chí Minh,74200000,76700000,7420000,7670000,75450000,7545000,2500000,Giavang Archive
2024-01-25,08:30,"Vàng SJC 1L, 10L, 1KG (Vàng miếng 99.99%)",TP. Hồ Chí Minh,74000000,76500000,7400000,7650000,75250000,7525000,2500000,Giavang Archive
2024-01-26,10:45,"Vàng SJC 1L, 10L, 1KG (Vàng miếng 99.99%)",TP. Hồ Chí Minh,74300000,76800000,7430000,7680000,75550000,7555000,2500000,Giavang Archive
2024-01-27,08:40,"Vàng SJC 1L, 10L, 1KG (Vàng miếng 99.99%)",TP. Hồ Chí Minh,74200000,76700000,7420000,7670000,75450000,7545000,2500000,Giavang Archive
2024-01-28,08:40,"Vàng SJC 1L, 10L, 1KG (Vàng miếng 99.99%)",TP. Hồ Chí Minh,74200000,76700000,7420000,7670000,75450000,7545000,2500000,Giavang Archive
2024-01-29,14:05,"Vàng SJC 1L, 10L, 1KG (Vàng miếng 99.99%)",TP. Hồ Chí Minh,74300000,76800000,7430000,7680000,75550000,7555000,2500000,Giavang Archive
2024-01-30,08:55,"Vàng SJC 1L, 10L, 1KG (Vàng miếng 99.99%)",TP. Hồ Chí Minh,74900000,77400000,7490000,7740000,76150000,7615000,2500000,Giavang Archive
2024-01-31,08:55,"Vàng SJC 1L, 10L, 1KG (Vàng miếng 99.99%)",TP. Hồ Chí Minh,75400000,77900000,7540000,7790000,76650000,7665000,2500000,Giavang Archive
2024-02-01,09:20,"Vàng SJC 1L, 10L, 1KG (Vàng miếng 99.99%)",TP. Hồ Chí Minh,76000000,78300000,7600000,7830000,77150000,7715000,2300000,Giavang Archive
2024-02-02,08:30,"Vàng SJC 1L, 10L, 1KG (Vàng miếng 99.99%)",TP. Hồ Chí Minh,76200000,78500000,7620000,7850000,77350000,7735000,2300000,Giavang Archive
2024-02-03,08:30,"Vàng SJC 1L, 10L, 1KG (Vàng miếng 99.99%)",TP. Hồ Chí Minh,75600000,78100000,7560000,7810000,76850000,7685000,2500000,Giavang Archive
2024-02-04,08:30,"Vàng SJC 1L, 10L, 1KG (Vàng miếng 99.99%)",TP. Hồ Chí Minh,75600000,78100000,7560000,7810000,76850000,7685000,2500000,Giavang Archive
2024-02-05,09:05,"Vàng SJC 1L, 10L, 1KG (Vàng miếng 99.99%)",TP. Hồ Chí Minh,76200000,78400000,7620000,7840000,77300000,7730000,2200000,Giavang Archive
2024-02-06,08:30,"Vàng SJC 1L, 10L, 1KG (Vàng miếng 99.99%)",TP. Hồ Chí Minh,76300000,78500000,7630000,7850000,77400000,7740000,2200000,Giavang Archive
2024-02-07,08:30,"Vàng SJC 1L, 10L, 1KG (Vàng miếng 99.99%)",TP. Hồ Chí Minh,76700000,78900000,7670000,7890000,77800000,7780000,2200000,Giavang Archive
2024-02-08,08:30,"Vàng SJC 1L, 10L, 1KG (Vàng miếng 99.99%)",TP. Hồ Chí Minh,76700000,78900000,7670000,7890000,77800000,7780000,2200000,Giavang Archive
2024-02-09,08:30,"Vàng SJC 1L, 10L, 1KG (Vàng miếng 99.99%)",TP. Hồ Chí Minh,76700000,78900000,7670000,7890000,77800000,7780000,2200000,Giavang Archive
2024-02-10,08:30,"Vàng SJC 1L, 10L, 1KG (Vàng miếng 99.99%)",TP. Hồ Chí Minh,76700000,78900000,7670000,7890000,77800000,7780000,2200000,Giavang Archive
2024-02-11,08:30,"Vàng SJC 1L, 10L, 1KG (Vàng miếng 99.99%)",TP. Hồ Chí Minh,76700000,78900000,7670000,7890000,77800000,7780000,2200000,Giavang Archive
2024-02-12,08:30,"Vàng SJC 1L, 10L, 1KG (Vàng miếng 99.99%)",TP. Hồ Chí Minh,76700000,78900000,7670000,7890000,77800000,7780000,2200000,Giavang Archive
2024-02-13,08:30,"Vàng SJC 1L, 10L, 1KG (Vàng miếng 99.99%)",TP. Hồ Chí Minh,76700000,78900000,7670000,7890000,77800000,7780000,2200000,Giavang Archive
2024-02-14,08:30,"Vàng SJC 1L, 10L, 1KG (Vàng miếng 99.99%)",TP. Hồ Chí Minh,76700000,78900000,7670000,7890000,77800000,7780000,2200000,Giavang Archive
2024-02-15,11:10,"Vàng SJC 1L, 10L, 1KG (Vàng miếng 99.99%)",TP. Hồ Chí Minh,76500000,78800000,7650000,7880000,77650000,7765000,2300000,Giavang Archive
2024-02-16,08:40,"Vàng SJC 1L, 10L, 1KG (Vàng miếng 99.99%)",TP. Hồ Chí Minh,76200000,78400000,7620000,7840000,77300000,7730000,2200000,Giavang Archive
2024-02-17,08:25,"Vàng SJC 1L, 10L, 1KG (Vàng miếng 99.99%)",TP. Hồ Chí Minh,76100000,78600000,7610000,7860000,77350000,7735000,2500000,Giavang Archive
2024-02-18,08:25,"Vàng SJC 1L, 10L, 1KG (Vàng miếng 99.99%)",TP. Hồ Chí Minh,75800000,78400000,7580000,7840000,77100000,7710000,2600000,Giavang Archive
2024-02-19,13:50,"Vàng SJC 1L, 10L, 1KG (Vàng miếng 99.99%)",TP. Hồ Chí Minh,75000000,78000000,7500000,7800000,76500000,7650000,3000000,Giavang Archive
2024-02-20,10:45,"Vàng SJC 1L, 10L, 1KG (Vàng miếng 99.99%)",TP. Hồ Chí Minh,75900000,78200000,7590000,7820000,77050000,7705000,2300000,Giavang Archive
2024-02-21,08:30,"Vàng SJC 1L, 10L, 1KG (Vàng miếng 99.99%)",TP. Hồ Chí Minh,75800000,78000000,7580000,7800000,76900000,7690000,2200000,Giavang Archive
2024-02-22,08:30,"Vàng SJC 1L, 10L, 1KG (Vàng miếng 99.99%)",TP. Hồ Chí Minh,76500000,78700000,7650000,7870000,77600000,7760000,2200000,Giavang Archive
2024-02-23,08:50,"Vàng SJC 1L, 10L, 1KG (Vàng miếng 99.99%)",TP. Hồ Chí Minh,76300000,78500000,7630000,7850000,77400000,7740000,2200000,Giavang Archive
2024-02-24,08:30,"Vàng SJC 1L, 10L, 1KG (Vàng miếng 99.99%)",TP. Hồ Chí Minh,76600000,78800000,7660000,7880000,77700000,7770000,2200000,Giavang Archive
2024-02-25,08:30,"Vàng SJC 1L, 10L, 1KG (Vàng miếng 99.99%)",TP. Hồ Chí Minh,76600000,78800000,7660000,7880000,77700000,7770000,2200000,Giavang Archive
2024-02-26,08:20,"Vàng SJC 1L, 10L, 1KG (Vàng miếng 99.99%)",TP. Hồ Chí Minh,76800000,79000000,7680000,7900000,77900000,7790000,2200000,Giavang Archive
2024-02-27,08:40,"Vàng SJC 1L, 10L, 1KG (Vàng miếng 99.99%)",TP. Hồ Chí Minh,76900000,78900000,7690000,7890000,77900000,7790000,2000000,Giavang Archive
2024-02-28,09:45,"Vàng SJC 1L, 10L, 1KG (Vàng miếng 99.99%)",TP. Hồ Chí Minh,77300000,79300000,7730000,7930000,78300000,7830000,2000000,Giavang Archive
2024-02-29,08:30,"Vàng SJC 1L, 10L, 1KG (Vàng miếng 99.99%)",TP. Hồ Chí Minh,77500000,79500000,7750000,7950000,78500000,7850000,2000000,Giavang Archive
2024-03-01,13:35,"Vàng SJC 1L, 10L, 1KG (Vàng miếng 99.99%)",TP. Hồ Chí Minh,77800000,79800000,7780000,7980000,78800000,7880000,2000000,Giavang Archive
2024-03-02,08:30,"Vàng SJC 1L, 10L, 1KG (Vàng miếng 99.99%)",TP. Hồ Chí Minh,77800000,80300000,7780000,8030000,79050000,7905000,2500000,Giavang Archive
2024-03-03,08:30,"Vàng SJC 1L, 10L, 1KG (Vàng miếng 99.99%)",TP. Hồ Chí Minh,77800000,80300000,7780000,8030000,79050000,7905000,2500000,Giavang Archive
2024-03-04,08:25,"Vàng SJC 1L, 10L, 1KG (Vàng miếng 99.99%)",TP. Hồ Chí Minh,78400000,80400000,7840000,8040000,79400000,7940000,2000000,Giavang Archive
2024-03-05,09:00,"Vàng SJC 1L, 10L, 1KG (Vàng miếng 99.99%)",TP. Hồ Chí Minh,78800000,80800000,7880000,8080000,79800000,7980000,2000000,Giavang Archive
2024-03-06,08:30,"Vàng SJC 1L, 10L, 1KG (Vàng miếng 99.99%)",TP. Hồ Chí Minh,79000000,81000000,7900000,8100000,80000000,8000000,2000000,Giavang Archive
2024-03-07,08:35,"Vàng SJC 1L, 10L, 1KG (Vàng miếng 99.99%)",TP. Hồ Chí Minh,79800000,81800000,7980000,8180000,80800000,8080000,2000000,Giavang Archive
2024-03-08,08:30,"Vàng SJC 1L, 10L, 1KG (Vàng miếng 99.99%)",TP. Hồ Chí Minh,79900000,81900000,7990000,8190000,80900000,8090000,2000000,Giavang Archive
2024-03-09,10:35,"Vàng SJC 1L, 10L, 1KG (Vàng miếng 99.99%)",TP. Hồ Chí Minh,79500000,82000000,7950000,8200000,80750000,8075000,2500000,Giavang Archive
2024-03-10,10:35,"Vàng SJC 1L, 10L, 1KG (Vàng miếng 99.99%)",TP. Hồ Chí Minh,79500000,82000000,7950000,8200000,80750000,8075000,2500000,Giavang Archive
2024-03-11,14:35,"Vàng SJC 1L, 10L, 1KG (Vàng miếng 99.99%)",TP. Hồ Chí Minh,80200000,82200000,8020000,8220000,81200000,8120000,2000000,Giavang Archive
2024-03-12,09:00,"Vàng SJC 1L, 10L, 1KG (Vàng miếng 99.99%)",TP. Hồ Chí Minh,80500000,82500000,8050000,8250000,81500000,8150000,2000000,Giavang Archive
2024-03-13,08:30,"Vàng SJC 1L, 10L, 1KG (Vàng miếng 99.99%)",TP. Hồ Chí Minh,78200000,80700000,7820000,8070000,79450000,7945000,2500000,Giavang Archive
2024-03-14,10:05,"Vàng SJC 1L, 10L, 1KG (Vàng miếng 99.99%)",TP. Hồ Chí Minh,79500000,81500000,7950000,8150000,80500000,8050000,2000000,Giavang Archive
2024-03-15,08:40,"Vàng SJC 1L, 10L, 1KG (Vàng miếng 99.99%)",TP. Hồ Chí Minh,79700000,81700000,7970000,8170000,80700000,8070000,2000000,Giavang Archive
2024-03-16,10:10,"Vàng SJC 1L, 10L, 1KG (Vàng miếng 99.99%)",TP. Hồ Chí Minh,79200000,81700000,7920000,8170000,80450000,8045000,2500000,Giavang Archive
2024-03-17,10:10,"Vàng SJC 1L, 10L, 1KG (Vàng miếng 99.99%)",TP. Hồ Chí Minh,79200000,81700000,7920000,8170000,80450000,8045000,2500000,Giavang Archive
2024-03-18,08:20,"Vàng SJC 1L, 10L, 1KG (Vàng miếng 99.99%)",TP. Hồ Chí Minh,79400000,81400000,7940000,8140000,80400000,8040000,2000000,Giavang Archive
2024-03-19,08:30,"Vàng SJC 1L, 10L, 1KG (Vàng miếng 99.99%)",TP. Hồ Chí Minh,79500000,81500000,7950000,8150000,80500000,8050000,2000000,Giavang Archive
2024-03-20,11:00,"Vàng SJC 1L, 10L, 1KG (Vàng miếng 99.99%)",TP. Hồ Chí Minh,79400000,81400000,7940000,8140000,80400000,8040000,2000000,Giavang Archive
2024-03-21,08:35,"Vàng SJC 1L, 10L, 1KG (Vàng miếng 99.99%)",TP. Hồ Chí Minh,78800000,80800000,7880000,8080000,79800000,7980000,2000000,Giavang Archive
2024-03-22,08:30,"Vàng SJC 1L, 10L, 1KG (Vàng miếng 99.99%)",TP. Hồ Chí Minh,78000000,80000000,7800000,8000000,79000000,7900000,2000000,Giavang Archive
2024-03-23,08:35,"Vàng SJC 1L, 10L, 1KG (Vàng miếng 99.99%)",TP. Hồ Chí Minh,78000000,80300000,7800000,8030000,79150000,7915000,2300000,Giavang Archive
2024-03-24,08:35,"Vàng SJC 1L, 10L, 1KG (Vàng miếng 99.99%)",TP. Hồ Chí Minh,78000000,80300000,7800000,8030000,79150000,7915000,2300000,Giavang Archive
2024-03-25,08:25,"Vàng SJC 1L, 10L, 1KG (Vàng miếng 99.99%)",TP. Hồ Chí Minh,77900000,79900000,7790000,7990000,78900000,7890000,2000000,Giavang Archive
2024-03-26,15:30,"Vàng SJC 1L, 10L, 1KG (Vàng miếng 99.99%)",TP. Hồ Chí Minh,78300000,80300000,7830000,8030000,79300000,7930000,2000000,Giavang Archive
2024-03-27,13:20,"Vàng SJC 1L, 10L, 1KG (Vàng miếng 99.99%)",TP. Hồ Chí Minh,78900000,80900000,7890000,8090000,79900000,7990000,2000000,Giavang Archive
2024-03-28,08:30,"Vàng SJC 1L, 10L, 1KG (Vàng miếng 99.99%)",TP. Hồ Chí Minh,79000000,81000000,7900000,8100000,80000000,8000000,2000000,Giavang Archive
2024-03-29,09:00,"Vàng SJC 1L, 10L, 1KG (Vàng miếng 99.99%)",TP. Hồ Chí Minh,79000000,81000000,7900000,8100000,80000000,8000000,2000000,Giavang Archive
2024-03-30,08:40,"Vàng SJC 1L, 10L, 1KG (Vàng miếng 99.99%)",TP. Hồ Chí Minh,78300000,80800000,7830000,8080000,79550000,7955000,2500000,Giavang Archive
2024-03-31,08:40,"Vàng SJC 1L, 10L, 1KG (Vàng miếng 99.99%)",TP. Hồ Chí Minh,78300000,80800000,7830000,8080000,79550000,7955000,2500000,Giavang Archive
2024-04-01,08:50,"Vàng SJC 1L, 10L, 1KG (Vàng miếng 99.99%)",TP. Hồ Chí Minh,78600000,81100000,7860000,8110000,79850000,7985000,2500000,Giavang Archive
2024-04-02,13:00,"Vàng SJC 1L, 10L, 1KG (Vàng miếng 99.99%)",TP. Hồ Chí Minh,79300000,81300000,7930000,8130000,80300000,8030000,2000000,Giavang Archive
2024-04-03,08:25,"Vàng SJC 1L, 10L, 1KG (Vàng miếng 99.99%)",TP. Hồ Chí Minh,79100000,81100000,7910000,8110000,80100000,8010000,2000000,Giavang Archive
2024-04-04,09:15,"Vàng SJC 1L, 10L, 1KG (Vàng miếng 99.99%)",TP. Hồ Chí Minh,79300000,81300000,7930000,8130000,80300000,8030000,2000000,Giavang Archive
2024-04-05,09:55,"Vàng SJC 1L, 10L, 1KG (Vàng miếng 99.99%)",TP. Hồ Chí Minh,79500000,81500000,7950000,8150000,80500000,8050000,2000000,Giavang Archive
2024-04-06,08:30,"Vàng SJC 1L, 10L, 1KG (Vàng miếng 99.99%)",TP. Hồ Chí Minh,79500000,81900000,7950000,8190000,80700000,8070000,2400000,Giavang Archive
2024-04-07,08:30,"Vàng SJC 1L, 10L, 1KG (Vàng miếng 99.99%)",TP. Hồ Chí Minh,79500000,81900000,7950000,8190000,80700000,8070000,2400000,Giavang Archive
2024-04-08,10:05,"Vàng SJC 1L, 10L, 1KG (Vàng miếng 99.99%)",TP. Hồ Chí Minh,80400000,82400000,8040000,8240000,81400000,8140000,2000000,Giavang Archive
2024-04-09,08:40,"Vàng SJC 1L, 10L, 1KG (Vàng miếng 99.99%)",TP. Hồ Chí Minh,82800000,84800000,8280000,8480000,83800000,8380000,2000000,Giavang Archive
2024-04-10,08:20,"Vàng SJC 1L, 10L, 1KG (Vàng miếng 99.99%)",TP. Hồ Chí Minh,82400000,84400000,8240000,8440000,83400000,8340000,2000000,Giavang Archive
2024-04-11,08:30,"Vàng SJC 1L, 10L, 1KG (Vàng miếng 99.99%)",TP. Hồ Chí Minh,82200000,84200000,8220000,8420000,83200000,8320000,2000000,Giavang Archive
2024-04-12,15:10,"Vàng SJC 1L, 10L, 1KG (Vàng miếng 99.99%)",TP. Hồ Chí Minh,82500000,84500000,8250000,8450000,83500000,8350000,2000000,Giavang Archive
2024-04-13,08:25,"Vàng SJC 1L, 10L, 1KG (Vàng miếng 99.99%)",TP. Hồ Chí Minh,80600000,83100000,8060000,8310000,81850000,8185000,2500000,Giavang Archive
2024-04-14,08:25,"Vàng SJC 1L, 10L, 1KG (Vàng miếng 99.99%)",TP. Hồ Chí Minh,80600000,83100000,8060000,8310000,81850000,8185000,2500000,Giavang Archive
2024-04-15,16:50,"Vàng SJC 1L, 10L, 1KG (Vàng miếng 99.99%)",TP. Hồ Chí Minh,82100000,84100000,8210000,8410000,83100000,8310000,2000000,Giavang Archive
2024-04-16,16:15,"Vàng SJC 1L, 10L, 1KG (Vàng miếng 99.99%)",TP. Hồ Chí Minh,81700000,83700000,8170000,8370000,82700000,8270000,2000000,Giavang Archive
2024-04-17,15:15,"Vàng SJC 1L, 10L, 1KG (Vàng miếng 99.99%)",TP. Hồ Chí Minh,82100000,84100000,8210000,8410000,83100000,8310000,2000000,Giavang Archive
2024-04-18,17:00,"Vàng SJC 1L, 10L, 1KG (Vàng miếng 99.99%)",TP. Hồ Chí Minh,82100000,84100000,8210000,8410000,83100000,8310000,2000000,Giavang Archive
2024-04-19,11:56,"Vàng SJC 1L, 10L, 1KG (Vàng miếng 99.99%)",TP. Hồ Chí Minh,81800000,83800000,8180000,8380000,82800000,8280000,2000000,Giavang Archive
2024-04-20,08:25,"Vàng SJC 1L, 10L, 1KG (Vàng miếng 99.99%)",TP. Hồ Chí Minh,82000000,84000000,8200000,8400000,83000000,8300000,2000000,Giavang Archive
2024-04-21,08:25,"Vàng SJC 1L, 10L, 1KG (Vàng miếng 99.99%)",TP. Hồ Chí Minh,82000000,84000000,8200000,8400000,83000000,8300000,2000000,Giavang Archive
2024-04-22,08:30,"Vàng SJC 1L, 10L, 1KG (Vàng miếng 99.99%)",TP. Hồ Chí Minh,81000000,83500000,8100000,8350000,82250000,8225000,2500000,Giavang Archive
2024-04-23,08:45,"Vàng SJC 1L, 10L, 1KG (Vàng miếng 99.99%)",TP. Hồ Chí Minh,81000000,83300000,8100000,8330000,82150000,8215000,2300000,Giavang Archive
2024-04-24,14:05,"Vàng SJC 1L, 10L, 1KG (Vàng miếng 99.99%)",TP. Hồ Chí Minh,82500000,84500000,8250000,8450000,83500000,8350000,2000000,Giavang Archive
2024-04-25,10:20,"Vàng SJC 1L, 10L, 1KG (Vàng miếng 99.99%)",TP. Hồ Chí Minh,82000000,84300000,8200000,8430000,83150000,8315000,2300000,Giavang Archive
2024-04-26,08:35,"Vàng SJC 1L, 10L, 1KG (Vàng miếng 99.99%)",TP. Hồ Chí Minh,83000000,85200000,8300000,8520000,84100000,8410000,2200000,Giavang Archive
2024-04-27,08:35,"Vàng SJC 1L, 10L, 1KG (Vàng miếng 99.99%)",TP. Hồ Chí Minh,83000000,85200000,8300000,8520000,84100000,8410000,2200000,Giavang Archive
2024-04-28,08:35,"Vàng SJC 1L, 10L, 1KG (Vàng miếng 99.99%)",TP. Hồ Chí Minh,83000000,85200000,8300000,8520000,84100000,8410000,2200000,Giavang Archive
2024-04-29,08:35,"Vàng SJC 1L, 10L, 1KG (Vàng miếng 99.99%)",TP. Hồ Chí Minh,83000000,85200000,8300000,8520000,84100000,8410000,2200000,Giavang Archive
2024-04-30,08:35,"Vàng SJC 1L, 10L, 1KG (Vàng miếng 99.99%)",TP. Hồ Chí Minh,83000000,85200000,8300000,8520000,84100000,8410000,2200000,Giavang Archive
2024-05-01,08:35,"Vàng SJC 1L, 10L, 1KG (Vàng miếng 99.99%)",TP. Hồ Chí Minh,83000000,85200000,8300000,8520000,84100000,8410000,2200000,Giavang Archive
2024-05-02,09:55,"Vàng SJC 1L, 10L, 1KG (Vàng miếng 99.99%)",TP. Hồ Chí Minh,82900000,85100000,8290000,8510000,84000000,8400000,2200000,Giavang Archive
2024-05-03,09:15,"Vàng SJC 1L, 10L, 1KG (Vàng miếng 99.99%)",TP. Hồ Chí Minh,83500000,85800000,8350000,8580000,84650000,8465000,2300000,Giavang Archive
2024-05-04,08:35,"Vàng SJC 1L, 10L, 1KG (Vàng miếng 99.99%)",TP. Hồ Chí Minh,83500000,85900000,8350000,8590000,84700000,8470000,2400000,Giavang Archive
2024-05-05,08:35,"Vàng SJC 1L, 10L, 1KG (Vàng miếng 99.99%)",TP. Hồ Chí Minh,83500000,85900000,8350000,8590000,84700000,8470000,2400000,Giavang Archive
2024-05-06,09:05,"Vàng SJC 1L, 10L, 1KG (Vàng miếng 99.99%)",TP. Hồ Chí Minh,84300000,86500000,8430000,8650000,85400000,8540000,2200000,Giavang Archive
2024-05-07,09:00,"Vàng SJC 1L, 10L, 1KG (Vàng miếng 99.99%)",TP. Hồ Chí Minh,85300000,87500000,8530000,8750000,86400000,8640000,2200000,Giavang Archive
2024-05-08,08:30,"Vàng SJC 1L, 10L, 1KG (Vàng miếng 99.99%)",TP. Hồ Chí Minh,85200000,87500000,8520000,8750000,86350000,8635000,2300000,Giavang Archive
2024-05-09,08:35,"Vàng SJC 1L, 10L, 1KG (Vàng miếng 99.99%)",TP. Hồ Chí Minh,87200000,89500000,8720000,8950000,88350000,8835000,2300000,Giavang Archive
2024-05-10,08:35,"Vàng SJC 1L, 10L, 1KG (Vàng miếng 99.99%)",TP. Hồ Chí Minh,90100000,92400000,9010000,9240000,91250000,9125000,2300000,Giavang Archive
2024-05-11,09:50,"Vàng SJC 1L, 10L, 1KG (Vàng miếng 99.99%)",TP. Hồ Chí Minh,88800000,91300000,8880000,9130000,90050000,9005000,2500000,Giavang Archive
2024-05-12,09:50,"Vàng SJC 1L, 10L, 1KG (Vàng miếng 99.99%)",TP. Hồ Chí Minh,88800000,91300000,8880000,9130000,90050000,9005000,2500000,Giavang Archive
2024-05-13,09:00,"Vàng SJC 1L, 10L, 1KG (Vàng miếng 99.99%)",TP. Hồ Chí Minh,87500000,90000000,8750000,9000000,88750000,8875000,2500000,Giavang Archive
2024-05-14,08:25,"Vàng SJC 1L, 10L, 1KG (Vàng miếng 99.99%)",TP. Hồ Chí Minh,86000000,89000000,8600000,8900000,87500000,8750000,3000000,Giavang Archive
2024-05-15,08:50,"Vàng SJC 1L, 10L, 1KG (Vàng miếng 99.99%)",TP. Hồ Chí Minh,87700000,90200000,8770000,9020000,88950000,8895000,2500000,Giavang Archive
2024-05-16,08:35,"Vàng SJC 1L, 10L, 1KG (Vàng miếng 99.99%)",TP. Hồ Chí Minh,87500000,90000000,8750000,9000000,88750000,8875000,2500000,Giavang Archive
2024-05-17,13:25,"Vàng SJC 1L, 10L, 1KG (Vàng miếng 99.99%)",TP. Hồ Chí Minh,87500000,90000000,8750000,9000000,88750000,8875000,2500000,Giavang Archive
2024-05-18,08:37,"Vàng SJC 1L, 10L, 1KG (Vàng miếng 99.99%)",TP. Hồ Chí Minh,87700000,90400000,8770000,9040000,89050000,8905000,2700000,Giavang Archive
2024-05-19,08:37,"Vàng SJC 1L, 10L, 1KG (Vàng miếng 99.99%)",TP. Hồ Chí Minh,87700000,90400000,8770000,9040000,89050000,8905000,2700000,Giavang Archive
2024-05-20,14:53,"Vàng SJC 1L, 10L, 1KG (Vàng miếng 99.99%)",TP. Hồ Chí Minh,89000000,91000000,8900000,9100000,90000000,9000000,2000000,Giavang Archive
2024-05-21,15:44,"Vàng SJC 1L, 10L, 1KG (Vàng miếng 99.99%)",TP. Hồ Chí Minh,88700000,90700000,8870000,9070000,89700000,8970000,2000000,Giavang Archive
2024-05-22,15:00,"Vàng SJC 1L, 10L, 1KG (Vàng miếng 99.99%)",TP. Hồ Chí Minh,88900000,90900000,8890000,9090000,89900000,8990000,2000000,Giavang Archive
2024-05-23,08:55,"Vàng SJC 1L, 10L, 1KG (Vàng miếng 99.99%)",TP. Hồ Chí Minh,87800000,89800000,8780000,8980000,88800000,8880000,2000000,Giavang Archive
2024-05-24,08:30,"Vàng SJC 1L, 10L, 1KG (Vàng miếng 99.99%)",TP. Hồ Chí Minh,87500000,89500000,8750000,8950000,88500000,8850000,2000000,Giavang Archive
2024-05-25,08:22,"Vàng SJC 1L, 10L, 1KG (Vàng miếng 99.99%)",TP. Hồ Chí Minh,87500000,89500000,8750000,8950000,88500000,8850000,2000000,Giavang Archive
2024-05-26,08:22,"Vàng SJC 1L, 10L, 1KG (Vàng miếng 99.99%)",TP. Hồ Chí Minh,87500000,89500000,8750000,8950000,88500000,8850000,2000000,Giavang Archive
2024-05-27,15:34,"Vàng SJC 1L, 10L, 1KG (Vàng miếng 99.99%)",TP. Hồ Chí Minh,87900000,89900000,8790000,8990000,88900000,8890000,2000000,Giavang Archive
2024-05-28,13:32,"Vàng SJC 1L, 10L, 1KG (Vàng miếng 99.99%)",TP. Hồ Chí Minh,88500000,90500000,8850000,9050000,89500000,8950000,2000000,Giavang Archive
2024-05-29,16:15,"Vàng SJC 1L, 10L, 1KG (Vàng miếng 99.99%)",TP. Hồ Chí Minh,88300000,90300000,8830000,9030000,89300000,8930000,2000000,Giavang Archive
2024-05-30,15:10,"Vàng SJC 1L, 10L, 1KG (Vàng miếng 99.99%)",TP. Hồ Chí Minh,86300000,88800000,8630000,8880000,87550000,8755000,2500000,Giavang Archive
2024-05-31,14:32,"Vàng SJC 1L, 10L, 1KG (Vàng miếng 99.99%)",TP. Hồ Chí Minh,83000000,87000000,8300000,8700000,85000000,8500000,4000000,Giavang Archive
2024-06-01,17:03,"Vàng SJC 1L, 10L, 1KG (Vàng miếng 99.99%)",TP. Hồ Chí Minh,81000000,83000000,8100000,8300000,82000000,8200000,2000000,Giavang Archive
2024-06-02,17:03,"Vàng SJC 1L, 10L, 1KG (Vàng miếng 99.99%)",TP. Hồ Chí Minh,81000000,83000000,8100000,8300000,82000000,8200000,2000000,Giavang Archive
2024-06-03,14:29,"Vàng SJC 1L, 10L, 1KG (Vàng miếng 99.99%)",TP. Hồ Chí Minh,77980000,79980000,7798000,7998000,78980000,7898000,2000000,Giavang Archive
2024-06-04,15:11,"Vàng SJC 1L, 10L, 1KG (Vàng miếng 99.99%)",TP. Hồ Chí Minh,77480000,78980000,7748000,7898000,78230000,7823000,1500000,Giavang Archive
2024-06-05,15:23,"Vàng SJC 1L, 10L, 1KG (Vàng miếng 99.99%)",TP. Hồ Chí Minh,76780000,77980000,7678000,7798000,77380000,7738000,1200000,Giavang Archive
2024-06-06,10:03,"Vàng SJC 1L, 10L, 1KG (Vàng miếng 99.99%)",TP. Hồ Chí Minh,74980000,76980000,7498000,7698000,75980000,7598000,2000000,Giavang Archive
2024-06-07,15:42,"Vàng SJC 1L, 10L, 1KG (Vàng miếng 99.99%)",TP. Hồ Chí Minh,74980000,76980000,7498000,7698000,75980000,7598000,2000000,Giavang Archive
2024-06-08,09:01,"Vàng SJC 1L, 10L, 1KG (Vàng miếng 99.99%)",TP. Hồ Chí Minh,74980000,76980000,7498000,7698000,75980000,7598000,2000000,Giavang Archive
2024-06-09,09:01,"Vàng SJC 1L, 10L, 1KG (Vàng miếng 99.99%)",TP. Hồ Chí Minh,74980000,76980000,7498000,7698000,75980000,7598000,2000000,Giavang Archive
2024-06-10,08:21,"Vàng SJC 1L, 10L, 1KG (Vàng miếng 99.99%)",TP. Hồ Chí Minh,74980000,76980000,7498000,7698000,75980000,7598000,2000000,Giavang Archive
2024-06-11,09:15,"Vàng SJC 1L, 10L, 1KG (Vàng miếng 99.99%)",TP. Hồ Chí Minh,74980000,76980000,7498000,7698000,75980000,7598000,2000000,Giavang Archive
2024-06-12,08:31,"Vàng SJC 1L, 10L, 1KG (Vàng miếng 99.99%)",TP. Hồ Chí Minh,74980000,76980000,7498000,7698000,75980000,7598000,2000000,Giavang Archive
2024-06-13,13:58,"Vàng SJC 1L, 10L, 1KG (Vàng miếng 99.99%)",TP. Hồ Chí Minh,74980000,76980000,7498000,7698000,75980000,7598000,2000000,Giavang Archive
2024-06-14,14:52,"Vàng SJC 1L, 10L, 1KG (Vàng miếng 99.99%)",TP. Hồ Chí Minh,74980000,76980000,7498000,7698000,75980000,7598000,2000000,Giavang Archive
2024-06-15,19:13,"Vàng SJC 1L, 10L, 1KG (Vàng miếng 99.99%)",TP. Hồ Chí Minh,74980000,76980000,7498000,7698000,75980000,7598000,2000000,Giavang Archive
2024-06-16,19:13,"Vàng SJC 1L, 10L, 1KG (Vàng miếng 99.99%)",TP. Hồ Chí Minh,74980000,76980000,7498000,7698000,75980000,7598000,2000000,Giavang Archive
2024-06-17,08:38,"Vàng SJC 1L, 10L, 1KG (Vàng miếng 99.99%)",TP. Hồ Chí Minh,74980000,76980000,7498000,7698000,75980000,7598000,2000000,Giavang Archive
2024-06-18,08:41,"Vàng SJC 1L, 10L, 1KG (Vàng miếng 99.99%)",TP. Hồ Chí Minh,74980000,76980000,7498000,7698000,75980000,7598000,2000000,Giavang Archive
2024-06-19,14:06,"Vàng SJC 1L, 10L, 1KG (Vàng miếng 99.99%)",TP. Hồ Chí Minh,74980000,76980000,7498000,7698000,75980000,7598000,2000000,Giavang Archive
2024-06-20,15:21,"Vàng SJC 1L, 10L, 1KG (Vàng miếng 99.99%)",TP. Hồ Chí Minh,74980000,76980000,7498000,7698000,75980000,7598000,2000000,Giavang Archive
2024-06-21,11:00,"Vàng SJC 1L, 10L, 1KG (Vàng miếng 99.99%)",TP. Hồ Chí Minh,74980000,76980000,7498000,7698000,75980000,7598000,2000000,Giavang Archive
2024-06-22,08:33,"Vàng SJC 1L, 10L, 1KG (Vàng miếng 99.99%)",TP. Hồ Chí Minh,74980000,76980000,7498000,7698000,75980000,7598000,2000000,Giavang Archive
2024-06-23,08:33,"Vàng SJC 1L, 10L, 1KG (Vàng miếng 99.99%)",TP. Hồ Chí Minh,74980000,76980000,7498000,7698000,75980000,7598000,2000000,Giavang Archive
2024-06-24,14:45,"Vàng SJC 1L, 10L, 1KG (Vàng miếng 99.99%)",TP. Hồ Chí Minh,74980000,76980000,7498000,7698000,75980000,7598000,2000000,Giavang Archive
2024-06-25,08:30,"Vàng SJC 1L, 10L, 1KG (Vàng miếng 99.99%)",TP. Hồ Chí Minh,74980000,76980000,7498000,7698000,75980000,7598000,2000000,Giavang Archive
2024-06-26,09:37,"Vàng SJC 1L, 10L, 1KG (Vàng miếng 99.99%)",TP. Hồ Chí Minh,74980000,76980000,7498000,7698000,75980000,7598000,2000000,Giavang Archive
2024-06-27,15:51,"Vàng SJC 1L, 10L, 1KG (Vàng miếng 99.99%)",TP. Hồ Chí Minh,74980000,76980000,7498000,7698000,75980000,7598000,2000000,Giavang Archive
2024-06-28,13:58,"Vàng SJC 1L, 10L, 1KG (Vàng miếng 99.99%)",TP. Hồ Chí Minh,74980000,76980000,7498000,7698000,75980000,7598000,2000000,Giavang Archive
2024-06-29,13:58,"Vàng SJC 1L, 10L, 1KG (Vàng miếng 99.99%)",TP. Hồ Chí Minh,74980000,76980000,7498000,7698000,75980000,7598000,2000000,Giavang Archive
2024-06-30,13:58,"Vàng SJC 1L, 10L, 1KG (Vàng miếng 99.99%)",TP. Hồ Chí Minh,74980000,76980000,7498000,7698000,75980000,7598000,2000000,Giavang Archive
2024-07-01,08:25,"Vàng SJC 1L, 10L, 1KG (Vàng miếng 99.99%)",TP. Hồ Chí Minh,74980000,76980000,7498000,7698000,75980000,7598000,2000000,Giavang Archive
2024-07-02,14:18,"Vàng SJC 1L, 10L, 1KG (Vàng miếng 99.99%)",TP. Hồ Chí Minh,74980000,76980000,7498000,7698000,75980000,7598000,2000000,Giavang Archive
2024-07-03,15:12,"Vàng SJC 1L, 10L, 1KG (Vàng miếng 99.99%)",TP. Hồ Chí Minh,74980000,76980000,7498000,7698000,75980000,7598000,2000000,Giavang Archive
2024-07-04,08:35,"Vàng SJC 1L, 10L, 1KG (Vàng miếng 99.99%)",TP. Hồ Chí Minh,74980000,76980000,7498000,7698000,75980000,7598000,2000000,Giavang Archive
2024-07-05,08:18,"Vàng SJC 1L, 10L, 1KG (Vàng miếng 99.99%)",TP. Hồ Chí Minh,74980000,76980000,7498000,7698000,75980000,7598000,2000000,Giavang Archive
2024-07-06,08:27,"Vàng SJC 1L, 10L, 1KG (Vàng miếng 99.99%)",TP. Hồ Chí Minh,74980000,76980000,7498000,7698000,75980000,7598000,2000000,Giavang Archive
2024-07-07,08:27,"Vàng SJC 1L, 10L, 1KG (Vàng miếng 99.99%)",TP. Hồ Chí Minh,74980000,76980000,7498000,7698000,75980000,7598000,2000000,Giavang Archive
2024-07-08,13:46,"Vàng SJC 1L, 10L, 1KG (Vàng miếng 99.99%)",TP. Hồ Chí Minh,74980000,76980000,7498000,7698000,75980000,7598000,2000000,Giavang Archive
2024-07-09,08:27,"Vàng SJC 1L, 10L, 1KG (Vàng miếng 99.99%)",TP. Hồ Chí Minh,74980000,76980000,7498000,7698000,75980000,7598000,2000000,Giavang Archive
2024-07-10,14:31,"Vàng SJC 1L, 10L, 1KG (Vàng miếng 99.99%)",TP. Hồ Chí Minh,74980000,76980000,7498000,7698000,75980000,7598000,2000000,Giavang Archive
2024-07-11,16:09,"Vàng SJC 1L, 10L, 1KG (Vàng miếng 99.99%)",TP. Hồ Chí Minh,74980000,76980000,7498000,7698000,75980000,7598000,2000000,Giavang Archive
2024-07-12,13:59,"Vàng SJC 1L, 10L, 1KG (Vàng miếng 99.99%)",TP. Hồ Chí Minh,75480000,76980000,7548000,7698000,76230000,7623000,1500000,Giavang Archive
2024-07-13,13:59,"Vàng SJC 1L, 10L, 1KG (Vàng miếng 99.99%)",TP. Hồ Chí Minh,75480000,76980000,7548000,7698000,76230000,7623000,1500000,Giavang Archive
2024-07-14,13:59,"Vàng SJC 1L, 10L, 1KG (Vàng miếng 99.99%)",TP. Hồ Chí Minh,75480000,76980000,7548000,7698000,76230000,7623000,1500000,Giavang Archive
2024-07-15,08:32,"Vàng SJC 1L, 10L, 1KG (Vàng miếng 99.99%)",TP. Hồ Chí Minh,75480000,76980000,7548000,7698000,76230000,7623000,1500000,Giavang Archive
2024-07-16,08:26,"Vàng SJC 1L, 10L, 1KG (Vàng miếng 99.99%)",TP. Hồ Chí Minh,75480000,76980000,7548000,7698000,76230000,7623000,1500000,Giavang Archive
2024-07-17,09:59,"Vàng SJC 1L, 10L, 1KG (Vàng miếng 99.99%)",TP. Hồ Chí Minh,75980000,76980000,7598000,7698000,76480000,7648000,1000000,Giavang Archive
2024-07-18,13:53,"Vàng SJC 1L, 10L, 1KG (Vàng miếng 99.99%)",TP. Hồ Chí Minh,78500000,80000000,7850000,8000000,79250000,7925000,1500000,Giavang Archive
2024-07-19,13:25,"Vàng SJC 1L, 10L, 1KG (Vàng miếng 99.99%)",TP. Hồ Chí Minh,78500000,80000000,7850000,8000000,79250000,7925000,1500000,Giavang Archive
2024-07-20,08:36,"Vàng SJC 1L, 10L, 1KG (Vàng miếng 99.99%)",TP. Hồ Chí Minh,78000000,80000000,7800000,8000000,79000000,7900000,2000000,Giavang Archive
2024-07-21,08:36,"Vàng SJC 1L, 10L, 1KG (Vàng miếng 99.99%)",TP. Hồ Chí Minh,78000000,80000000,7800000,8000000,79000000,7900000,2000000,Giavang Archive
2024-07-22,08:29,"Vàng SJC 1L, 10L, 1KG (Vàng miếng 99.99%)",TP. Hồ Chí Minh,78000000,80000000,7800000,8000000,79000000,7900000,2000000,Giavang Archive
2024-07-23,13:35,"Vàng SJC 1L, 10L, 1KG (Vàng miếng 99.99%)",TP. Hồ Chí Minh,77500000,79500000,7750000,7950000,78500000,7850000,2000000,Giavang Archive
2024-07-24,08:25,"Vàng SJC 1L, 10L, 1KG (Vàng miếng 99.99%)",TP. Hồ Chí Minh,77500000,79500000,7750000,7950000,78500000,7850000,2000000,Giavang Archive
2024-07-25,14:18,"Vàng SJC 1L, 10L, 1KG (Vàng miếng 99.99%)",TP. Hồ Chí Minh,77500000,79500000,7750000,7950000,78500000,7850000,2000000,Giavang Archive
2024-07-26,09:37,"Vàng SJC 1L, 10L, 1KG (Vàng miếng 99.99%)",TP. Hồ Chí Minh,77500000,79500000,7750000,7950000,78500000,7850000,2000000,Giavang Archive
2024-07-27,08:29,"Vàng SJC 1L, 10L, 1KG (Vàng miếng 99.99%)",TP. Hồ Chí Minh,77500000,79500000,7750000,7950000,78500000,7850000,2000000,Giavang Archive
2024-07-28,08:29,"Vàng SJC 1L, 10L, 1KG (Vàng miếng 99.99%)",TP. Hồ Chí Minh,77500000,79500000,7750000,7950000,78500000,7850000,2000000,Giavang Archive
2024-07-29,10:50,"Vàng SJC 1L, 10L, 1KG (Vàng miếng 99.99%)",TP. Hồ Chí Minh,77500000,79500000,7750000,7950000,78500000,7850000,2000000,Giavang Archive
2024-07-30,10:45,"Vàng SJC 1L, 10L, 1KG (Vàng miếng 99.99%)",TP. Hồ Chí Minh,77000000,79000000,7700000,7900000,78000000,7800000,2000000,Giavang Archive
2024-07-31,13:42,"Vàng SJC 1L, 10L, 1KG (Vàng miếng 99.99%)",TP. Hồ Chí Minh,77000000,79000000,7700000,7900000,78000000,7800000,2000000,Giavang Archive
2024-08-01,15:56,"Vàng SJC 1L, 10L, 1KG (Vàng miếng 99.99%)",TP. Hồ Chí Minh,77800000,79800000,7780000,7980000,78800000,7880000,2000000,Giavang Archive
2024-08-02,14:23,"Vàng SJC 1L, 10L, 1KG (Vàng miếng 99.99%)",TP. Hồ Chí Minh,78300000,79800000,7830000,7980000,79050000,7905000,1500000,Giavang Archive
2024-08-03,08:21,"Vàng SJC 1L, 10L, 1KG (Vàng miếng 99.99%)",TP. Hồ Chí Minh,78300000,79800000,7830000,7980000,79050000,7905000,1500000,Giavang Archive
2024-08-04,08:21,"Vàng SJC 1L, 10L, 1KG (Vàng miếng 99.99%)",TP. Hồ Chí Minh,78300000,79800000,7830000,7980000,79050000,7905000,1500000,Giavang Archive
2024-08-05,14:37,"Vàng SJC 1L, 10L, 1KG (Vàng miếng 99.99%)",TP. Hồ Chí Minh,78300000,79800000,7830000,7980000,79050000,7905000,1500000,Giavang Archive
2024-08-06,08:31,"Vàng SJC 1L, 10L, 1KG (Vàng miếng 99.99%)",TP. Hồ Chí Minh,77000000,79000000,7700000,7900000,78000000,7800000,2000000,Giavang Archive
2024-08-07,09:54,"Vàng SJC 1L, 10L, 1KG (Vàng miếng 99.99%)",TP. Hồ Chí Minh,77000000,79000000,7700000,7900000,78000000,7800000,2000000,Giavang Archive
2024-08-08,13:32,"Vàng SJC 1L, 10L, 1KG (Vàng miếng 99.99%)",TP. Hồ Chí Minh,76500000,78500000,7650000,7850000,77500000,7750000,2000000,Giavang Archive
2024-08-09,08:16,"Vàng SJC 1L, 10L, 1KG (Vàng miếng 99.99%)",TP. Hồ Chí Minh,76500000,78500000,7650000,7850000,77500000,7750000,2000000,Giavang Archive
2024-08-10,08:30,"Vàng SJC 1L, 10L, 1KG (Vàng miếng 99.99%)",TP. Hồ Chí Minh,76500000,78500000,7650000,7850000,77500000,7750000,2000000,Giavang Archive
2024-08-11,08:30,"Vàng SJC 1L, 10L, 1KG (Vàng miếng 99.99%)",TP. Hồ Chí Minh,76500000,78500000,7650000,7850000,77500000,7750000,2000000,Giavang Archive
2024-08-12,14:53,"Vàng SJC 1L, 10L, 1KG (Vàng miếng 99.99%)",TP. Hồ Chí Minh,76500000,78500000,7650000,7850000,77500000,7750000,2000000,Giavang Archive
2024-08-13,08:27,"Vàng SJC 1L, 10L, 1KG (Vàng miếng 99.99%)",TP. Hồ Chí Minh,78000000,80000000,7800000,8000000,79000000,7900000,2000000,Giavang Archive
2024-08-14,08:06,"Vàng SJC 1L, 10L, 1KG (Vàng miếng 99.99%)",TP. Hồ Chí Minh,78000000,80000000,7800000,8000000,79000000,7900000,2000000,Giavang Archive
2024-08-15,08:19,"Vàng SJC 1L, 10L, 1KG (Vàng miếng 99.99%)",TP. Hồ Chí Minh,78000000,80000000,7800000,8000000,79000000,7900000,2000000,Giavang Archive
2024-08-16,09:33,"Vàng SJC 1L, 10L, 1KG (Vàng miếng 99.99%)",TP. Hồ Chí Minh,78000000,80000000,7800000,8000000,79000000,7900000,2000000,Giavang Archive
2024-08-17,08:26,"Vàng SJC 1L, 10L, 1KG (Vàng miếng 99.99%)",TP. Hồ Chí Minh,78000000,80000000,7800000,8000000,79000000,7900000,2000000,Giavang Archive
2024-08-18,08:26,"Vàng SJC 1L, 10L, 1KG (Vàng miếng 99.99%)",TP. Hồ Chí Minh,78000000,80000000,7800000,8000000,79000000,7900000,2000000,Giavang Archive
2024-08-19,08:27,"Vàng SJC 1L, 10L, 1KG (Vàng miếng 99.99%)",TP. Hồ Chí Minh,78000000,80000000,7800000,8000000,79000000,7900000,2000000,Giavang Archive
2024-08-20,15:09,"Vàng SJC 1L, 10L, 1KG (Vàng miếng 99.99%)",TP. Hồ Chí Minh,79000000,81000000,7900000,8100000,80000000,8000000,2000000,Giavang Archive
2024-08-21,09:23,"Vàng SJC 1L, 10L, 1KG (Vàng miếng 99.99%)",TP. Hồ Chí Minh,79000000,81000000,7900000,8100000,80000000,8000000,2000000,Giavang Archive
2024-08-22,08:10,"Vàng SJC 1L, 10L, 1KG (Vàng miếng 99.99%)",TP. Hồ Chí Minh,79000000,81000000,7900000,8100000,80000000,8000000,2000000,Giavang Archive
2024-08-23,16:19,"Vàng SJC 1L, 10L, 1KG (Vàng miếng 99.99%)",TP. Hồ Chí Minh,79000000,81000000,7900000,8100000,80000000,8000000,2000000,Giavang Archive
2024-08-24,08:26,"Vàng SJC 1L, 10L, 1KG (Vàng miếng 99.99%)",TP. Hồ Chí Minh,79000000,81000000,7900000,8100000,80000000,8000000,2000000,Giavang Archive
2024-08-25,08:26,"Vàng SJC 1L, 10L, 1KG (Vàng miếng 99.99%)",TP. Hồ Chí Minh,79000000,81000000,7900000,8100000,80000000,8000000,2000000,Giavang Archive
2024-08-26,15:09,"Vàng SJC 1L, 10L, 1KG (Vàng miếng 99.99%)",TP. Hồ Chí Minh,79000000,81000000,7900000,8100000,80000000,8000000,2000000,Giavang Archive
2024-08-27,09:36,"Vàng SJC 1L, 10L, 1KG (Vàng miếng 99.99%)",TP. Hồ Chí Minh,79000000,81000000,7900000,8100000,80000000,8000000,2000000,Giavang Archive
2024-08-28,13:47,"Vàng SJC 1L, 10L, 1KG (Vàng miếng 99.99%)",TP. Hồ Chí Minh,79000000,81000000,7900000,8100000,80000000,8000000,2000000,Giavang Archive
2024-08-29,13:55,"Vàng SJC 1L, 10L, 1KG (Vàng miếng 99.99%)",TP. Hồ Chí Minh,79000000,81000000,7900000,8100000,80000000,8000000,2000000,Giavang Archive
2024-08-30,08:29,"Vàng SJC 1L, 10L, 1KG (Vàng miếng 99.99%)",TP. Hồ Chí Minh,79000000,81000000,7900000,8100000,80000000,8000000,2000000,Giavang Archive
2024-08-31,08:23,"Vàng SJC 1L, 10L, 1KG (Vàng miếng 99.99%)",TP. Hồ Chí Minh,79000000,81000000,7900000,8100000,80000000,8000000,2000000,Giavang Archive
2024-09-01,08:23,"Vàng SJC 1L, 10L, 1KG (Vàng miếng 99.99%)",TP. Hồ Chí Minh,79000000,81000000,7900000,8100000,80000000,8000000,2000000,Giavang Archive
2024-09-02,08:23,"Vàng SJC 1L, 10L, 1KG (Vàng miếng 99.99%)",TP. Hồ Chí Minh,79000000,81000000,7900000,8100000,80000000,8000000,2000000,Giavang Archive
2024-09-03,08:23,"Vàng SJC 1L, 10L, 1KG (Vàng miếng 99.99%)",TP. Hồ Chí Minh,79000000,81000000,7900000,8100000,80000000,8000000,2000000,Giavang Archive
2024-09-04,13:46,"Vàng SJC 1L, 10L, 1KG (Vàng miếng 99.99%)",TP. Hồ Chí Minh,79000000,81000000,7900000,8100000,80000000,8000000,2000000,Giavang Archive
2024-09-05,15:34,"Vàng SJC 1L, 10L, 1KG (Vàng miếng 99.99%)",TP. Hồ Chí Minh,78500000,80500000,7850000,8050000,79500000,7950000,2000000,Giavang Archive
2024-09-06,08:19,"Vàng SJC 1L, 10L, 1KG (Vàng miếng 99.99%)",TP. Hồ Chí Minh,78500000,80500000,7850000,8050000,79500000,7950000,2000000,Giavang Archive
2024-09-07,08:19,"Vàng SJC 1L, 10L, 1KG (Vàng miếng 99.99%)",TP. Hồ Chí Minh,78500000,80500000,7850000,8050000,79500000,7950000,2000000,Giavang Archive
2024-09-08,08:19,"Vàng SJC 1L, 10L, 1KG (Vàng miếng 99.99%)",TP. Hồ Chí Minh,78500000,80500000,7850000,8050000,79500000,7950000,2000000,Giavang Archive
2024-09-09,08:19,"Vàng SJC 1L, 10L, 1KG (Vàng miếng 99.99%)",TP. Hồ Chí Minh,78500000,80500000,7850000,8050000,79500000,7950000,2000000,Giavang Archive
2024-09-10,09:20,"Vàng SJC 1L, 10L, 1KG (Vàng miếng 99.99%)",TP. Hồ Chí Minh,78500000,80500000,7850000,8050000,79500000,7950000,2000000,Giavang Archive
2024-09-11,08:27,"Vàng SJC 1L, 10L, 1KG (Vàng miếng 99.99%)",TP. Hồ Chí Minh,78500000,80500000,7850000,8050000,79500000,7950000,2000000,Giavang Archive
2024-09-12,08:54,"Vàng SJC 1L, 10L, 1KG (Vàng miếng 99.99%)",TP. Hồ Chí Minh,78500000,80500000,7850000,8050000,79500000,7950000,2000000,Giavang Archive
2024-09-13,08:31,"Vàng SJC 1L, 10L, 1KG (Vàng miếng 99.99%)",TP. Hồ Chí Minh,78500000,80500000,7850000,8050000,79500000,7950000,2000000,Giavang Archive
2024-09-14,08:31,"Vàng SJC 1L, 10L, 1KG (Vàng miếng 99.99%)",TP. Hồ Chí Minh,78500000,80500000,7850000,8050000,79500000,7950000,2000000,Giavang Archive
2024-09-15,08:31,"Vàng SJC 1L, 10L, 1KG (Vàng miếng 99.99%)",TP. Hồ Chí Minh,78500000,80500000,7850000,8050000,79500000,7950000,2000000,Giavang Archive
2024-09-16,08:23,"Vàng SJC 1L, 10L, 1KG (Vàng miếng 99.99%)",TP. Hồ Chí Minh,78500000,80500000,7850000,8050000,79500000,7950000,2000000,Giavang Archive
2024-09-17,08:35,"Vàng SJC 1L, 10L, 1KG (Vàng miếng 99.99%)",TP. Hồ Chí Minh,80000000,82000000,8000000,8200000,81000000,8100000,2000000,Giavang Archive
2024-09-18,08:19,"Vàng SJC 1L, 10L, 1KG (Vàng miếng 99.99%)",TP. Hồ Chí Minh,80000000,82000000,8000000,8200000,81000000,8100000,2000000,Giavang Archive
2024-09-19,13:40,"Vàng SJC 1L, 10L, 1KG (Vàng miếng 99.99%)",TP. Hồ Chí Minh,79800000,81800000,7980000,8180000,80800000,8080000,2000000,Giavang Archive
2024-09-20,15:54,"Vàng SJC 1L, 10L, 1KG (Vàng miếng 99.99%)",TP. Hồ Chí Minh,80000000,82000000,8000000,8200000,81000000,8100000,2000000,Giavang Archive
2024-09-21,08:40,"Vàng SJC 1L, 10L, 1KG (Vàng miếng 99.99%)",TP. Hồ Chí Minh,80000000,82000000,8000000,8200000,81000000,8100000,2000000,Giavang Archive
2024-09-22,08:40,"Vàng SJC 1L, 10L, 1KG (Vàng miếng 99.99%)",TP. Hồ Chí Minh,80000000,82000000,8000000,8200000,81000000,8100000,2000000,Giavang Archive
2024-09-23,10:15,"Vàng SJC 1L, 10L, 1KG (Vàng miếng 99.99%)",TP. Hồ Chí Minh,80000000,82000000,8000000,8200000,81000000,8100000,2000000,Giavang Archive
2024-09-24,10:30,"Vàng SJC 1L, 10L, 1KG (Vàng miếng 99.99%)",TP. Hồ Chí Minh,81500000,83500000,8150000,8350000,82500000,8250000,2000000,Giavang Archive
2024-09-25,08:38,"Vàng SJC 1L, 10L, 1KG (Vàng miếng 99.99%)",TP. Hồ Chí Minh,81500000,83500000,8150000,8350000,82500000,8250000,2000000,Giavang Archive
2024-09-26,14:01,"Vàng SJC 1L, 10L, 1KG (Vàng miếng 99.99%)",TP. Hồ Chí Minh,81500000,83500000,8150000,8350000,82500000,8250000,2000000,Giavang Archive
2024-09-27,08:26,"Vàng SJC 1L, 10L, 1KG (Vàng miếng 99.99%)",TP. Hồ Chí Minh,81500000,83500000,8150000,8350000,82500000,8250000,2000000,Giavang Archive
2024-09-28,08:26,"Vàng SJC 1L, 10L, 1KG (Vàng miếng 99.99%)",TP. Hồ Chí Minh,81500000,83500000,8150000,8350000,82500000,8250000,2000000,Giavang Archive
2024-09-29,08:26,"Vàng SJC 1L, 10L, 1KG (Vàng miếng 99.99%)",TP. Hồ Chí Minh,81500000,83500000,8150000,8350000,82500000,8250000,2000000,Giavang Archive
2024-09-30,08:27,"Vàng SJC 1L, 10L, 1KG (Vàng miếng 99.99%)",TP. Hồ Chí Minh,81500000,83500000,8150000,8350000,82500000,8250000,2000000,Giavang Archive
2024-10-01,08:28,"Vàng SJC 1L, 10L, 1KG (Vàng miếng 99.99%)",TP. Hồ Chí Minh,82000000,84000000,8200000,8400000,83000000,8300000,2000000,Giavang Archive
2024-10-02,10:17,"Vàng SJC 1L, 10L, 1KG (Vàng miếng 99.99%)",TP. Hồ Chí Minh,82000000,84000000,8200000,8400000,83000000,8300000,2000000,Giavang Archive
2024-10-03,08:32,"Vàng SJC 1L, 10L, 1KG (Vàng miếng 99.99%)",TP. Hồ Chí Minh,82000000,84000000,8200000,8400000,83000000,8300000,2000000,Giavang Archive
2024-10-04,13:33,"Vàng SJC 1L, 10L, 1KG (Vàng miếng 99.99%)",TP. Hồ Chí Minh,82000000,84000000,8200000,8400000,83000000,8300000,2000000,Giavang Archive
2024-10-05,13:33,"Vàng SJC 1L, 10L, 1KG (Vàng miếng 99.99%)",TP. Hồ Chí Minh,82000000,84000000,8200000,8400000,83000000,8300000,2000000,Giavang Archive
2024-10-06,13:33,"Vàng SJC 1L, 10L, 1KG (Vàng miếng 99.99%)",TP. Hồ Chí Minh,82000000,84000000,8200000,8400000,83000000,8300000,2000000,Giavang Archive
2024-10-07,08:23,"Vàng SJC 1L, 10L, 1KG (Vàng miếng 99.99%)",TP. Hồ Chí Minh,82000000,84000000,8200000,8400000,83000000,8300000,2000000,Giavang Archive
2024-10-08,08:01,"Vàng SJC 1L, 10L, 1KG (Vàng miếng 99.99%)",TP. Hồ Chí Minh,83000000,85000000,8300000,8500000,84000000,8400000,2000000,Giavang Archive
2024-10-09,08:30,"Vàng SJC 1L, 10L, 1KG (Vàng miếng 99.99%)",TP. Hồ Chí Minh,83000000,85000000,8300000,8500000,84000000,8400000,2000000,Giavang Archive
2024-10-10,14:14,"Vàng SJC 1L, 10L, 1KG (Vàng miếng 99.99%)",TP. Hồ Chí Minh,82500000,84500000,8250000,8450000,83500000,8350000,2000000,Giavang Archive
2024-10-11,17:00,"Vàng SJC 1L, 10L, 1KG (Vàng miếng 99.99%)",TP. Hồ Chí Minh,82500000,84500000,8250000,8450000,83500000,8350000,2000000,Giavang Archive
2024-10-12,17:00,"Vàng SJC 1L, 10L, 1KG (Vàng miếng 99.99%)",TP. Hồ Chí Minh,82500000,84500000,8250000,8450000,83500000,8350000,2000000,Giavang Archive
2024-10-13,17:00,"Vàng SJC 1L, 10L, 1KG (Vàng miếng 99.99%)",TP. Hồ Chí Minh,82500000,84500000,8250000,8450000,83500000,8350000,2000000,Giavang Archive
2024-10-14,17:00,"Vàng SJC 1L, 10L, 1KG (Vàng miếng 99.99%)",TP. Hồ Chí Minh,83000000,85000000,8300000,8500000,84000000,8400000,2000000,Giavang Archive
2024-10-15,17:00,"Vàng SJC 1L, 10L, 1KG (Vàng miếng 99.99%)",TP. Hồ Chí Minh,83000000,85000000,8300000,8500000,84000000,8400000,2000000,Giavang Archive
2024-10-16,13:59,"Vàng SJC 1L, 10L, 1KG (Vàng miếng 99.99%)",TP. Hồ Chí Minh,84000000,86000000,8400000,8600000,85000000,8500000,2000000,Giavang Archive
2024-10-17,15:51,"Vàng SJC 1L, 10L, 1KG (Vàng miếng 99.99%)",TP. Hồ Chí Minh,84000000,86000000,8400000,8600000,85000000,8500000,2000000,Giavang Archive
2024-10-18,13:46,"Vàng SJC 1L, 10L, 1KG (Vàng miếng 99.99%)",TP. Hồ Chí Minh,84000000,86000000,8400000,8600000,85000000,8500000,2000000,Giavang Archive
2024-10-19,08:33,"Vàng SJC 1L, 10L, 1KG (Vàng miếng 99.99%)",TP. Hồ Chí Minh,84000000,86000000,8400000,8600000,85000000,8500000,2000000,Giavang Archive
2024-10-20,08:50,"Vàng SJC 1L, 10L, 1KG (Vàng miếng 99.99%)",TP. Hồ Chí Minh,84000000,86000000,8400000,8600000,85000000,8500000,2000000,Giavang Archive
2024-10-21,15:28,"Vàng SJC 1L, 10L, 1KG (Vàng miếng 99.99%)",TP. Hồ Chí Minh,86000000,88000000,8600000,8800000,87000000,8700000,2000000,Giavang Archive
2024-10-22,14:47,"Vàng SJC 1L, 10L, 1KG (Vàng miếng 99.99%)",TP. Hồ Chí Minh,87000000,89000000,8700000,8900000,88000000,8800000,2000000,Giavang Archive
2024-10-23,17:00,"Vàng SJC 1L, 10L, 1KG (Vàng miếng 99.99%)",TP. Hồ Chí Minh,87000000,89000000,8700000,8900000,88000000,8800000,2000000,Giavang Archive
2024-10-24,17:00,"Vàng SJC 1L, 10L, 1KG (Vàng miếng 99.99%)",TP. Hồ Chí Minh,87000000,89000000,8700000,8900000,88000000,8800000,2000000,Giavang Archive
2024-10-25,17:00,"Vàng SJC 1L, 10L, 1KG (Vàng miếng 99.99%)",TP. Hồ Chí Minh,87000000,89000000,8700000,8900000,88000000,8800000,2000000,Giavang Archive
2024-10-26,17:00,"Vàng SJC 1L, 10L, 1KG (Vàng miếng 99.99%)",TP. Hồ Chí Minh,87000000,89000000,8700000,8900000,88000000,8800000,2000000,Giavang Archive
2024-10-27,17:00,"Vàng SJC 1L, 10L, 1KG (Vàng miếng 99.99%)",TP. Hồ Chí Minh,87000000,89000000,8700000,8900000,88000000,8800000,2000000,Giavang Archive
2024-10-28,17:00,"Vàng SJC 1L, 10L, 1KG (Vàng miếng 99.99%)",TP. Hồ Chí Minh,87000000,89000000,8700000,8900000,88000000,8800000,2000000,Giavang Archive
2024-10-29,17:00,"Vàng SJC 1L, 10L, 1KG (Vàng miếng 99.99%)",TP. Hồ Chí Minh,87000000,89000000,8700000,8900000,88000000,8800000,2000000,Giavang Archive
2024-10-30,08:25,"Vàng SJC 1L, 10L, 1KG (Vàng miếng 99.99%)",TP. Hồ Chí Minh,88000000,90000000,8800000,9000000,89000000,8900000,2000000,Giavang Archive
2024-10-31,08:25,"Vàng SJC 1L, 10L, 1KG (Vàng miếng 99.99%)",TP. Hồ Chí Minh,88000000,90000000,8800000,9000000,89000000,8900000,2000000,Giavang Archive
2024-11-01,08:25,"Vàng SJC 1L, 10L, 1KG (Vàng miếng 99.99%)",TP. Hồ Chí Minh,88000000,90000000,8800000,9000000,89000000,8900000,2000000,Giavang Archive
2024-11-02,08:25,"Vàng SJC 1L, 10L, 1KG (Vàng miếng 99.99%)",TP. Hồ Chí Minh,88000000,90000000,8800000,9000000,89000000,8900000,2000000,Giavang Archive
2024-11-03,08:25,"Vàng SJC 1L, 10L, 1KG (Vàng miếng 99.99%)",TP. Hồ Chí Minh,88000000,90000000,8800000,9000000,89000000,8900000,2000000,Giavang Archive
2024-11-04,08:25,"Vàng SJC 1L, 10L, 1KG (Vàng miếng 99.99%)",TP. Hồ Chí Minh,88000000,90000000,8800000,9000000,89000000,8900000,2000000,Giavang Archive
2024-11-05,08:25,"Vàng SJC 1L, 10L, 1KG (Vàng miếng 99.99%)",TP. Hồ Chí Minh,88000000,90000000,8800000,9000000,89000000,8900000,2000000,Giavang Archive
2024-11-06,08:25,"Vàng SJC 1L, 10L, 1KG (Vàng miếng 99.99%)",TP. Hồ Chí Minh,88000000,90000000,8800000,9000000,89000000,8900000,2000000,Giavang Archive
2024-11-07,08:25,"Vàng SJC 1L, 10L, 1KG (Vàng miếng 99.99%)",TP. Hồ Chí Minh,88000000,90000000,8800000,9000000,89000000,8900000,2000000,Giavang Archive
2024-11-08,08:25,"Vàng SJC 1L, 10L, 1KG (Vàng miếng 99.99%)",TP. Hồ Chí Minh,88000000,90000000,8800000,9000000,89000000,8900000,2000000,Giavang Archive
2024-11-09,08:25,"Vàng SJC 1L, 10L, 1KG (Vàng miếng 99.99%)",TP. Hồ Chí Minh,88000000,90000000,8800000,9000000,89000000,8900000,2000000,Giavang Archive
2024-11-10,08:25,"Vàng SJC 1L, 10L, 1KG (Vàng miếng 99.99%)",TP. Hồ Chí Minh,88000000,90000000,8800000,9000000,89000000,8900000,2000000,Giavang Archive
2024-11-11,08:25,"Vàng SJC 1L, 10L, 1KG (Vàng miếng 99.99%)",TP. Hồ Chí Minh,88000000,90000000,8800000,9000000,89000000,8900000,2000000,Giavang Archive
2024-11-12,08:25,"Vàng SJC 1L, 10L, 1KG (Vàng miếng 99.99%)",TP. Hồ Chí Minh,88000000,90000000,8800000,9000000,89000000,8900000,2000000,Giavang Archive
2024-11-13,08:25,"Vàng SJC 1L, 10L, 1KG (Vàng miếng 99.99%)",TP. Hồ Chí Minh,88000000,90000000,8800000,9000000,89000000,8900000,2000000,Giavang Archive
2024-11-14,08:25,"Vàng SJC 1L, 10L, 1KG (Vàng miếng 99.99%)",TP. Hồ Chí Minh,88000000,90000000,8800000,9000000,89000000,8900000,2000000,Giavang Archive
2024-11-15,08:25,"Vàng SJC 1L, 10L, 1KG (Vàng miếng 99.99%)",TP. Hồ Chí Minh,88000000,90000000,8800000,9000000,89000000,8900000,2000000,Giavang Archive
2024-11-16,08:25,"Vàng SJC 1L, 10L, 1KG (Vàng miếng 99.99%)",TP. Hồ Chí Minh,88000000,90000000,8800000,9000000,89000000,8900000,2000000,Giavang Archive
2024-11-17,08:25,"Vàng SJC 1L, 10L, 1KG (Vàng miếng 99.99%)",TP. Hồ Chí Minh,88000000,90000000,8800000,9000000,89000000,8900000,2000000,Giavang Archive
2024-11-18,08:25,"Vàng SJC 1L, 10L, 1KG (Vàng miếng 99.99%)",TP. Hồ Chí Minh,88000000,90000000,8800000,9000000,89000000,8900000,2000000,Giavang Archive
2024-11-19,08:25,"Vàng SJC 1L, 10L, 1KG (Vàng miếng 99.99%)",TP. Hồ Chí Minh,88000000,90000000,8800000,9000000,89000000,8900000,2000000,Giavang Archive
2024-11-20,08:25,"Vàng SJC 1L, 10L, 1KG (Vàng miếng 99.99%)",TP. Hồ Chí Minh,88000000,90000000,8800000,9000000,89000000,8900000,2000000,Giavang Archive
2024-11-21,08:25,"Vàng SJC 1L, 10L, 1KG (Vàng miếng 99.99%)",TP. Hồ Chí Minh,88000000,90000000,8800000,9000000,89000000,8900000,2000000,Giavang Archive
2024-11-22,08:25,"Vàng SJC 1L, 10L, 1KG (Vàng miếng 99.99%)",TP. Hồ Chí Minh,88000000,90000000,8800000,9000000,89000000,8900000,2000000,Giavang Archive
2024-11-23,08:25,"Vàng SJC 1L, 10L, 1KG (Vàng miếng 99.99%)",TP. Hồ Chí Minh,88000000,90000000,8800000,9000000,89000000,8900000,2000000,Giavang Archive
2024-11-24,08:25,"Vàng SJC 1L, 10L, 1KG (Vàng miếng 99.99%)",TP. Hồ Chí Minh,88000000,90000000,8800000,9000000,89000000,8900000,2000000,Giavang Archive
2024-11-25,08:25,"Vàng SJC 1L, 10L, 1KG (Vàng miếng 99.99%)",TP. Hồ Chí Minh,88000000,90000000,8800000,9000000,89000000,8900000,2000000,Giavang Archive
2024-11-26,08:25,"Vàng SJC 1L, 10L, 1KG (Vàng miếng 99.99%)",TP. Hồ Chí Minh,88000000,90000000,8800000,9000000,89000000,8900000,2000000,Giavang Archive
2024-11-27,08:25,"Vàng SJC 1L, 10L, 1KG (Vàng miếng 99.99%)",TP. Hồ Chí Minh,88000000,90000000,8800000,9000000,89000000,8900000,2000000,Giavang Archive
2024-11-28,08:25,"Vàng SJC 1L, 10L, 1KG (Vàng miếng 99.99%)",TP. Hồ Chí Minh,88000000,90000000,8800000,9000000,89000000,8900000,2000000,Giavang Archive
2024-11-29,17:00,"Vàng SJC 1L, 10L, 1KG (Vàng miếng 99.99%)",TP. Hồ Chí Minh,83300000,85800000,8330000,8580000,84550000,8455000,2500000,Giavang Archive
2024-11-30,17:00,"Vàng SJC 1L, 10L, 1KG (Vàng miếng 99.99%)",TP. Hồ Chí Minh,83300000,85800000,8330000,8580000,84550000,8455000,2500000,Giavang Archive
2024-12-01,17:00,"Vàng SJC 1L, 10L, 1KG (Vàng miếng 99.99%)",TP. Hồ Chí Minh,83300000,85800000,8330000,8580000,84550000,8455000,2500000,Giavang Archive
2024-12-02,17:00,"Vàng SJC 1L, 10L, 1KG (Vàng miếng 99.99%)",TP. Hồ Chí Minh,82800000,85300000,8280000,8530000,84050000,8405000,2500000,Giavang Archive
2024-12-03,17:00,"Vàng SJC 1L, 10L, 1KG (Vàng miếng 99.99%)",TP. Hồ Chí Minh,82800000,85300000,8280000,8530000,84050000,8405000,2500000,Giavang Archive
2024-12-04,17:00,"Vàng SJC 1L, 10L, 1KG (Vàng miếng 99.99%)",TP. Hồ Chí Minh,82800000,85300000,8280000,8530000,84050000,8405000,2500000,Giavang Archive
2024-12-05,17:00,"Vàng SJC 1L, 10L, 1KG (Vàng miếng 99.99%)",TP. Hồ Chí Minh,82800000,85300000,8280000,8530000,84050000,8405000,2500000,Giavang Archive
2024-12-06,17:00,"Vàng SJC 1L, 10L, 1KG (Vàng miếng 99.99%)",TP. Hồ Chí Minh,82800000,85300000,8280000,8530000,84050000,8405000,2500000,Giavang Archive
2024-12-07,17:00,"Vàng SJC 1L, 10L, 1KG (Vàng miếng 99.99%)",TP. Hồ Chí Minh,82800000,85300000,8280000,8530000,84050000,8405000,2500000,Giavang Archive
2024-12-08,17:00,"Vàng SJC 1L, 10L, 1KG (Vàng miếng 99.99%)",TP. Hồ Chí Minh,82800000,85300000,8280000,8530000,84050000,8405000,2500000,Giavang Archive
2024-12-09,17:00,"Vàng SJC 1L, 10L, 1KG (Vàng miếng 99.99%)",TP. Hồ Chí Minh,82800000,85300000,8280000,8530000,84050000,8405000,2500000,Giavang Archive
2024-12-10,17:00,"Vàng SJC 1L, 10L, 1KG (Vàng miếng 99.99%)",TP. Hồ Chí Minh,82800000,85300000,8280000,8530000,84050000,8405000,2500000,Giavang Archive
2024-12-11,17:00,"Vàng SJC 1L, 10L, 1KG (Vàng miếng 99.99%)",TP. Hồ Chí Minh,82800000,85300000,8280000,8530000,84050000,8405000,2500000,Giavang Archive
2024-12-12,17:00,"Vàng SJC 1L, 10L, 1KG (Vàng miếng 99.99%)",TP. Hồ Chí Minh,82800000,85300000,8280000,8530000,84050000,8405000,2500000,Giavang Archive
2024-12-13,17:00,"Vàng SJC 1L, 10L, 1KG (Vàng miếng 99.99%)",TP. Hồ Chí Minh,82800000,85300000,8280000,8530000,84050000,8405000,2500000,Giavang Archive
2024-12-14,17:00,"Vàng SJC 1L, 10L, 1KG (Vàng miếng 99.99%)",TP. Hồ Chí Minh,82800000,85300000,8280000,8530000,84050000,8405000,2500000,Giavang Archive
2024-12-15,17:00,"Vàng SJC 1L, 10L, 1KG (Vàng miếng 99.99%)",TP. Hồ Chí Minh,82800000,85300000,8280000,8530000,84050000,8405000,2500000,Giavang Archive
2024-12-16,17:00,"Vàng SJC 1L, 10L, 1KG (Vàng miếng 99.99%)",TP. Hồ Chí Minh,82800000,85300000,8280000,8530000,84050000,8405000,2500000,Giavang Archive
2024-12-17,17:00,"Vàng SJC 1L, 10L, 1KG (Vàng miếng 99.99%)",TP. Hồ Chí Minh,82800000,85300000,8280000,8530000,84050000,8405000,2500000,Giavang Archive
2024-12-18,17:00,"Vàng SJC 1L, 10L, 1KG (Vàng miếng 99.99%)",TP. Hồ Chí Minh,82800000,85300000,8280000,8530000,84050000,8405000,2500000,Giavang Archive
2024-12-19,17:00,"Vàng SJC 1L, 10L, 1KG (Vàng miếng 99.99%)",TP. Hồ Chí Minh,82800000,85300000,8280000,8530000,84050000,8405000,2500000,Giavang Archive
2024-12-20,17:00,"Vàng SJC 1L, 10L, 1KG (Vàng miếng 99.99%)",TP. Hồ Chí Minh,82800000,85300000,8280000,8530000,84050000,8405000,2500000,Giavang Archive
2024-12-21,17:00,"Vàng SJC 1L, 10L, 1KG (Vàng miếng 99.99%)",TP. Hồ Chí Minh,82800000,85300000,8280000,8530000,84050000,8405000,2500000,Giavang Archive
2024-12-22,17:00,"Vàng SJC 1L, 10L, 1KG (Vàng miếng 99.99%)",TP. Hồ Chí Minh,82800000,85300000,8280000,8530000,84050000,8405000,2500000,Giavang Archive
2024-12-23,17:00,"Vàng SJC 1L, 10L, 1KG (Vàng miếng 99.99%)",TP. Hồ Chí Minh,82800000,85300000,8280000,8530000,84050000,8405000,2500000,Giavang Archive
2024-12-24,17:00,"Vàng SJC 1L, 10L, 1KG (Vàng miếng 99.99%)",TP. Hồ Chí Minh,82800000,85300000,8280000,8530000,84050000,8405000,2500000,Giavang Archive
2024-12-25,17:00,"Vàng SJC 1L, 10L, 1KG (Vàng miếng 99.99%)",TP. Hồ Chí Minh,82800000,85300000,8280000,8530000,84050000,8405000,2500000,Giavang Archive
2024-12-26,17:00,"Vàng SJC 1L, 10L, 1KG (Vàng miếng 99.99%)",TP. Hồ Chí Minh,82800000,85300000,8280000,8530000,84050000,8405000,2500000,Giavang Archive
2024-12-27,17:00,"Vàng SJC 1L, 10L, 1KG (Vàng miếng 99.99%)",TP. Hồ Chí Minh,82800000,85300000,8280000,8530000,84050000,8405000,2500000,Giavang Archive
2024-12-28,17:00,"Vàng SJC 1L, 10L, 1KG (Vàng miếng 99.99%)",TP. Hồ Chí Minh,82800000,85300000,8280000,8530000,84050000,8405000,2500000,Giavang Archive
2024-12-29,17:00,"Vàng SJC 1L, 10L, 1KG (Vàng miếng 99.99%)",TP. Hồ Chí Minh,82800000,85300000,8280000,8530000,84050000,8405000,2500000,Giavang Archive
2024-12-30,17:00,"Vàng SJC 1L, 10L, 1KG (Vàng miếng 99.99%)",TP. Hồ Chí Minh,82800000,85300000,8280000,8530000,84050000,8405000,2500000,Giavang Archive
2024-12-31,17:00,"Vàng SJC 1L, 10L, 1KG (Vàng miếng 99.99%)",TP. Hồ Chí Minh,82800000,85300000,8280000,8530000,84050000,8405000,2500000,Giavang Archive
2025-01-01,17:00,"Vàng SJC 1L, 10L, 1KG (Vàng miếng 99.99%)",TP. Hồ Chí Minh,82800000,85300000,8280000,8530000,84050000,8405000,2500000,Giavang Archive
2025-01-02,17:00,"Vàng SJC 1L, 10L, 1KG (Vàng miếng 99.99%)",TP. Hồ Chí Minh,82800000,85300000,8280000,8530000,84050000,8405000,2500000,Giavang Archive (Nghỉ lễ / Giữ nguyên giá)
2025-01-03,17:00,"Vàng SJC 1L, 10L, 1KG (Vàng miếng 99.99%)",TP. Hồ Chí Minh,82800000,85300000,8280000,8530000,84050000,8405000,2500000,Giavang Archive (Nghỉ lễ / Giữ nguyên giá)
2025-01-04,17:00,"Vàng SJC 1L, 10L, 1KG (Vàng miếng 99.99%)",TP. Hồ Chí Minh,82800000,85300000,8280000,8530000,84050000,8405000,2500000,Giavang Archive (Nghỉ lễ / Giữ nguyên giá)
2025-01-05,17:00,"Vàng SJC 1L, 10L, 1KG (Vàng miếng 99.99%)",TP. Hồ Chí Minh,82800000,85300000,8280000,8530000,84050000,8405000,2500000,Giavang Archive (Nghỉ lễ / Giữ nguyên giá)
2025-01-06,17:00,"Vàng SJC 1L, 10L, 1KG (Vàng miếng 99.99%)",TP. Hồ Chí Minh,82800000,85300000,8280000,8530000,84050000,8405000,2500000,Giavang Archive (Nghỉ lễ / Giữ nguyên giá)
2025-01-07,17:00,"Vàng SJC 1L, 10L, 1KG (Vàng miếng 99.99%)",TP. Hồ Chí Minh,82800000,85300000,8280000,8530000,84050000,8405000,2500000,Giavang Archive (Nghỉ lễ / Giữ nguyên giá)
2025-01-08,17:00,"Vàng SJC 1L, 10L, 1KG (Vàng miếng 99.99%)",TP. Hồ Chí Minh,82800000,85300000,8280000,8530000,84050000,8405000,2500000,Giavang Archive (Nghỉ lễ / Giữ nguyên giá)
2025-01-09,17:00,"Vàng SJC 1L, 10L, 1KG (Vàng miếng 99.99%)",TP. Hồ Chí Minh,82800000,85300000,8280000,8530000,84050000,8405000,2500000,Giavang Archive (Nghỉ lễ / Giữ nguyên giá)
2025-01-10,17:00,"Vàng SJC 1L, 10L, 1KG (Vàng miếng 99.99%)",TP. Hồ Chí Minh,82800000,85300000,8280000,8530000,84050000,8405000,2500000,Giavang Archive (Nghỉ lễ / Giữ nguyên giá)
2025-01-11,17:00,"Vàng SJC 1L, 10L, 1KG (Vàng miếng 99.99%)",TP. Hồ Chí Minh,82800000,85300000,8280000,8530000,84050000,8405000,2500000,Giavang Archive (Nghỉ lễ / Giữ nguyên giá)
2025-01-12,17:00,"Vàng SJC 1L, 10L, 1KG (Vàng miếng 99.99%)",TP. Hồ Chí Minh,82800000,85300000,8280000,8530000,84050000,8405000,2500000,Giavang Archive (Nghỉ lễ / Giữ nguyên giá)
2025-01-13,17:00,"Vàng SJC 1L, 10L, 1KG (Vàng miếng 99.99%)",TP. Hồ Chí Minh,82800000,85300000,8280000,8530000,84050000,8405000,2500000,Giavang Archive (Nghỉ lễ / Giữ nguyên giá)
2025-01-14,17:00,"Vàng SJC 1L, 10L, 1KG (Vàng miếng 99.99%)",TP. Hồ Chí Minh,82800000,85300000,8280000,8530000,84050000,8405000,2500000,Giavang Archive (Nghỉ lễ / Giữ nguyên giá)
2025-01-15,17:00,"Vàng SJC 1L, 10L, 1KG (Vàng miếng 99.99%)",TP. Hồ Chí Minh,82800000,85300000,8280000,8530000,84050000,8405000,2500000,Giavang Archive (Nghỉ lễ / Giữ nguyên giá)
2025-01-16,17:00,"Vàng SJC 1L, 10L, 1KG (Vàng miếng 99.99%)",TP. Hồ Chí Minh,82800000,85300000,8280000,8530000,84050000,8405000,2500000,Giavang Archive (Nghỉ lễ / Giữ nguyên giá)
2025-01-17,17:00,"Vàng SJC 1L, 10L, 1KG (Vàng miếng 99.99%)",TP. Hồ Chí Minh,82800000,85300000,8280000,8530000,84050000,8405000,2500000,Giavang Archive (Nghỉ lễ / Giữ nguyên giá)
2025-01-18,17:00,"Vàng SJC 1L, 10L, 1KG (Vàng miếng 99.99%)",TP. Hồ Chí Minh,82800000,85300000,8280000,8530000,84050000,8405000,2500000,Giavang Archive (Nghỉ lễ / Giữ nguyên giá)
2025-01-19,17:00,"Vàng SJC 1L, 10L, 1KG (Vàng miếng 99.99%)",TP. Hồ Chí Minh,82800000,85300000,8280000,8530000,84050000,8405000,2500000,Giavang Archive (Nghỉ lễ / Giữ nguyên giá)
2025-01-20,17:00,"Vàng SJC 1L, 10L, 1KG (Vàng miếng 99.99%)",TP. Hồ Chí Minh,82800000,85300000,8280000,8530000,84050000,8405000,2500000,Giavang Archive (Nghỉ lễ / Giữ nguyên giá)
2025-01-21,17:00,"Vàng SJC 1L, 10L, 1KG (Vàng miếng 99.99%)",TP. Hồ Chí Minh,82800000,85300000,8280000,8530000,84050000,8405000,2500000,Giavang Archive (Nghỉ lễ / Giữ nguyên giá)
2025-01-22,17:00,"Vàng SJC 1L, 10L, 1KG (Vàng miếng 99.99%)",TP. Hồ Chí Minh,82800000,85300000,8280000,8530000,84050000,8405000,2500000,Giavang Archive (Nghỉ lễ / Giữ nguyên giá)
2025-01-23,17:00,"Vàng SJC 1L, 10L, 1KG (Vàng miếng 99.99%)",TP. Hồ Chí Minh,82800000,85300000,8280000,8530000,84050000,8405000,2500000,Giavang Archive (Nghỉ lễ / Giữ nguyên giá)
2025-01-24,17:00,"Vàng SJC 1L, 10L, 1KG (Vàng miếng 99.99%)",TP. Hồ Chí Minh,82800000,85300000,8280000,8530000,84050000,8405000,2500000,Giavang Archive (Nghỉ lễ / Giữ nguyên giá)
2025-01-25,17:00,"Vàng SJC 1L, 10L, 1KG (Vàng miếng 99.99%)",TP. Hồ Chí Minh,82800000,85300000,8280000,8530000,84050000,8405000,2500000,Giavang Archive (Nghỉ lễ / Giữ nguyên giá)
2025-01-26,17:00,"Vàng SJC 1L, 10L, 1KG (Vàng miếng 99.99%)",TP. Hồ Chí Minh,82800000,85300000,8280000,8530000,84050000,8405000,2500000,Giavang Archive (Nghỉ lễ / Giữ nguyên giá)
2025-01-27,17:00,"Vàng SJC 1L, 10L, 1KG (Vàng miếng 99.99%)",TP. Hồ Chí Minh,82800000,85300000,8280000,8530000,84050000,8405000,2500000,Giavang Archive (Nghỉ lễ / Giữ nguyên giá)
2025-01-28,17:00,"Vàng SJC 1L, 10L, 1KG (Vàng miếng 99.99%)",TP. Hồ Chí Minh,82800000,85300000,8280000,8530000,84050000,8405000,2500000,Giavang Archive (Nghỉ lễ / Giữ nguyên giá)
2025-01-29,17:00,"Vàng SJC 1L, 10L, 1KG (Vàng miếng 99.99%)",TP. Hồ Chí Minh,82800000,85300000,8280000,8530000,84050000,8405000,2500000,Giavang Archive (Nghỉ lễ / Giữ nguyên giá)
2025-01-30,17:00,"Vàng SJC 1L, 10L, 1KG (Vàng miếng 99.99%)",TP. Hồ Chí Minh,82800000,85300000,8280000,8530000,84050000,8405000,2500000,Giavang Archive (Nghỉ lễ / Giữ nguyên giá)
2025-01-31,17:00,"Vàng SJC 1L, 10L, 1KG (Vàng miếng 99.99%)",TP. Hồ Chí Minh,82800000,85300000,8280000,8530000,84050000,8405000,2500000,Giavang Archive (Nghỉ lễ / Giữ nguyên giá)
2025-02-01,17:00,"Vàng SJC 1L, 10L, 1KG (Vàng miếng 99.99%)",TP. Hồ Chí Minh,82800000,85300000,8280000,8530000,84050000,8405000,2500000,Giavang Archive (Nghỉ lễ / Giữ nguyên giá)
2025-02-02,17:00,"Vàng SJC 1L, 10L, 1KG (Vàng miếng 99.99%)",TP. Hồ Chí Minh,82800000,85300000,8280000,8530000,84050000,8405000,2500000,Giavang Archive (Nghỉ lễ / Giữ nguyên giá)
2025-02-03,17:00,"Vàng SJC 1L, 10L, 1KG (Vàng miếng 99.99%)",TP. Hồ Chí Minh,82800000,85300000,8280000,8530000,84050000,8405000,2500000,Giavang Archive (Nghỉ lễ / Giữ nguyên giá)
2025-02-04,17:00,"Vàng SJC 1L, 10L, 1KG (Vàng miếng 99.99%)",TP. Hồ Chí Minh,82800000,85300000,8280000,8530000,84050000,8405000,2500000,Giavang Archive (Nghỉ lễ / Giữ nguyên giá)
2025-02-05,17:00,"Vàng SJC 1L, 10L, 1KG (Vàng miếng 99.99%)",TP. Hồ Chí Minh,82800000,85300000,8280000,8530000,84050000,8405000,2500000,Giavang Archive (Nghỉ lễ / Giữ nguyên giá)
2025-02-06,17:00,"Vàng SJC 1L, 10L, 1KG (Vàng miếng 99.99%)",TP. Hồ Chí Minh,82800000,85300000,8280000,8530000,84050000,8405000,2500000,Giavang Archive (Nghỉ lễ / Giữ nguyên giá)
2025-02-07,17:00,"Vàng SJC 1L, 10L, 1KG (Vàng miếng 99.99%)",TP. Hồ Chí Minh,82800000,85300000,8280000,8530000,84050000,8405000,2500000,Giavang Archive (Nghỉ lễ / Giữ nguyên giá)
2025-02-08,17:00,"Vàng SJC 1L, 10L, 1KG (Vàng miếng 99.99%)",TP. Hồ Chí Minh,82800000,85300000,8280000,8530000,84050000,8405000,2500000,Giavang Archive (Nghỉ lễ / Giữ nguyên giá)
2025-02-09,17:00,"Vàng SJC 1L, 10L, 1KG (Vàng miếng 99.99%)",TP. Hồ Chí Minh,86800000,90300000,8680000,9030000,88550000,8855000,3500000,Giavang Archive
2025-02-10,17:00,"Vàng SJC 1L, 10L, 1KG (Vàng miếng 99.99%)",TP. Hồ Chí Minh,88300000,91300000,8830000,9130000,89800000,8980000,3000000,Giavang Archive
2025-02-11,17:00,"Vàng SJC 1L, 10L, 1KG (Vàng miếng 99.99%)",TP. Hồ Chí Minh,88000000,90500000,8800000,9050000,89250000,8925000,2500000,Giavang Archive
2025-02-12,17:00,"Vàng SJC 1L, 10L, 1KG (Vàng miếng 99.99%)",TP. Hồ Chí Minh,86700000,90200000,8670000,9020000,88450000,8845000,3500000,Giavang Archive
2025-02-13,17:00,"Vàng SJC 1L, 10L, 1KG (Vàng miếng 99.99%)",TP. Hồ Chí Minh,87700000,90700000,8770000,9070000,89200000,8920000,3000000,Giavang Archive
2025-02-14,17:00,"Vàng SJC 1L, 10L, 1KG (Vàng miếng 99.99%)",TP. Hồ Chí Minh,88300000,91300000,8830000,9130000,89800000,8980000,3000000,Giavang Archive
2025-02-15,17:00,"Vàng SJC 1L, 10L, 1KG (Vàng miếng 99.99%)",TP. Hồ Chí Minh,87300000,90300000,8730000,9030000,88800000,8880000,3000000,Giavang Archive
2025-02-16,17:00,"Vàng SJC 1L, 10L, 1KG (Vàng miếng 99.99%)",TP. Hồ Chí Minh,87300000,90300000,8730000,9030000,88800000,8880000,3000000,Giavang Archive
2025-02-17,17:00,"Vàng SJC 1L, 10L, 1KG (Vàng miếng 99.99%)",TP. Hồ Chí Minh,87600000,90600000,8760000,9060000,89100000,8910000,3000000,Giavang Archive
2025-02-18,17:00,"Vàng SJC 1L, 10L, 1KG (Vàng miếng 99.99%)",TP. Hồ Chí Minh,88600000,91100000,8860000,9110000,89850000,8985000,2500000,Giavang Archive
2025-02-19,17:00,"Vàng SJC 1L, 10L, 1KG (Vàng miếng 99.99%)",TP. Hồ Chí Minh,89600000,91900000,8960000,9190000,90750000,9075000,2300000,Giavang Archive
2025-02-20,17:00,"Vàng SJC 1L, 10L, 1KG (Vàng miếng 99.99%)",TP. Hồ Chí Minh,90000000,92300000,9000000,9230000,91150000,9115000,2300000,Giavang Archive
2025-02-21,17:00,"Vàng SJC 1L, 10L, 1KG (Vàng miếng 99.99%)",TP. Hồ Chí Minh,89400000,91700000,8940000,9170000,90550000,9055000,2300000,Giavang Archive
2025-02-22,17:00,"Vàng SJC 1L, 10L, 1KG (Vàng miếng 99.99%)",TP. Hồ Chí Minh,89400000,91700000,8940000,9170000,90550000,9055000,2300000,Giavang Archive
2025-02-23,17:00,"Vàng SJC 1L, 10L, 1KG (Vàng miếng 99.99%)",TP. Hồ Chí Minh,89400000,91700000,8940000,9170000,90550000,9055000,2300000,Giavang Archive
2025-02-24,17:00,"Vàng SJC 1L, 10L, 1KG (Vàng miếng 99.99%)",TP. Hồ Chí Minh,89700000,92000000,8970000,9200000,90850000,9085000,2300000,Giavang Archive
2025-02-25,17:00,"Vàng SJC 1L, 10L, 1KG (Vàng miếng 99.99%)",TP. Hồ Chí Minh,89700000,92000000,8970000,9200000,90850000,9085000,2300000,Giavang Archive
2025-02-26,17:00,"Vàng SJC 1L, 10L, 1KG (Vàng miếng 99.99%)",TP. Hồ Chí Minh,89000000,91300000,8900000,9130000,90150000,9015000,2300000,Giavang Archive
2025-02-27,17:00,"Vàng SJC 1L, 10L, 1KG (Vàng miếng 99.99%)",TP. Hồ Chí Minh,88900000,91200000,8890000,9120000,90050000,9005000,2300000,Giavang Archive
2025-02-28,17:00,"Vàng SJC 1L, 10L, 1KG (Vàng miếng 99.99%)",TP. Hồ Chí Minh,88500000,90500000,8850000,9050000,89500000,8950000,2000000,Giavang Archive
2025-03-01,17:00,"Vàng SJC 1L, 10L, 1KG (Vàng miếng 99.99%)",TP. Hồ Chí Minh,88500000,90500000,8850000,9050000,89500000,8950000,2000000,Giavang Archive
2025-03-02,17:00,"Vàng SJC 1L, 10L, 1KG (Vàng miếng 99.99%)",TP. Hồ Chí Minh,88500000,90500000,8850000,9050000,89500000,8950000,2000000,Giavang Archive
2025-03-03,17:00,"Vàng SJC 1L, 10L, 1KG (Vàng miếng 99.99%)",TP. Hồ Chí Minh,89000000,91000000,8900000,9100000,90000000,9000000,2000000,Giavang Archive
2025-03-04,17:00,"Vàng SJC 1L, 10L, 1KG (Vàng miếng 99.99%)",TP. Hồ Chí Minh,90700000,92700000,9070000,9270000,91700000,9170000,2000000,Giavang Archive
2025-03-05,17:00,"Vàng SJC 1L, 10L, 1KG (Vàng miếng 99.99%)",TP. Hồ Chí Minh,90700000,92700000,9070000,9270000,91700000,9170000,2000000,Giavang Archive
2025-03-06,17:00,"Vàng SJC 1L, 10L, 1KG (Vàng miếng 99.99%)",TP. Hồ Chí Minh,90700000,92700000,9070000,9270000,91700000,9170000,2000000,Giavang Archive
2025-03-07,17:00,"Vàng SJC 1L, 10L, 1KG (Vàng miếng 99.99%)",TP. Hồ Chí Minh,91100000,93100000,9110000,9310000,92100000,9210000,2000000,Giavang Archive
2025-03-08,17:00,"Vàng SJC 1L, 10L, 1KG (Vàng miếng 99.99%)",TP. Hồ Chí Minh,90900000,92900000,9090000,9290000,91900000,9190000,2000000,Giavang Archive
2025-03-09,17:00,"Vàng SJC 1L, 10L, 1KG (Vàng miếng 99.99%)",TP. Hồ Chí Minh,90900000,92900000,9090000,9290000,91900000,9190000,2000000,Giavang Archive
2025-03-10,17:00,"Vàng SJC 1L, 10L, 1KG (Vàng miếng 99.99%)",TP. Hồ Chí Minh,90900000,92900000,9090000,9290000,91900000,9190000,2000000,Giavang Archive
2025-03-11,17:00,"Vàng SJC 1L, 10L, 1KG (Vàng miếng 99.99%)",TP. Hồ Chí Minh,91000000,93000000,9100000,9300000,92000000,9200000,2000000,Giavang Archive
2025-03-12,17:00,"Vàng SJC 1L, 10L, 1KG (Vàng miếng 99.99%)",TP. Hồ Chí Minh,91800000,93500000,9180000,9350000,92650000,9265000,1700000,Giavang Archive
2025-03-13,17:00,"Vàng SJC 1L, 10L, 1KG (Vàng miếng 99.99%)",TP. Hồ Chí Minh,92900000,94400000,9290000,9440000,93650000,9365000,1500000,Giavang Archive
2025-03-14,17:00,"Vàng SJC 1L, 10L, 1KG (Vàng miếng 99.99%)",TP. Hồ Chí Minh,94300000,95800000,9430000,9580000,95050000,9505000,1500000,Giavang Archive
2025-03-15,17:00,"Vàng SJC 1L, 10L, 1KG (Vàng miếng 99.99%)",TP. Hồ Chí Minh,94300000,95800000,9430000,9580000,95050000,9505000,1500000,Giavang Archive
2025-03-16,17:00,"Vàng SJC 1L, 10L, 1KG (Vàng miếng 99.99%)",TP. Hồ Chí Minh,94300000,95800000,9430000,9580000,95050000,9505000,1500000,Giavang Archive
2025-03-17,17:00,"Vàng SJC 1L, 10L, 1KG (Vàng miếng 99.99%)",TP. Hồ Chí Minh,94800000,96100000,9480000,9610000,95450000,9545000,1300000,Giavang Archive
2025-03-18,17:00,"Vàng SJC 1L, 10L, 1KG (Vàng miếng 99.99%)",TP. Hồ Chí Minh,96700000,98200000,9670000,9820000,97450000,9745000,1500000,Giavang Archive
2025-03-19,17:00,"Vàng SJC 1L, 10L, 1KG (Vàng miếng 99.99%)",TP. Hồ Chí Minh,98000000,99500000,9800000,9950000,98750000,9875000,1500000,Giavang Archive
2025-03-20,17:00,"Vàng SJC 1L, 10L, 1KG (Vàng miếng 99.99%)",TP. Hồ Chí Minh,97800000,99800000,9780000,9980000,98800000,9880000,2000000,Giavang Archive
2025-03-21,17:00,"Vàng SJC 1L, 10L, 1KG (Vàng miếng 99.99%)",TP. Hồ Chí Minh,94700000,97700000,9470000,9770000,96200000,9620000,3000000,Giavang Archive
2025-03-22,17:00,"Vàng SJC 1L, 10L, 1KG (Vàng miếng 99.99%)",TP. Hồ Chí Minh,94400000,97400000,9440000,9740000,95900000,9590000,3000000,Giavang Archive
2025-03-23,17:00,"Vàng SJC 1L, 10L, 1KG (Vàng miếng 99.99%)",TP. Hồ Chí Minh,94400000,97400000,9440000,9740000,95900000,9590000,3000000,Giavang Archive
2025-03-24,17:00,"Vàng SJC 1L, 10L, 1KG (Vàng miếng 99.99%)",TP. Hồ Chí Minh,95100000,97600000,9510000,9760000,96350000,9635000,2500000,Giavang Archive
2025-03-25,17:00,"Vàng SJC 1L, 10L, 1KG (Vàng miếng 99.99%)",TP. Hồ Chí Minh,95900000,97900000,9590000,9790000,96900000,9690000,2000000,Giavang Archive
2025-03-26,17:00,"Vàng SJC 1L, 10L, 1KG (Vàng miếng 99.99%)",TP. Hồ Chí Minh,96700000,98400000,9670000,9840000,97550000,9755000,1700000,Giavang Archive
2025-03-27,17:00,"Vàng SJC 1L, 10L, 1KG (Vàng miếng 99.99%)",TP. Hồ Chí Minh,97400000,98900000,9740000,9890000,98150000,9815000,1500000,Giavang Archive
2025-03-28,17:00,"Vàng SJC 1L, 10L, 1KG (Vàng miếng 99.99%)",TP. Hồ Chí Minh,98200000,100200000,9820000,10020000,99200000,9920000,2000000,Giavang Archive
2025-03-29,17:00,"Vàng SJC 1L, 10L, 1KG (Vàng miếng 99.99%)",TP. Hồ Chí Minh,98400000,100700000,9840000,10070000,99550000,9955000,2300000,Giavang Archive
2025-03-30,17:00,"Vàng SJC 1L, 10L, 1KG (Vàng miếng 99.99%)",TP. Hồ Chí Minh,98400000,100700000,9840000,10070000,99550000,9955000,2300000,Giavang Archive
2025-03-31,17:00,"Vàng SJC 1L, 10L, 1KG (Vàng miếng 99.99%)",TP. Hồ Chí Minh,99500000,101800000,9950000,10180000,100650000,10065000,2300000,Giavang Archive
2025-04-01,17:00,"Vàng SJC 1L, 10L, 1KG (Vàng miếng 99.99%)",TP. Hồ Chí Minh,99400000,102100000,9940000,10210000,100750000,10075000,2700000,Giavang Archive
2025-04-02,17:00,"Vàng SJC 1L, 10L, 1KG (Vàng miếng 99.99%)",TP. Hồ Chí Minh,99100000,101800000,9910000,10180000,100450000,10045000,2700000,Giavang Archive
2025-04-03,17:00,"Vàng SJC 1L, 10L, 1KG (Vàng miếng 99.99%)",TP. Hồ Chí Minh,99500000,102200000,9950000,10220000,100850000,10085000,2700000,Giavang Archive
2025-04-04,17:00,"Vàng SJC 1L, 10L, 1KG (Vàng miếng 99.99%)",TP. Hồ Chí Minh,98800000,101300000,9880000,10130000,100050000,10005000,2500000,Giavang Archive
2025-04-05,17:00,"Vàng SJC 1L, 10L, 1KG (Vàng miếng 99.99%)",TP. Hồ Chí Minh,97100000,100100000,9710000,10010000,98600000,9860000,3000000,Giavang Archive
2025-04-06,17:00,"Vàng SJC 1L, 10L, 1KG (Vàng miếng 99.99%)",TP. Hồ Chí Minh,97100000,100100000,9710000,10010000,98600000,9860000,3000000,Giavang Archive
2025-04-07,17:00,"Vàng SJC 1L, 10L, 1KG (Vàng miếng 99.99%)",TP. Hồ Chí Minh,97100000,100100000,9710000,10010000,98600000,9860000,3000000,Giavang Archive
2025-04-08,17:00,"Vàng SJC 1L, 10L, 1KG (Vàng miếng 99.99%)",TP. Hồ Chí Minh,97700000,100200000,9770000,10020000,98950000,9895000,2500000,Giavang Archive
2025-04-09,17:00,"Vàng SJC 1L, 10L, 1KG (Vàng miếng 99.99%)",TP. Hồ Chí Minh,99700000,101900000,9970000,10190000,100800000,10080000,2200000,Giavang Archive
2025-04-10,17:00,"Vàng SJC 1L, 10L, 1KG (Vàng miếng 99.99%)",TP. Hồ Chí Minh,100600000,103600000,10060000,10360000,102100000,10210000,3000000,Giavang Archive
2025-04-11,17:00,"Vàng SJC 1L, 10L, 1KG (Vàng miếng 99.99%)",TP. Hồ Chí Minh,102200000,105200000,10220000,10520000,103700000,10370000,3000000,Giavang Archive
2025-04-12,17:00,"Vàng SJC 1L, 10L, 1KG (Vàng miếng 99.99%)",TP. Hồ Chí Minh,103000000,106500000,10300000,10650000,104750000,10475000,3500000,Giavang Archive
2025-04-13,17:00,"Vàng SJC 1L, 10L, 1KG (Vàng miếng 99.99%)",TP. Hồ Chí Minh,103000000,106500000,10300000,10650000,104750000,10475000,3500000,Giavang Archive
2025-04-14,17:00,"Vàng SJC 1L, 10L, 1KG (Vàng miếng 99.99%)",TP. Hồ Chí Minh,105000000,107500000,10500000,10750000,106250000,10625000,2500000,Giavang Archive
2025-04-15,17:00,"Vàng SJC 1L, 10L, 1KG (Vàng miếng 99.99%)",TP. Hồ Chí Minh,105500000,108000000,10550000,10800000,106750000,10675000,2500000,Giavang Archive
2025-04-16,17:00,"Vàng SJC 1L, 10L, 1KG (Vàng miếng 99.99%)",TP. Hồ Chí Minh,113000000,115500000,11300000,11550000,114250000,11425000,2500000,Giavang Archive
2025-04-17,17:00,"Vàng SJC 1L, 10L, 1KG (Vàng miếng 99.99%)",TP. Hồ Chí Minh,115500000,118000000,11550000,11800000,116750000,11675000,2500000,Giavang Archive
2025-04-18,17:00,"Vàng SJC 1L, 10L, 1KG (Vàng miếng 99.99%)",TP. Hồ Chí Minh,117000000,120000000,11700000,12000000,118500000,11850000,3000000,Giavang Archive
2025-04-19,17:00,"Vàng SJC 1L, 10L, 1KG (Vàng miếng 99.99%)",TP. Hồ Chí Minh,112000000,114000000,11200000,11400000,113000000,11300000,2000000,Giavang Archive
2025-04-20,17:00,"Vàng SJC 1L, 10L, 1KG (Vàng miếng 99.99%)",TP. Hồ Chí Minh,112000000,114000000,11200000,11400000,113000000,11300000,2000000,Giavang Archive
2025-04-21,17:00,"Vàng SJC 1L, 10L, 1KG (Vàng miếng 99.99%)",TP. Hồ Chí Minh,116000000,118000000,11600000,11800000,117000000,11700000,2000000,Giavang Archive
2025-04-22,17:00,"Vàng SJC 1L, 10L, 1KG (Vàng miếng 99.99%)",TP. Hồ Chí Minh,122000000,124000000,12200000,12400000,123000000,12300000,2000000,Giavang Archive
2025-04-23,17:00,"Vàng SJC 1L, 10L, 1KG (Vàng miếng 99.99%)",TP. Hồ Chí Minh,116500000,119500000,11650000,11950000,118000000,11800000,3000000,Giavang Archive
2025-04-24,17:00,"Vàng SJC 1L, 10L, 1KG (Vàng miếng 99.99%)",TP. Hồ Chí Minh,118500000,121000000,11850000,12100000,119750000,11975000,2500000,Giavang Archive
2025-04-25,17:00,"Vàng SJC 1L, 10L, 1KG (Vàng miếng 99.99%)",TP. Hồ Chí Minh,118500000,120500000,11850000,12050000,119500000,11950000,2000000,Giavang Archive
2025-04-26,17:00,"Vàng SJC 1L, 10L, 1KG (Vàng miếng 99.99%)",TP. Hồ Chí Minh,119000000,121000000,11900000,12100000,120000000,12000000,2000000,Giavang Archive
2025-04-27,17:00,"Vàng SJC 1L, 10L, 1KG (Vàng miếng 99.99%)",TP. Hồ Chí Minh,119000000,121000000,11900000,12100000,120000000,12000000,2000000,Giavang Archive
2025-04-28,17:00,"Vàng SJC 1L, 10L, 1KG (Vàng miếng 99.99%)",TP. Hồ Chí Minh,117500000,119500000,11750000,11950000,118500000,11850000,2000000,Giavang Archive
2025-04-29,17:00,"Vàng SJC 1L, 10L, 1KG (Vàng miếng 99.99%)",TP. Hồ Chí Minh,119300000,121300000,11930000,12130000,120300000,12030000,2000000,Giavang Archive
2025-04-30,17:00,"Vàng SJC 1L, 10L, 1KG (Vàng miếng 99.99%)",TP. Hồ Chí Minh,119300000,121300000,11930000,12130000,120300000,12030000,2000000,Giavang Archive
2025-05-01,17:00,"Vàng SJC 1L, 10L, 1KG (Vàng miếng 99.99%)",TP. Hồ Chí Minh,119300000,121300000,11930000,12130000,120300000,12030000,2000000,Giavang Archive
2025-05-02,17:00,"Vàng SJC 1L, 10L, 1KG (Vàng miếng 99.99%)",TP. Hồ Chí Minh,119300000,121300000,11930000,12130000,120300000,12030000,2000000,Giavang Archive
2025-05-03,17:00,"Vàng SJC 1L, 10L, 1KG (Vàng miếng 99.99%)",TP. Hồ Chí Minh,119300000,121300000,11930000,12130000,120300000,12030000,2000000,Giavang Archive
2025-05-04,17:00,"Vàng SJC 1L, 10L, 1KG (Vàng miếng 99.99%)",TP. Hồ Chí Minh,119300000,121300000,11930000,12130000,120300000,12030000,2000000,Giavang Archive
2025-05-05,17:00,"Vàng SJC 1L, 10L, 1KG (Vàng miếng 99.99%)",TP. Hồ Chí Minh,117800000,119800000,11780000,11980000,118800000,11880000,2000000,Giavang Archive
2025-05-06,17:00,"Vàng SJC 1L, 10L, 1KG (Vàng miếng 99.99%)",TP. Hồ Chí Minh,120200000,122200000,12020000,12220000,121200000,12120000,2000000,Giavang Archive
2025-05-07,17:00,"Vàng SJC 1L, 10L, 1KG (Vàng miếng 99.99%)",TP. Hồ Chí Minh,120200000,122200000,12020000,12220000,121200000,12120000,2000000,Giavang Archive
2025-05-08,17:00,"Vàng SJC 1L, 10L, 1KG (Vàng miếng 99.99%)",TP. Hồ Chí Minh,118500000,120500000,11850000,12050000,119500000,11950000,2000000,Giavang Archive
2025-05-09,17:00,"Vàng SJC 1L, 10L, 1KG (Vàng miếng 99.99%)",TP. Hồ Chí Minh,119500000,121500000,11950000,12150000,120500000,12050000,2000000,Giavang Archive
2025-05-10,17:00,"Vàng SJC 1L, 10L, 1KG (Vàng miếng 99.99%)",TP. Hồ Chí Minh,120000000,122000000,12000000,12200000,121000000,12100000,2000000,Giavang Archive
2025-05-11,17:00,"Vàng SJC 1L, 10L, 1KG (Vàng miếng 99.99%)",TP. Hồ Chí Minh,120000000,122000000,12000000,12200000,121000000,12100000,2000000,Giavang Archive
2025-05-12,17:00,"Vàng SJC 1L, 10L, 1KG (Vàng miếng 99.99%)",TP. Hồ Chí Minh,117200000,119200000,11720000,11920000,118200000,11820000,2000000,Giavang Archive
2025-05-13,17:00,"Vàng SJC 1L, 10L, 1KG (Vàng miếng 99.99%)",TP. Hồ Chí Minh,118500000,120500000,11850000,12050000,119500000,11950000,2000000,Giavang Archive
2025-05-14,17:00,"Vàng SJC 1L, 10L, 1KG (Vàng miếng 99.99%)",TP. Hồ Chí Minh,118000000,120000000,11800000,12000000,119000000,11900000,2000000,Giavang Archive
2025-05-15,17:00,"Vàng SJC 1L, 10L, 1KG (Vàng miếng 99.99%)",TP. Hồ Chí Minh,115500000,118200000,11550000,11820000,116850000,11685000,2700000,Giavang Archive
2025-05-16,17:00,"Vàng SJC 1L, 10L, 1KG (Vàng miếng 99.99%)",TP. Hồ Chí Minh,115700000,118700000,11570000,11870000,117200000,11720000,3000000,Giavang Archive
2025-05-17,17:00,"Vàng SJC 1L, 10L, 1KG (Vàng miếng 99.99%)",TP. Hồ Chí Minh,115500000,118500000,11550000,11850000,117000000,11700000,3000000,Giavang Archive
2025-05-18,17:00,"Vàng SJC 1L, 10L, 1KG (Vàng miếng 99.99%)",TP. Hồ Chí Minh,115500000,118500000,11550000,11850000,117000000,11700000,3000000,Giavang Archive
2025-05-19,17:00,"Vàng SJC 1L, 10L, 1KG (Vàng miếng 99.99%)",TP. Hồ Chí Minh,116800000,119300000,11680000,11930000,118050000,11805000,2500000,Giavang Archive
2025-05-20,17:00,"Vàng SJC 1L, 10L, 1KG (Vàng miếng 99.99%)",TP. Hồ Chí Minh,116800000,119300000,11680000,11930000,118050000,11805000,2500000,Giavang Archive
2025-05-21,17:00,"Vàng SJC 1L, 10L, 1KG (Vàng miếng 99.99%)",TP. Hồ Chí Minh,118500000,121000000,11850000,12100000,119750000,11975000,2500000,Giavang Archive
2025-05-22,17:00,"Vàng SJC 1L, 10L, 1KG (Vàng miếng 99.99%)",TP. Hồ Chí Minh,118500000,120500000,11850000,12050000,119500000,11950000,2000000,Giavang Archive
2025-05-23,17:00,"Vàng SJC 1L, 10L, 1KG (Vàng miếng 99.99%)",TP. Hồ Chí Minh,118500000,120500000,11850000,12050000,119500000,11950000,2000000,Giavang Archive
2025-05-24,17:00,"Vàng SJC 1L, 10L, 1KG (Vàng miếng 99.99%)",TP. Hồ Chí Minh,119000000,121000000,11900000,12100000,120000000,12000000,2000000,Giavang Archive
2025-05-25,17:00,"Vàng SJC 1L, 10L, 1KG (Vàng miếng 99.99%)",TP. Hồ Chí Minh,119000000,121000000,11900000,12100000,120000000,12000000,2000000,Giavang Archive
2025-05-26,17:00,"Vàng SJC 1L, 10L, 1KG (Vàng miếng 99.99%)",TP. Hồ Chí Minh,116500000,119000000,11650000,11900000,117750000,11775000,2500000,Giavang Archive
2025-05-27,17:00,"Vàng SJC 1L, 10L, 1KG (Vàng miếng 99.99%)",TP. Hồ Chí Minh,115800000,118300000,11580000,11830000,117050000,11705000,2500000,Giavang Archive
2025-05-28,17:00,"Vàng SJC 1L, 10L, 1KG (Vàng miếng 99.99%)",TP. Hồ Chí Minh,116200000,118700000,11620000,11870000,117450000,11745000,2500000,Giavang Archive
2025-05-29,17:00,"Vàng SJC 1L, 10L, 1KG (Vàng miếng 99.99%)",TP. Hồ Chí Minh,115500000,118000000,11550000,11800000,116750000,11675000,2500000,Giavang Archive
2025-05-30,17:00,"Vàng SJC 1L, 10L, 1KG (Vàng miếng 99.99%)",TP. Hồ Chí Minh,116000000,118500000,11600000,11850000,117250000,11725000,2500000,Giavang Archive
2025-05-31,17:00,"Vàng SJC 1L, 10L, 1KG (Vàng miếng 99.99%)",TP. Hồ Chí Minh,115700000,118200000,11570000,11820000,116950000,11695000,2500000,Giavang Archive
2025-06-01,17:00,"Vàng SJC 1L, 10L, 1KG (Vàng miếng 99.99%)",TP. Hồ Chí Minh,115700000,118200000,11570000,11820000,116950000,11695000,2500000,Giavang Archive
2025-06-02,17:00,"Vàng SJC 1L, 10L, 1KG (Vàng miếng 99.99%)",TP. Hồ Chí Minh,115800000,117800000,11580000,11780000,116800000,11680000,2000000,Giavang Archive
2025-06-03,17:00,"Vàng SJC 1L, 10L, 1KG (Vàng miếng 99.99%)",TP. Hồ Chí Minh,114900000,117200000,11490000,11720000,116050000,11605000,2300000,Giavang Archive
2025-06-04,17:00,"Vàng SJC 1L, 10L, 1KG (Vàng miếng 99.99%)",TP. Hồ Chí Minh,114900000,117200000,11490000,11720000,116050000,11605000,2300000,Giavang Archive
2025-06-05,17:00,"Vàng SJC 1L, 10L, 1KG (Vàng miếng 99.99%)",TP. Hồ Chí Minh,115400000,117700000,11540000,11770000,116550000,11655000,2300000,Giavang Archive
2025-06-06,17:00,"Vàng SJC 1L, 10L, 1KG (Vàng miếng 99.99%)",TP. Hồ Chí Minh,116000000,118000000,11600000,11800000,117000000,11700000,2000000,Giavang Archive
2025-06-07,17:00,"Vàng SJC 1L, 10L, 1KG (Vàng miếng 99.99%)",TP. Hồ Chí Minh,114900000,117200000,11490000,11720000,116050000,11605000,2300000,Giavang Archive
2025-06-08,17:00,"Vàng SJC 1L, 10L, 1KG (Vàng miếng 99.99%)",TP. Hồ Chí Minh,114900000,117200000,11490000,11720000,116050000,11605000,2300000,Giavang Archive
2025-06-09,17:00,"Vàng SJC 1L, 10L, 1KG (Vàng miếng 99.99%)",TP. Hồ Chí Minh,115700000,117700000,11570000,11770000,116700000,11670000,2000000,Giavang Archive
2025-06-10,17:00,"Vàng SJC 1L, 10L, 1KG (Vàng miếng 99.99%)",TP. Hồ Chí Minh,116500000,118500000,11650000,11850000,117500000,11750000,2000000,Giavang Archive
2025-06-11,17:00,"Vàng SJC 1L, 10L, 1KG (Vàng miếng 99.99%)",TP. Hồ Chí Minh,116800000,118800000,11680000,11880000,117800000,11780000,2000000,Giavang Archive
2025-06-12,17:00,"Vàng SJC 1L, 10L, 1KG (Vàng miếng 99.99%)",TP. Hồ Chí Minh,117000000,119000000,11700000,11900000,118000000,11800000,2000000,Giavang Archive
2025-06-13,17:00,"Vàng SJC 1L, 10L, 1KG (Vàng miếng 99.99%)",TP. Hồ Chí Minh,117500000,120000000,11750000,12000000,118750000,11875000,2500000,Giavang Archive
2025-06-14,17:00,"Vàng SJC 1L, 10L, 1KG (Vàng miếng 99.99%)",TP. Hồ Chí Minh,117800000,120300000,11780000,12030000,119050000,11905000,2500000,Giavang Archive
2025-06-15,17:00,"Vàng SJC 1L, 10L, 1KG (Vàng miếng 99.99%)",TP. Hồ Chí Minh,117800000,120300000,11780000,12030000,119050000,11905000,2500000,Giavang Archive
2025-06-16,17:00,"Vàng SJC 1L, 10L, 1KG (Vàng miếng 99.99%)",TP. Hồ Chí Minh,117600000,119600000,11760000,11960000,118600000,11860000,2000000,Giavang Archive
2025-06-17,17:00,"Vàng SJC 1L, 10L, 1KG (Vàng miếng 99.99%)",TP. Hồ Chí Minh,117600000,119600000,11760000,11960000,118600000,11860000,2000000,Giavang Archive
2025-06-18,17:00,"Vàng SJC 1L, 10L, 1KG (Vàng miếng 99.99%)",TP. Hồ Chí Minh,117600000,119600000,11760000,11960000,118600000,11860000,2000000,Giavang Archive
2025-06-19,17:00,"Vàng SJC 1L, 10L, 1KG (Vàng miếng 99.99%)",TP. Hồ Chí Minh,117400000,119400000,11740000,11940000,118400000,11840000,2000000,Giavang Archive
2025-06-20,17:00,"Vàng SJC 1L, 10L, 1KG (Vàng miếng 99.99%)",TP. Hồ Chí Minh,117400000,119400000,11740000,11940000,118400000,11840000,2000000,Giavang Archive
2025-06-21,17:00,"Vàng SJC 1L, 10L, 1KG (Vàng miếng 99.99%)",TP. Hồ Chí Minh,117700000,119700000,11770000,11970000,118700000,11870000,2000000,Giavang Archive
2025-06-22,17:00,"Vàng SJC 1L, 10L, 1KG (Vàng miếng 99.99%)",TP. Hồ Chí Minh,117700000,119700000,11770000,11970000,118700000,11870000,2000000,Giavang Archive
2025-06-23,17:00,"Vàng SJC 1L, 10L, 1KG (Vàng miếng 99.99%)",TP. Hồ Chí Minh,117700000,119700000,11770000,11970000,118700000,11870000,2000000,Giavang Archive
2025-06-24,17:00,"Vàng SJC 1L, 10L, 1KG (Vàng miếng 99.99%)",TP. Hồ Chí Minh,117500000,119500000,11750000,11950000,118500000,11850000,2000000,Giavang Archive
2025-06-25,17:00,"Vàng SJC 1L, 10L, 1KG (Vàng miếng 99.99%)",TP. Hồ Chí Minh,117500000,119500000,11750000,11950000,118500000,11850000,2000000,Giavang Archive
2025-06-26,17:00,"Vàng SJC 1L, 10L, 1KG (Vàng miếng 99.99%)",TP. Hồ Chí Minh,118000000,120000000,11800000,12000000,119000000,11900000,2000000,Giavang Archive
2025-06-27,17:00,"Vàng SJC 1L, 10L, 1KG (Vàng miếng 99.99%)",TP. Hồ Chí Minh,117700000,119700000,11770000,11970000,118700000,11870000,2000000,Giavang Archive
2025-06-28,17:00,"Vàng SJC 1L, 10L, 1KG (Vàng miếng 99.99%)",TP. Hồ Chí Minh,117200000,119200000,11720000,11920000,118200000,11820000,2000000,Giavang Archive
2025-06-29,17:00,"Vàng SJC 1L, 10L, 1KG (Vàng miếng 99.99%)",TP. Hồ Chí Minh,117200000,119200000,11720000,11920000,118200000,11820000,2000000,Giavang Archive
2025-06-30,17:00,"Vàng SJC 1L, 10L, 1KG (Vàng miếng 99.99%)",TP. Hồ Chí Minh,117500000,119500000,11750000,11950000,118500000,11850000,2000000,Giavang Archive
2025-07-01,17:00,"Vàng SJC 1L, 10L, 1KG (Vàng miếng 99.99%)",TP. Hồ Chí Minh,118700000,120700000,11870000,12070000,119700000,11970000,2000000,Giavang Archive
2025-07-02,17:00,"Vàng SJC 1L, 10L, 1KG (Vàng miếng 99.99%)",TP. Hồ Chí Minh,118700000,120700000,11870000,12070000,119700000,11970000,2000000,Giavang Archive
2025-07-03,17:00,"Vàng SJC 1L, 10L, 1KG (Vàng miếng 99.99%)",TP. Hồ Chí Minh,119300000,121300000,11930000,12130000,120300000,12030000,2000000,Giavang Archive
2025-07-04,17:00,"Vàng SJC 1L, 10L, 1KG (Vàng miếng 99.99%)",TP. Hồ Chí Minh,118900000,120900000,11890000,12090000,119900000,11990000,2000000,Giavang Archive
2025-07-05,17:00,"Vàng SJC 1L, 10L, 1KG (Vàng miếng 99.99%)",TP. Hồ Chí Minh,118900000,120900000,11890000,12090000,119900000,11990000,2000000,Giavang Archive
2025-07-06,17:00,"Vàng SJC 1L, 10L, 1KG (Vàng miếng 99.99%)",TP. Hồ Chí Minh,118900000,120900000,11890000,12090000,119900000,11990000,2000000,Giavang Archive
2025-07-07,17:00,"Vàng SJC 1L, 10L, 1KG (Vàng miếng 99.99%)",TP. Hồ Chí Minh,118500000,120500000,11850000,12050000,119500000,11950000,2000000,Giavang Archive
2025-07-08,17:00,"Vàng SJC 1L, 10L, 1KG (Vàng miếng 99.99%)",TP. Hồ Chí Minh,119000000,121000000,11900000,12100000,120000000,12000000,2000000,Giavang Archive
2025-07-09,17:00,"Vàng SJC 1L, 10L, 1KG (Vàng miếng 99.99%)",TP. Hồ Chí Minh,118600000,120600000,11860000,12060000,119600000,11960000,2000000,Giavang Archive
2025-07-10,17:00,"Vàng SJC 1L, 10L, 1KG (Vàng miếng 99.99%)",TP. Hồ Chí Minh,118800000,120800000,11880000,12080000,119800000,11980000,2000000,Giavang Archive
2025-07-11,17:00,"Vàng SJC 1L, 10L, 1KG (Vàng miếng 99.99%)",TP. Hồ Chí Minh,119000000,121000000,11900000,12100000,120000000,12000000,2000000,Giavang Archive
2025-07-12,17:00,"Vàng SJC 1L, 10L, 1KG (Vàng miếng 99.99%)",TP. Hồ Chí Minh,119500000,121500000,11950000,12150000,120500000,12050000,2000000,Giavang Archive
2025-07-13,17:00,"Vàng SJC 1L, 10L, 1KG (Vàng miếng 99.99%)",TP. Hồ Chí Minh,119500000,121500000,11950000,12150000,120500000,12050000,2000000,Giavang Archive
2025-07-14,17:00,"Vàng SJC 1L, 10L, 1KG (Vàng miếng 99.99%)",TP. Hồ Chí Minh,119500000,121500000,11950000,12150000,120500000,12050000,2000000,Giavang Archive
2025-07-15,17:00,"Vàng SJC 1L, 10L, 1KG (Vàng miếng 99.99%)",TP. Hồ Chí Minh,119100000,121100000,11910000,12110000,120100000,12010000,2000000,Giavang Archive
2025-07-16,17:00,"Vàng SJC 1L, 10L, 1KG (Vàng miếng 99.99%)",TP. Hồ Chí Minh,118600000,120600000,11860000,12060000,119600000,11960000,2000000,Giavang Archive
2025-07-17,17:00,"Vàng SJC 1L, 10L, 1KG (Vàng miếng 99.99%)",TP. Hồ Chí Minh,118600000,120600000,11860000,12060000,119600000,11960000,2000000,Giavang Archive
2025-07-18,17:00,"Vàng SJC 1L, 10L, 1KG (Vàng miếng 99.99%)",TP. Hồ Chí Minh,119500000,121000000,11950000,12100000,120250000,12025000,1500000,Giavang Archive
2025-07-19,17:00,"Vàng SJC 1L, 10L, 1KG (Vàng miếng 99.99%)",TP. Hồ Chí Minh,119700000,121200000,11970000,12120000,120450000,12045000,1500000,Giavang Archive
2025-07-20,17:00,"Vàng SJC 1L, 10L, 1KG (Vàng miếng 99.99%)",TP. Hồ Chí Minh,119700000,121200000,11970000,12120000,120450000,12045000,1500000,Giavang Archive
2025-07-21,17:00,"Vàng SJC 1L, 10L, 1KG (Vàng miếng 99.99%)",TP. Hồ Chí Minh,120000000,121500000,12000000,12150000,120750000,12075000,1500000,Giavang Archive
2025-07-22,17:00,"Vàng SJC 1L, 10L, 1KG (Vàng miếng 99.99%)",TP. Hồ Chí Minh,120000000,122000000,12000000,12200000,121000000,12100000,2000000,Giavang Archive
2025-07-23,17:00,"Vàng SJC 1L, 10L, 1KG (Vàng miếng 99.99%)",TP. Hồ Chí Minh,120700000,122700000,12070000,12270000,121700000,12170000,2000000,Giavang Archive
2025-07-24,17:00,"Vàng SJC 1L, 10L, 1KG (Vàng miếng 99.99%)",TP. Hồ Chí Minh,119700000,121700000,11970000,12170000,120700000,12070000,2000000,Giavang Archive
2025-07-25,17:00,"Vàng SJC 1L, 10L, 1KG (Vàng miếng 99.99%)",TP. Hồ Chí Minh,119700000,121700000,11970000,12170000,120700000,12070000,2000000,Giavang Archive
2025-07-26,17:00,"Vàng SJC 1L, 10L, 1KG (Vàng miếng 99.99%)",TP. Hồ Chí Minh,119600000,121100000,11960000,12110000,120350000,12035000,1500000,Giavang Archive
2025-07-27,17:00,"Vàng SJC 1L, 10L, 1KG (Vàng miếng 99.99%)",TP. Hồ Chí Minh,119600000,121100000,11960000,12110000,120350000,12035000,1500000,Giavang Archive
2025-07-28,17:00,"Vàng SJC 1L, 10L, 1KG (Vàng miếng 99.99%)",TP. Hồ Chí Minh,119600000,121100000,11960000,12110000,120350000,12035000,1500000,Giavang Archive
2025-07-29,17:00,"Vàng SJC 1L, 10L, 1KG (Vàng miếng 99.99%)",TP. Hồ Chí Minh,119700000,121200000,11970000,12120000,120450000,12045000,1500000,Giavang Archive
2025-07-30,17:00,"Vàng SJC 1L, 10L, 1KG (Vàng miếng 99.99%)",TP. Hồ Chí Minh,120000000,121500000,12000000,12150000,120750000,12075000,1500000,Giavang Archive
2025-07-31,17:00,"Vàng SJC 1L, 10L, 1KG (Vàng miếng 99.99%)",TP. Hồ Chí Minh,119900000,121400000,11990000,12140000,120650000,12065000,1500000,Giavang Archive
2025-08-01,17:00,"Vàng SJC 1L, 10L, 1KG (Vàng miếng 99.99%)",TP. Hồ Chí Minh,119900000,121400000,11990000,12140000,120650000,12065000,1500000,Giavang Archive
2025-08-02,17:00,"Vàng SJC 1L, 10L, 1KG (Vàng miếng 99.99%)",TP. Hồ Chí Minh,121500000,123500000,12150000,12350000,122500000,12250000,2000000,Giavang Archive
2025-08-03,17:00,"Vàng SJC 1L, 10L, 1KG (Vàng miếng 99.99%)",TP. Hồ Chí Minh,121500000,123500000,12150000,12350000,122500000,12250000,2000000,Giavang Archive
2025-08-04,17:00,"Vàng SJC 1L, 10L, 1KG (Vàng miếng 99.99%)",TP. Hồ Chí Minh,121700000,123300000,12170000,12330000,122500000,12250000,1600000,Giavang Archive
2025-08-05,17:00,"Vàng SJC 1L, 10L, 1KG (Vàng miếng 99.99%)",TP. Hồ Chí Minh,122200000,123800000,12220000,12380000,123000000,12300000,1600000,Giavang Archive
2025-08-06,17:00,"Vàng SJC 1L, 10L, 1KG (Vàng miếng 99.99%)",TP. Hồ Chí Minh,122400000,123800000,12240000,12380000,123100000,12310000,1400000,Giavang Archive
2025-08-07,17:00,"Vàng SJC 1L, 10L, 1KG (Vàng miếng 99.99%)",TP. Hồ Chí Minh,122400000,123800000,12240000,12380000,123100000,12310000,1400000,Giavang Archive
2025-08-08,17:00,"Vàng SJC 1L, 10L, 1KG (Vàng miếng 99.99%)",TP. Hồ Chí Minh,123200000,124400000,12320000,12440000,123800000,12380000,1200000,Giavang Archive
2025-08-09,17:00,"Vàng SJC 1L, 10L, 1KG (Vàng miếng 99.99%)",TP. Hồ Chí Minh,123200000,124400000,12320000,12440000,123800000,12380000,1200000,Giavang Archive
2025-08-10,17:00,"Vàng SJC 1L, 10L, 1KG (Vàng miếng 99.99%)",TP. Hồ Chí Minh,123200000,124400000,12320000,12440000,123800000,12380000,1200000,Giavang Archive
2025-08-11,17:00,"Vàng SJC 1L, 10L, 1KG (Vàng miếng 99.99%)",TP. Hồ Chí Minh,122700000,123900000,12270000,12390000,123300000,12330000,1200000,Giavang Archive
2025-08-12,17:00,"Vàng SJC 1L, 10L, 1KG (Vàng miếng 99.99%)",TP. Hồ Chí Minh,122700000,123900000,12270000,12390000,123300000,12330000,1200000,Giavang Archive
2025-08-13,17:00,"Vàng SJC 1L, 10L, 1KG (Vàng miếng 99.99%)",TP. Hồ Chí Minh,123000000,124200000,12300000,12420000,123600000,12360000,1200000,Giavang Archive
2025-08-14,17:00,"Vàng SJC 1L, 10L, 1KG (Vàng miếng 99.99%)",TP. Hồ Chí Minh,123700000,124700000,12370000,12470000,124200000,12420000,1000000,Giavang Archive
2025-08-15,17:00,"Vàng SJC 1L, 10L, 1KG (Vàng miếng 99.99%)",TP. Hồ Chí Minh,123500000,124500000,12350000,12450000,124000000,12400000,1000000,Giavang Archive
2025-08-16,17:00,"Vàng SJC 1L, 10L, 1KG (Vàng miếng 99.99%)",TP. Hồ Chí Minh,123500000,124500000,12350000,12450000,124000000,12400000,1000000,Giavang Archive
2025-08-17,17:00,"Vàng SJC 1L, 10L, 1KG (Vàng miếng 99.99%)",TP. Hồ Chí Minh,123500000,124500000,12350000,12450000,124000000,12400000,1000000,Giavang Archive
2025-08-18,17:00,"Vàng SJC 1L, 10L, 1KG (Vàng miếng 99.99%)",TP. Hồ Chí Minh,124000000,125000000,12400000,12500000,124500000,12450000,1000000,Giavang Archive
2025-08-19,17:00,"Vàng SJC 1L, 10L, 1KG (Vàng miếng 99.99%)",TP. Hồ Chí Minh,124000000,125000000,12400000,12500000,124500000,12450000,1000000,Giavang Archive
2025-08-20,17:00,"Vàng SJC 1L, 10L, 1KG (Vàng miếng 99.99%)",TP. Hồ Chí Minh,123800000,124800000,12380000,12480000,124300000,12430000,1000000,Giavang Archive
2025-08-21,17:00,"Vàng SJC 1L, 10L, 1KG (Vàng miếng 99.99%)",TP. Hồ Chí Minh,124400000,125400000,12440000,12540000,124900000,12490000,1000000,Giavang Archive
2025-08-22,17:00,"Vàng SJC 1L, 10L, 1KG (Vàng miếng 99.99%)",TP. Hồ Chí Minh,124400000,125400000,12440000,12540000,124900000,12490000,1000000,Giavang Archive
2025-08-23,17:00,"Vàng SJC 1L, 10L, 1KG (Vàng miếng 99.99%)",TP. Hồ Chí Minh,125600000,126600000,12560000,12660000,126100000,12610000,1000000,Giavang Archive
2025-08-24,17:00,"Vàng SJC 1L, 10L, 1KG (Vàng miếng 99.99%)",TP. Hồ Chí Minh,125600000,126600000,12560000,12660000,126100000,12610000,1000000,Giavang Archive
2025-08-25,17:00,"Vàng SJC 1L, 10L, 1KG (Vàng miếng 99.99%)",TP. Hồ Chí Minh,125600000,127100000,12560000,12710000,126350000,12635000,1500000,Giavang Archive
2025-08-26,17:00,"Vàng SJC 1L, 10L, 1KG (Vàng miếng 99.99%)",TP. Hồ Chí Minh,125700000,127700000,12570000,12770000,126700000,12670000,2000000,Giavang Archive
2025-08-27,17:00,"Vàng SJC 1L, 10L, 1KG (Vàng miếng 99.99%)",TP. Hồ Chí Minh,126000000,128000000,12600000,12800000,127000000,12700000,2000000,Giavang Archive
2025-08-28,17:00,"Vàng SJC 1L, 10L, 1KG (Vàng miếng 99.99%)",TP. Hồ Chí Minh,127000000,128500000,12700000,12850000,127750000,12775000,1500000,Giavang Archive
2025-08-29,17:00,"Vàng SJC 1L, 10L, 1KG (Vàng miếng 99.99%)",TP. Hồ Chí Minh,127800000,129300000,12780000,12930000,128550000,12855000,1500000,Giavang Archive
2025-08-30,17:00,"Vàng SJC 1L, 10L, 1KG (Vàng miếng 99.99%)",TP. Hồ Chí Minh,129100000,130600000,12910000,13060000,129850000,12985000,1500000,Giavang Archive
2025-08-31,17:00,"Vàng SJC 1L, 10L, 1KG (Vàng miếng 99.99%)",TP. Hồ Chí Minh,129100000,130600000,12910000,13060000,129850000,12985000,1500000,Giavang Archive
2025-09-01,17:00,"Vàng SJC 1L, 10L, 1KG (Vàng miếng 99.99%)",TP. Hồ Chí Minh,129100000,130600000,12910000,13060000,129850000,12985000,1500000,Giavang Archive
2025-09-02,17:00,"Vàng SJC 1L, 10L, 1KG (Vàng miếng 99.99%)",TP. Hồ Chí Minh,129100000,130600000,12910000,13060000,129850000,12985000,1500000,Giavang Archive
2025-09-03,17:00,"Vàng SJC 1L, 10L, 1KG (Vàng miếng 99.99%)",TP. Hồ Chí Minh,131900000,133400000,13190000,13340000,132650000,13265000,1500000,Giavang Archive
2025-09-04,17:00,"Vàng SJC 1L, 10L, 1KG (Vàng miếng 99.99%)",TP. Hồ Chí Minh,132400000,133900000,13240000,13390000,133150000,13315000,1500000,Giavang Archive
2025-09-05,17:00,"Vàng SJC 1L, 10L, 1KG (Vàng miếng 99.99%)",TP. Hồ Chí Minh,132900000,134400000,13290000,13440000,133650000,13365000,1500000,Giavang Archive
2025-09-06,17:00,"Vàng SJC 1L, 10L, 1KG (Vàng miếng 99.99%)",TP. Hồ Chí Minh,133900000,135400000,13390000,13540000,134650000,13465000,1500000,Giavang Archive
2025-09-07,17:00,"Vàng SJC 1L, 10L, 1KG (Vàng miếng 99.99%)",TP. Hồ Chí Minh,133900000,135400000,13390000,13540000,134650000,13465000,1500000,Giavang Archive
2025-09-08,17:00,"Vàng SJC 1L, 10L, 1KG (Vàng miếng 99.99%)",TP. Hồ Chí Minh,133100000,135100000,13310000,13510000,134100000,13410000,2000000,Giavang Archive
2025-09-09,17:00,"Vàng SJC 1L, 10L, 1KG (Vàng miếng 99.99%)",TP. Hồ Chí Minh,133800000,135800000,13380000,13580000,134800000,13480000,2000000,Giavang Archive
2025-09-10,17:00,"Vàng SJC 1L, 10L, 1KG (Vàng miếng 99.99%)",TP. Hồ Chí Minh,133300000,135300000,13330000,13530000,134300000,13430000,2000000,Giavang Archive
2025-09-11,17:00,"Vàng SJC 1L, 10L, 1KG (Vàng miếng 99.99%)",TP. Hồ Chí Minh,130300000,133300000,13030000,13330000,131800000,13180000,3000000,Giavang Archive
2025-09-12,17:00,"Vàng SJC 1L, 10L, 1KG (Vàng miếng 99.99%)",TP. Hồ Chí Minh,128400000,131400000,12840000,13140000,129900000,12990000,3000000,Giavang Archive
2025-09-13,17:00,"Vàng SJC 1L, 10L, 1KG (Vàng miếng 99.99%)",TP. Hồ Chí Minh,128100000,131100000,12810000,13110000,129600000,12960000,3000000,Giavang Archive
2025-09-14,17:00,"Vàng SJC 1L, 10L, 1KG (Vàng miếng 99.99%)",TP. Hồ Chí Minh,128100000,131100000,12810000,13110000,129600000,12960000,3000000,Giavang Archive
2025-09-15,17:00,"Vàng SJC 1L, 10L, 1KG (Vàng miếng 99.99%)",TP. Hồ Chí Minh,128600000,131100000,12860000,13110000,129850000,12985000,2500000,Giavang Archive
2025-09-16,17:00,"Vàng SJC 1L, 10L, 1KG (Vàng miếng 99.99%)",TP. Hồ Chí Minh,130300000,132300000,13030000,13230000,131300000,13130000,2000000,Giavang Archive
2025-09-17,17:00,"Vàng SJC 1L, 10L, 1KG (Vàng miếng 99.99%)",TP. Hồ Chí Minh,130300000,132300000,13030000,13230000,131300000,13130000,2000000,Giavang Archive
2025-09-18,17:00,"Vàng SJC 1L, 10L, 1KG (Vàng miếng 99.99%)",TP. Hồ Chí Minh,130000000,132000000,13000000,13200000,131000000,13100000,2000000,Giavang Archive
2025-09-19,17:00,"Vàng SJC 1L, 10L, 1KG (Vàng miếng 99.99%)",TP. Hồ Chí Minh,130000000,132000000,13000000,13200000,131000000,13100000,2000000,Giavang Archive
2025-09-20,17:00,"Vàng SJC 1L, 10L, 1KG (Vàng miếng 99.99%)",TP. Hồ Chí Minh,131000000,133000000,13100000,13300000,132000000,13200000,2000000,Giavang Archive
2025-09-21,17:00,"Vàng SJC 1L, 10L, 1KG (Vàng miếng 99.99%)",TP. Hồ Chí Minh,131000000,133000000,13100000,13300000,132000000,13200000,2000000,Giavang Archive
2025-09-22,17:00,"Vàng SJC 1L, 10L, 1KG (Vàng miếng 99.99%)",TP. Hồ Chí Minh,131600000,133600000,13160000,13360000,132600000,13260000,2000000,Giavang Archive
2025-09-23,17:00,"Vàng SJC 1L, 10L, 1KG (Vàng miếng 99.99%)",TP. Hồ Chí Minh,133000000,135000000,13300000,13500000,134000000,13400000,2000000,Giavang Archive
2025-09-24,17:00,"Vàng SJC 1L, 10L, 1KG (Vàng miếng 99.99%)",TP. Hồ Chí Minh,133100000,135100000,13310000,13510000,134100000,13410000,2000000,Giavang Archive
2025-09-25,17:00,"Vàng SJC 1L, 10L, 1KG (Vàng miếng 99.99%)",TP. Hồ Chí Minh,132500000,134500000,13250000,13450000,133500000,13350000,2000000,Giavang Archive
2025-09-26,17:00,"Vàng SJC 1L, 10L, 1KG (Vàng miếng 99.99%)",TP. Hồ Chí Minh,132500000,134500000,13250000,13450000,133500000,13350000,2000000,Giavang Archive
2025-09-27,17:00,"Vàng SJC 1L, 10L, 1KG (Vàng miếng 99.99%)",TP. Hồ Chí Minh,133000000,135000000,13300000,13500000,134000000,13400000,2000000,Giavang Archive
2025-09-28,17:00,"Vàng SJC 1L, 10L, 1KG (Vàng miếng 99.99%)",TP. Hồ Chí Minh,133000000,135000000,13300000,13500000,134000000,13400000,2000000,Giavang Archive
2025-09-29,17:00,"Vàng SJC 1L, 10L, 1KG (Vàng miếng 99.99%)",TP. Hồ Chí Minh,134500000,136500000,13450000,13650000,135500000,13550000,2000000,Giavang Archive
2025-09-30,17:00,"Vàng SJC 1L, 10L, 1KG (Vàng miếng 99.99%)",TP. Hồ Chí Minh,134800000,136800000,13480000,13680000,135800000,13580000,2000000,Giavang Archive
2025-10-01,17:00,"Vàng SJC 1L, 10L, 1KG (Vàng miếng 99.99%)",TP. Hồ Chí Minh,136400000,138400000,13640000,13840000,137400000,13740000,2000000,Giavang Archive
2025-10-02,17:00,"Vàng SJC 1L, 10L, 1KG (Vàng miếng 99.99%)",TP. Hồ Chí Minh,136000000,138000000,13600000,13800000,137000000,13700000,2000000,Giavang Archive
2025-10-03,17:00,"Vàng SJC 1L, 10L, 1KG (Vàng miếng 99.99%)",TP. Hồ Chí Minh,135800000,137800000,13580000,13780000,136800000,13680000,2000000,Giavang Archive
2025-10-04,17:00,"Vàng SJC 1L, 10L, 1KG (Vàng miếng 99.99%)",TP. Hồ Chí Minh,136600000,138600000,13660000,13860000,137600000,13760000,2000000,Giavang Archive
2025-10-05,17:00,"Vàng SJC 1L, 10L, 1KG (Vàng miếng 99.99%)",TP. Hồ Chí Minh,136600000,138600000,13660000,13860000,137600000,13760000,2000000,Giavang Archive
2025-10-06,17:00,"Vàng SJC 1L, 10L, 1KG (Vàng miếng 99.99%)",TP. Hồ Chí Minh,138100000,140100000,13810000,14010000,139100000,13910000,2000000,Giavang Archive
2025-10-07,17:00,"Vàng SJC 1L, 10L, 1KG (Vàng miếng 99.99%)",TP. Hồ Chí Minh,138600000,140600000,13860000,14060000,139600000,13960000,2000000,Giavang Archive
2025-10-08,17:00,"Vàng SJC 1L, 10L, 1KG (Vàng miếng 99.99%)",TP. Hồ Chí Minh,140500000,142500000,14050000,14250000,141500000,14150000,2000000,Giavang Archive
2025-10-09,17:00,"Vàng SJC 1L, 10L, 1KG (Vàng miếng 99.99%)",TP. Hồ Chí Minh,140500000,142500000,14050000,14250000,141500000,14150000,2000000,Giavang Archive
2025-10-10,17:00,"Vàng SJC 1L, 10L, 1KG (Vàng miếng 99.99%)",TP. Hồ Chí Minh,140200000,142200000,14020000,14220000,141200000,14120000,2000000,Giavang Archive
2025-10-11,17:00,"Vàng SJC 1L, 10L, 1KG (Vàng miếng 99.99%)",TP. Hồ Chí Minh,140800000,142800000,14080000,14280000,141800000,14180000,2000000,Giavang Archive
2025-10-12,17:00,"Vàng SJC 1L, 10L, 1KG (Vàng miếng 99.99%)",TP. Hồ Chí Minh,140800000,142800000,14080000,14280000,141800000,14180000,2000000,Giavang Archive
2025-10-13,17:00,"Vàng SJC 1L, 10L, 1KG (Vàng miếng 99.99%)",TP. Hồ Chí Minh,142100000,144100000,14210000,14410000,143100000,14310000,2000000,Giavang Archive
2025-10-14,17:00,"Vàng SJC 1L, 10L, 1KG (Vàng miếng 99.99%)",TP. Hồ Chí Minh,144100000,146100000,14410000,14610000,145100000,14510000,2000000,Giavang Archive
2025-10-15,17:00,"Vàng SJC 1L, 10L, 1KG (Vàng miếng 99.99%)",TP. Hồ Chí Minh,146000000,148000000,14600000,14800000,147000000,14700000,2000000,Giavang Archive
2025-10-16,17:00,"Vàng SJC 1L, 10L, 1KG (Vàng miếng 99.99%)",TP. Hồ Chí Minh,147100000,149100000,14710000,14910000,148100000,14810000,2000000,Giavang Archive
2025-10-17,17:00,"Vàng SJC 1L, 10L, 1KG (Vàng miếng 99.99%)",TP. Hồ Chí Minh,151500000,153000000,15150000,15300000,152250000,15225000,1500000,Giavang Archive
2025-10-18,17:00,"Vàng SJC 1L, 10L, 1KG (Vàng miếng 99.99%)",TP. Hồ Chí Minh,149500000,151000000,14950000,15100000,150250000,15025000,1500000,Giavang Archive
2025-10-19,17:00,"Vàng SJC 1L, 10L, 1KG (Vàng miếng 99.99%)",TP. Hồ Chí Minh,149500000,151000000,14950000,15100000,150250000,15025000,1500000,Giavang Archive
2025-10-20,17:00,"Vàng SJC 1L, 10L, 1KG (Vàng miếng 99.99%)",TP. Hồ Chí Minh,150500000,151500000,15050000,15150000,151000000,15100000,1000000,Giavang Archive
2025-10-21,17:00,"Vàng SJC 1L, 10L, 1KG (Vàng miếng 99.99%)",TP. Hồ Chí Minh,151500000,152500000,15150000,15250000,152000000,15200000,1000000,Giavang Archive
2025-10-22,17:00,"Vàng SJC 1L, 10L, 1KG (Vàng miếng 99.99%)",TP. Hồ Chí Minh,146600000,148600000,14660000,14860000,147600000,14760000,2000000,Giavang Archive
2025-10-23,17:00,"Vàng SJC 1L, 10L, 1KG (Vàng miếng 99.99%)",TP. Hồ Chí Minh,147500000,149500000,14750000,14950000,148500000,14850000,2000000,Giavang Archive
2025-10-24,17:00,"Vàng SJC 1L, 10L, 1KG (Vàng miếng 99.99%)",TP. Hồ Chí Minh,146500000,148500000,14650000,14850000,147500000,14750000,2000000,Giavang Archive
2025-10-25,17:00,"Vàng SJC 1L, 10L, 1KG (Vàng miếng 99.99%)",TP. Hồ Chí Minh,147200000,149200000,14720000,14920000,148200000,14820000,2000000,Giavang Archive
2025-10-26,17:00,"Vàng SJC 1L, 10L, 1KG (Vàng miếng 99.99%)",TP. Hồ Chí Minh,147200000,149200000,14720000,14920000,148200000,14820000,2000000,Giavang Archive
2025-10-27,17:00,"Vàng SJC 1L, 10L, 1KG (Vàng miếng 99.99%)",TP. Hồ Chí Minh,146900000,148400000,14690000,14840000,147650000,14765000,1500000,Giavang Archive
2025-10-28,17:00,"Vàng SJC 1L, 10L, 1KG (Vàng miếng 99.99%)",TP. Hồ Chí Minh,143100000,145100000,14310000,14510000,144100000,14410000,2000000,Giavang Archive
2025-10-29,17:00,"Vàng SJC 1L, 10L, 1KG (Vàng miếng 99.99%)",TP. Hồ Chí Minh,146100000,148100000,14610000,14810000,147100000,14710000,2000000,Giavang Archive
2025-10-30,17:00,"Vàng SJC 1L, 10L, 1KG (Vàng miếng 99.99%)",TP. Hồ Chí Minh,145800000,147800000,14580000,14780000,146800000,14680000,2000000,Giavang Archive
2025-10-31,17:00,"Vàng SJC 1L, 10L, 1KG (Vàng miếng 99.99%)",TP. Hồ Chí Minh,146400000,148400000,14640000,14840000,147400000,14740000,2000000,Giavang Archive
2025-11-01,17:00,"Vàng SJC 1L, 10L, 1KG (Vàng miếng 99.99%)",TP. Hồ Chí Minh,146400000,148400000,14640000,14840000,147400000,14740000,2000000,Giavang Archive
2025-11-02,17:00,"Vàng SJC 1L, 10L, 1KG (Vàng miếng 99.99%)",TP. Hồ Chí Minh,146400000,148400000,14640000,14840000,147400000,14740000,2000000,Giavang Archive
2025-11-03,17:00,"Vàng SJC 1L, 10L, 1KG (Vàng miếng 99.99%)",TP. Hồ Chí Minh,147000000,149000000,14700000,14900000,148000000,14800000,2000000,Giavang Archive
2025-11-04,17:00,"Vàng SJC 1L, 10L, 1KG (Vàng miếng 99.99%)",TP. Hồ Chí Minh,146200000,148200000,14620000,14820000,147200000,14720000,2000000,Giavang Archive
2025-11-05,17:00,"Vàng SJC 1L, 10L, 1KG (Vàng miếng 99.99%)",TP. Hồ Chí Minh,145500000,147500000,14550000,14750000,146500000,14650000,2000000,Giavang Archive
2025-11-06,17:00,"Vàng SJC 1L, 10L, 1KG (Vàng miếng 99.99%)",TP. Hồ Chí Minh,146400000,148400000,14640000,14840000,147400000,14740000,2000000,Giavang Archive
2025-11-07,17:00,"Vàng SJC 1L, 10L, 1KG (Vàng miếng 99.99%)",TP. Hồ Chí Minh,146400000,148400000,14640000,14840000,147400000,14740000,2000000,Giavang Archive
2025-11-08,17:00,"Vàng SJC 1L, 10L, 1KG (Vàng miếng 99.99%)",TP. Hồ Chí Minh,146400000,148400000,14640000,14840000,147400000,14740000,2000000,Giavang Archive
2025-11-09,17:00,"Vàng SJC 1L, 10L, 1KG (Vàng miếng 99.99%)",TP. Hồ Chí Minh,146400000,148400000,14640000,14840000,147400000,14740000,2000000,Giavang Archive
2025-11-10,17:00,"Vàng SJC 1L, 10L, 1KG (Vàng miếng 99.99%)",TP. Hồ Chí Minh,148200000,150200000,14820000,15020000,149200000,14920000,2000000,Giavang Archive
2025-11-11,17:00,"Vàng SJC 1L, 10L, 1KG (Vàng miếng 99.99%)",TP. Hồ Chí Minh,150000000,152000000,15000000,15200000,151000000,15100000,2000000,Giavang Archive
2025-11-12,17:00,"Vàng SJC 1L, 10L, 1KG (Vàng miếng 99.99%)",TP. Hồ Chí Minh,149500000,151500000,14950000,15150000,150500000,15050000,2000000,Giavang Archive
2025-11-13,17:00,"Vàng SJC 1L, 10L, 1KG (Vàng miếng 99.99%)",TP. Hồ Chí Minh,152500000,154500000,15250000,15450000,153500000,15350000,2000000,Giavang Archive
2025-11-14,17:00,"Vàng SJC 1L, 10L, 1KG (Vàng miếng 99.99%)",TP. Hồ Chí Minh,151200000,153200000,15120000,15320000,152200000,15220000,2000000,Giavang Archive
2025-11-15,17:00,"Vàng SJC 1L, 10L, 1KG (Vàng miếng 99.99%)",TP. Hồ Chí Minh,149000000,151000000,14900000,15100000,150000000,15000000,2000000,Giavang Archive
2025-11-16,17:00,"Vàng SJC 1L, 10L, 1KG (Vàng miếng 99.99%)",TP. Hồ Chí Minh,149000000,151000000,14900000,15100000,150000000,15000000,2000000,Giavang Archive
2025-11-17,17:00,"Vàng SJC 1L, 10L, 1KG (Vàng miếng 99.99%)",TP. Hồ Chí Minh,149000000,151000000,14900000,15100000,150000000,15000000,2000000,Giavang Archive
2025-11-18,17:00,"Vàng SJC 1L, 10L, 1KG (Vàng miếng 99.99%)",TP. Hồ Chí Minh,147300000,149300000,14730000,14930000,148300000,14830000,2000000,Giavang Archive
2025-11-19,17:00,"Vàng SJC 1L, 10L, 1KG (Vàng miếng 99.99%)",TP. Hồ Chí Minh,149000000,151000000,14900000,15100000,150000000,15000000,2000000,Giavang Archive
2025-11-20,17:00,"Vàng SJC 1L, 10L, 1KG (Vàng miếng 99.99%)",TP. Hồ Chí Minh,148300000,150300000,14830000,15030000,149300000,14930000,2000000,Giavang Archive
2025-11-21,17:00,"Vàng SJC 1L, 10L, 1KG (Vàng miếng 99.99%)",TP. Hồ Chí Minh,147800000,149800000,14780000,14980000,148800000,14880000,2000000,Giavang Archive
2025-11-22,17:00,"Vàng SJC 1L, 10L, 1KG (Vàng miếng 99.99%)",TP. Hồ Chí Minh,148400000,150400000,14840000,15040000,149400000,14940000,2000000,Giavang Archive
2025-11-23,17:00,"Vàng SJC 1L, 10L, 1KG (Vàng miếng 99.99%)",TP. Hồ Chí Minh,148400000,150400000,14840000,15040000,149400000,14940000,2000000,Giavang Archive
2025-11-24,17:00,"Vàng SJC 1L, 10L, 1KG (Vàng miếng 99.99%)",TP. Hồ Chí Minh,148400000,150400000,14840000,15040000,149400000,14940000,2000000,Giavang Archive
2025-11-25,17:00,"Vàng SJC 1L, 10L, 1KG (Vàng miếng 99.99%)",TP. Hồ Chí Minh,150900000,152900000,15090000,15290000,151900000,15190000,2000000,Giavang Archive
2025-11-26,17:00,"Vàng SJC 1L, 10L, 1KG (Vàng miếng 99.99%)",TP. Hồ Chí Minh,151400000,153400000,15140000,15340000,152400000,15240000,2000000,Giavang Archive
2025-11-27,17:00,"Vàng SJC 1L, 10L, 1KG (Vàng miếng 99.99%)",TP. Hồ Chí Minh,151400000,153400000,15140000,15340000,152400000,15240000,2000000,Giavang Archive
2025-11-28,17:00,"Vàng SJC 1L, 10L, 1KG (Vàng miếng 99.99%)",TP. Hồ Chí Minh,152200000,154200000,15220000,15420000,153200000,15320000,2000000,Giavang Archive
2025-11-29,17:00,"Vàng SJC 1L, 10L, 1KG (Vàng miếng 99.99%)",TP. Hồ Chí Minh,152900000,154900000,15290000,15490000,153900000,15390000,2000000,Giavang Archive
2025-11-30,17:00,"Vàng SJC 1L, 10L, 1KG (Vàng miếng 99.99%)",TP. Hồ Chí Minh,152900000,154900000,15290000,15490000,153900000,15390000,2000000,Giavang Archive
2025-12-01,17:00,"Vàng SJC 1L, 10L, 1KG (Vàng miếng 99.99%)",TP. Hồ Chí Minh,153200000,155200000,15320000,15520000,154200000,15420000,2000000,Giavang Archive
2025-12-02,17:00,"Vàng SJC 1L, 10L, 1KG (Vàng miếng 99.99%)",TP. Hồ Chí Minh,152500000,154500000,15250000,15450000,153500000,15350000,2000000,Giavang Archive
2025-12-03,17:00,"Vàng SJC 1L, 10L, 1KG (Vàng miếng 99.99%)",TP. Hồ Chí Minh,152500000,154500000,15250000,15450000,153500000,15350000,2000000,Giavang Archive
2025-12-04,17:00,"Vàng SJC 1L, 10L, 1KG (Vàng miếng 99.99%)",TP. Hồ Chí Minh,151800000,153800000,15180000,15380000,152800000,15280000,2000000,Giavang Archive
2025-12-05,17:00,"Vàng SJC 1L, 10L, 1KG (Vàng miếng 99.99%)",TP. Hồ Chí Minh,152900000,154900000,15290000,15490000,153900000,15390000,2000000,Giavang Archive
2025-12-06,17:00,"Vàng SJC 1L, 10L, 1KG (Vàng miếng 99.99%)",TP. Hồ Chí Minh,152200000,154200000,15220000,15420000,153200000,15320000,2000000,Giavang Archive
2025-12-07,17:00,"Vàng SJC 1L, 10L, 1KG (Vàng miếng 99.99%)",TP. Hồ Chí Minh,152200000,154200000,15220000,15420000,153200000,15320000,2000000,Giavang Archive
2025-12-08,17:00,"Vàng SJC 1L, 10L, 1KG (Vàng miếng 99.99%)",TP. Hồ Chí Minh,152500000,154500000,15250000,15450000,153500000,15350000,2000000,Giavang Archive
2025-12-09,17:00,"Vàng SJC 1L, 10L, 1KG (Vàng miếng 99.99%)",TP. Hồ Chí Minh,151700000,153700000,15170000,15370000,152700000,15270000,2000000,Giavang Archive
2025-12-10,17:00,"Vàng SJC 1L, 10L, 1KG (Vàng miếng 99.99%)",TP. Hồ Chí Minh,152700000,154700000,15270000,15470000,153700000,15370000,2000000,Giavang Archive
2025-12-11,17:00,"Vàng SJC 1L, 10L, 1KG (Vàng miếng 99.99%)",TP. Hồ Chí Minh,152500000,154500000,15250000,15450000,153500000,15350000,2000000,Giavang Archive
2025-12-12,17:00,"Vàng SJC 1L, 10L, 1KG (Vàng miếng 99.99%)",TP. Hồ Chí Minh,153600000,155600000,15360000,15560000,154600000,15460000,2000000,Giavang Archive
2025-12-13,17:00,"Vàng SJC 1L, 10L, 1KG (Vàng miếng 99.99%)",TP. Hồ Chí Minh,154300000,156300000,15430000,15630000,155300000,15530000,2000000,Giavang Archive
2025-12-14,17:00,"Vàng SJC 1L, 10L, 1KG (Vàng miếng 99.99%)",TP. Hồ Chí Minh,154300000,156300000,15430000,15630000,155300000,15530000,2000000,Giavang Archive
2025-12-15,17:00,"Vàng SJC 1L, 10L, 1KG (Vàng miếng 99.99%)",TP. Hồ Chí Minh,155200000,157200000,15520000,15720000,156200000,15620000,2000000,Giavang Archive
2025-12-16,17:00,"Vàng SJC 1L, 10L, 1KG (Vàng miếng 99.99%)",TP. Hồ Chí Minh,153600000,155600000,15360000,15560000,154600000,15460000,2000000,Giavang Archive
2025-12-17,17:00,"Vàng SJC 1L, 10L, 1KG (Vàng miếng 99.99%)",TP. Hồ Chí Minh,154200000,156200000,15420000,15620000,155200000,15520000,2000000,Giavang Archive
2025-12-18,17:00,"Vàng SJC 1L, 10L, 1KG (Vàng miếng 99.99%)",TP. Hồ Chí Minh,154400000,156400000,15440000,15640000,155400000,15540000,2000000,Giavang Archive
2025-12-19,17:00,"Vàng SJC 1L, 10L, 1KG (Vàng miếng 99.99%)",TP. Hồ Chí Minh,154400000,156400000,15440000,15640000,155400000,15540000,2000000,Giavang Archive
2025-12-20,17:00,"Vàng SJC 1L, 10L, 1KG (Vàng miếng 99.99%)",TP. Hồ Chí Minh,154600000,156600000,15460000,15660000,155600000,15560000,2000000,Giavang Archive
2025-12-21,17:00,"Vàng SJC 1L, 10L, 1KG (Vàng miếng 99.99%)",TP. Hồ Chí Minh,154600000,156600000,15460000,15660000,155600000,15560000,2000000,Giavang Archive
2025-12-22,17:00,"Vàng SJC 1L, 10L, 1KG (Vàng miếng 99.99%)",TP. Hồ Chí Minh,155500000,157500000,15550000,15750000,156500000,15650000,2000000,Giavang Archive
2025-12-23,17:00,"Vàng SJC 1L, 10L, 1KG (Vàng miếng 99.99%)",TP. Hồ Chí Minh,157000000,159000000,15700000,15900000,158000000,15800000,2000000,Giavang Archive
2025-12-24,17:00,"Vàng SJC 1L, 10L, 1KG (Vàng miếng 99.99%)",TP. Hồ Chí Minh,157200000,159200000,15720000,15920000,158200000,15820000,2000000,Giavang Archive
2025-12-25,17:00,"Vàng SJC 1L, 10L, 1KG (Vàng miếng 99.99%)",TP. Hồ Chí Minh,156800000,158800000,15680000,15880000,157800000,15780000,2000000,Giavang Archive
2025-12-26,17:00,"Vàng SJC 1L, 10L, 1KG (Vàng miếng 99.99%)",TP. Hồ Chí Minh,157200000,159200000,15720000,15920000,158200000,15820000,2000000,Giavang Archive
2025-12-27,17:00,"Vàng SJC 1L, 10L, 1KG (Vàng miếng 99.99%)",TP. Hồ Chí Minh,157700000,159700000,15770000,15970000,158700000,15870000,2000000,Giavang Archive
2025-12-28,17:00,"Vàng SJC 1L, 10L, 1KG (Vàng miếng 99.99%)",TP. Hồ Chí Minh,157700000,159700000,15770000,15970000,158700000,15870000,2000000,Giavang Archive
2025-12-29,17:00,"Vàng SJC 1L, 10L, 1KG (Vàng miếng 99.99%)",TP. Hồ Chí Minh,156800000,158800000,15680000,15880000,157800000,15780000,2000000,Giavang Archive
2025-12-30,17:00,"Vàng SJC 1L, 10L, 1KG (Vàng miếng 99.99%)",TP. Hồ Chí Minh,152700000,154700000,15270000,15470000,153700000,15370000,2000000,Giavang Archive
2025-12-31,17:00,"Vàng SJC 1L, 10L, 1KG (Vàng miếng 99.99%)",TP. Hồ Chí Minh,150800000,152800000,15080000,15280000,151800000,15180000,2000000,Giavang Archive
2026-01-01,17:00,"Vàng SJC 1L, 10L, 1KG (Vàng miếng 99.99%)",TP. Hồ Chí Minh,150800000,152800000,15080000,15280000,151800000,15180000,2000000,Giavang Archive
2026-01-02,17:00,"Vàng SJC 1L, 10L, 1KG (Vàng miếng 99.99%)",TP. Hồ Chí Minh,150800000,152800000,15080000,15280000,151800000,15180000,2000000,Giavang Archive
2026-01-03,17:00,"Vàng SJC 1L, 10L, 1KG (Vàng miếng 99.99%)",TP. Hồ Chí Minh,150800000,152800000,15080000,15280000,151800000,15180000,2000000,Giavang Archive
2026-01-04,17:00,"Vàng SJC 1L, 10L, 1KG (Vàng miếng 99.99%)",TP. Hồ Chí Minh,150800000,152800000,15080000,15280000,151800000,15180000,2000000,Giavang Archive
2026-01-05,17:00,"Vàng SJC 1L, 10L, 1KG (Vàng miếng 99.99%)",TP. Hồ Chí Minh,154800000,156800000,15480000,15680000,155800000,15580000,2000000,Giavang Archive
2026-01-06,17:00,"Vàng SJC 1L, 10L, 1KG (Vàng miếng 99.99%)",TP. Hồ Chí Minh,156000000,158000000,15600000,15800000,157000000,15700000,2000000,Giavang Archive
2026-01-07,17:00,"Vàng SJC 1L, 10L, 1KG (Vàng miếng 99.99%)",TP. Hồ Chí Minh,156100000,158100000,15610000,15810000,157100000,15710000,2000000,Giavang Archive
2026-01-08,17:00,"Vàng SJC 1L, 10L, 1KG (Vàng miếng 99.99%)",TP. Hồ Chí Minh,155200000,157200000,15520000,15720000,156200000,15620000,2000000,Giavang Archive
2026-01-09,17:00,"Vàng SJC 1L, 10L, 1KG (Vàng miếng 99.99%)",TP. Hồ Chí Minh,156300000,158300000,15630000,15830000,157300000,15730000,2000000,Giavang Archive
2026-01-10,17:00,"Vàng SJC 1L, 10L, 1KG (Vàng miếng 99.99%)",TP. Hồ Chí Minh,157800000,159800000,15780000,15980000,158800000,15880000,2000000,Giavang Archive
2026-01-11,17:00,"Vàng SJC 1L, 10L, 1KG (Vàng miếng 99.99%)",TP. Hồ Chí Minh,157800000,159800000,15780000,15980000,158800000,15880000,2000000,Giavang Archive
2026-01-12,17:00,"Vàng SJC 1L, 10L, 1KG (Vàng miếng 99.99%)",TP. Hồ Chí Minh,160000000,162000000,16000000,16200000,161000000,16100000,2000000,Giavang Archive
2026-01-13,17:00,"Vàng SJC 1L, 10L, 1KG (Vàng miếng 99.99%)",TP. Hồ Chí Minh,160000000,162000000,16000000,16200000,161000000,16100000,2000000,Giavang Archive
2026-01-14,17:00,"Vàng SJC 1L, 10L, 1KG (Vàng miếng 99.99%)",TP. Hồ Chí Minh,160900000,162900000,16090000,16290000,161900000,16190000,2000000,Giavang Archive
2026-01-15,17:00,"Vàng SJC 1L, 10L, 1KG (Vàng miếng 99.99%)",TP. Hồ Chí Minh,160800000,162800000,16080000,16280000,161800000,16180000,2000000,Giavang Archive
2026-01-16,17:00,"Vàng SJC 1L, 10L, 1KG (Vàng miếng 99.99%)",TP. Hồ Chí Minh,160800000,162800000,16080000,16280000,161800000,16180000,2000000,Giavang Archive
2026-01-17,17:00,"Vàng SJC 1L, 10L, 1KG (Vàng miếng 99.99%)",TP. Hồ Chí Minh,160800000,162800000,16080000,16280000,161800000,16180000,2000000,Giavang Archive
2026-01-18,17:00,"Vàng SJC 1L, 10L, 1KG (Vàng miếng 99.99%)",TP. Hồ Chí Minh,160800000,162800000,16080000,16280000,161800000,16180000,2000000,Giavang Archive
2026-01-19,17:00,"Vàng SJC 1L, 10L, 1KG (Vàng miếng 99.99%)",TP. Hồ Chí Minh,163000000,165000000,16300000,16500000,164000000,16400000,2000000,Giavang Archive
2026-01-20,17:00,"Vàng SJC 1L, 10L, 1KG (Vàng miếng 99.99%)",TP. Hồ Chí Minh,164100000,166100000,16410000,16610000,165100000,16510000,2000000,Giavang Archive
2026-01-21,17:00,"Vàng SJC 1L, 10L, 1KG (Vàng miếng 99.99%)",TP. Hồ Chí Minh,168700000,170700000,16870000,17070000,169700000,16970000,2000000,Giavang Archive
2026-01-22,17:00,"Vàng SJC 1L, 10L, 1KG (Vàng miếng 99.99%)",TP. Hồ Chí Minh,167300000,169300000,16730000,16930000,168300000,16830000,2000000,Giavang Archive
2026-01-23,17:00,"Vàng SJC 1L, 10L, 1KG (Vàng miếng 99.99%)",TP. Hồ Chí Minh,171300000,173300000,17130000,17330000,172300000,17230000,2000000,Giavang Archive
2026-01-24,17:00,"Vàng SJC 1L, 10L, 1KG (Vàng miếng 99.99%)",TP. Hồ Chí Minh,172300000,174300000,17230000,17430000,173300000,17330000,2000000,Giavang Archive
2026-01-25,17:00,"Vàng SJC 1L, 10L, 1KG (Vàng miếng 99.99%)",TP. Hồ Chí Minh,172300000,174300000,17230000,17430000,173300000,17330000,2000000,Giavang Archive
2026-01-26,17:00,"Vàng SJC 1L, 10L, 1KG (Vàng miếng 99.99%)",TP. Hồ Chí Minh,174500000,176500000,17450000,17650000,175500000,17550000,2000000,Giavang Archive
2026-01-27,17:00,"Vàng SJC 1L, 10L, 1KG (Vàng miếng 99.99%)",TP. Hồ Chí Minh,175300000,177300000,17530000,17730000,176300000,17630000,2000000,Giavang Archive
2026-01-28,17:00,"Vàng SJC 1L, 10L, 1KG (Vàng miếng 99.99%)",TP. Hồ Chí Minh,180100000,182600000,18010000,18260000,181350000,18135000,2500000,Giavang Archive
2026-01-29,17:00,"Vàng SJC 1L, 10L, 1KG (Vàng miếng 99.99%)",TP. Hồ Chí Minh,188300000,191300000,18830000,19130000,189800000,18980000,3000000,Giavang Archive
2026-01-30,17:00,"Vàng SJC 1L, 10L, 1KG (Vàng miếng 99.99%)",TP. Hồ Chí Minh,178000000,181000000,17800000,18100000,179500000,17950000,3000000,Giavang Archive
2026-01-31,17:00,"Vàng SJC 1L, 10L, 1KG (Vàng miếng 99.99%)",TP. Hồ Chí Minh,169000000,172000000,16900000,17200000,170500000,17050000,3000000,Giavang Archive
2026-02-01,17:00,"Vàng SJC 1L, 10L, 1KG (Vàng miếng 99.99%)",TP. Hồ Chí Minh,169000000,172000000,16900000,17200000,170500000,17050000,3000000,Giavang Archive
2026-02-02,17:00,"Vàng SJC 1L, 10L, 1KG (Vàng miếng 99.99%)",TP. Hồ Chí Minh,163000000,166000000,16300000,16600000,164500000,16450000,3000000,Giavang Archive
2026-02-03,17:00,"Vàng SJC 1L, 10L, 1KG (Vàng miếng 99.99%)",TP. Hồ Chí Minh,172000000,175000000,17200000,17500000,173500000,17350000,3000000,Giavang Archive
2026-02-04,17:00,"Vàng SJC 1L, 10L, 1KG (Vàng miếng 99.99%)",TP. Hồ Chí Minh,177200000,180200000,17720000,18020000,178700000,17870000,3000000,Giavang Archive
2026-02-05,17:00,"Vàng SJC 1L, 10L, 1KG (Vàng miếng 99.99%)",TP. Hồ Chí Minh,174200000,177200000,17420000,17720000,175700000,17570000,3000000,Giavang Archive
2026-02-06,17:00,"Vàng SJC 1L, 10L, 1KG (Vàng miếng 99.99%)",TP. Hồ Chí Minh,173500000,176500000,17350000,17650000,175000000,17500000,3000000,Giavang Archive
2026-02-07,17:00,"Vàng SJC 1L, 10L, 1KG (Vàng miếng 99.99%)",TP. Hồ Chí Minh,176300000,179300000,17630000,17930000,177800000,17780000,3000000,Giavang Archive
2026-02-08,17:00,"Vàng SJC 1L, 10L, 1KG (Vàng miếng 99.99%)",TP. Hồ Chí Minh,176300000,179300000,17630000,17930000,177800000,17780000,3000000,Giavang Archive
2026-02-09,17:00,"Vàng SJC 1L, 10L, 1KG (Vàng miếng 99.99%)",TP. Hồ Chí Minh,178200000,181200000,17820000,18120000,179700000,17970000,3000000,Giavang Archive
2026-02-10,17:00,"Vàng SJC 1L, 10L, 1KG (Vàng miếng 99.99%)",TP. Hồ Chí Minh,178000000,181000000,17800000,18100000,179500000,17950000,3000000,Giavang Archive
2026-02-11,17:00,"Vàng SJC 1L, 10L, 1KG (Vàng miếng 99.99%)",TP. Hồ Chí Minh,178000000,181000000,17800000,18100000,179500000,17950000,3000000,Giavang Archive
2026-02-12,17:00,"Vàng SJC 1L, 10L, 1KG (Vàng miếng 99.99%)",TP. Hồ Chí Minh,178000000,181000000,17800000,18100000,179500000,17950000,3000000,Giavang Archive
2026-02-13,17:00,"Vàng SJC 1L, 10L, 1KG (Vàng miếng 99.99%)",TP. Hồ Chí Minh,176000000,179000000,17600000,17900000,177500000,17750000,3000000,Giavang Archive
2026-02-14,17:00,"Vàng SJC 1L, 10L, 1KG (Vàng miếng 99.99%)",TP. Hồ Chí Minh,178000000,181000000,17800000,18100000,179500000,17950000,3000000,Giavang Archive
2026-02-15,17:00,"Vàng SJC 1L, 10L, 1KG (Vàng miếng 99.99%)",TP. Hồ Chí Minh,178000000,181000000,17800000,18100000,179500000,17950000,3000000,Giavang Archive
2026-02-16,17:00,"Vàng SJC 1L, 10L, 1KG (Vàng miếng 99.99%)",TP. Hồ Chí Minh,178000000,181000000,17800000,18100000,179500000,17950000,3000000,Giavang Archive
2026-02-17,17:00,"Vàng SJC 1L, 10L, 1KG (Vàng miếng 99.99%)",TP. Hồ Chí Minh,178000000,181000000,17800000,18100000,179500000,17950000,3000000,Giavang Archive
2026-02-18,17:00,"Vàng SJC 1L, 10L, 1KG (Vàng miếng 99.99%)",TP. Hồ Chí Minh,178000000,181000000,17800000,18100000,179500000,17950000,3000000,Giavang Archive
2026-02-19,17:00,"Vàng SJC 1L, 10L, 1KG (Vàng miếng 99.99%)",TP. Hồ Chí Minh,178000000,181000000,17800000,18100000,179500000,17950000,3000000,Giavang Archive
2026-02-20,17:00,"Vàng SJC 1L, 10L, 1KG (Vàng miếng 99.99%)",TP. Hồ Chí Minh,178000000,181000000,17800000,18100000,179500000,17950000,3000000,Giavang Archive
2026-02-21,17:00,"Vàng SJC 1L, 10L, 1KG (Vàng miếng 99.99%)",TP. Hồ Chí Minh,178000000,181000000,17800000,18100000,179500000,17950000,3000000,Giavang Archive
2026-02-22,17:00,"Vàng SJC 1L, 10L, 1KG (Vàng miếng 99.99%)",TP. Hồ Chí Minh,178000000,181000000,17800000,18100000,179500000,17950000,3000000,Giavang Archive
2026-02-23,17:00,"Vàng SJC 1L, 10L, 1KG (Vàng miếng 99.99%)",TP. Hồ Chí Minh,181600000,184600000,18160000,18460000,183100000,18310000,3000000,Giavang Archive
2026-02-24,17:00,"Vàng SJC 1L, 10L, 1KG (Vàng miếng 99.99%)",TP. Hồ Chí Minh,181600000,184600000,18160000,18460000,183100000,18310000,3000000,Giavang Archive
2026-02-25,17:00,"Vàng SJC 1L, 10L, 1KG (Vàng miếng 99.99%)",TP. Hồ Chí Minh,182300000,185300000,18230000,18530000,183800000,18380000,3000000,Giavang Archive
2026-02-26,17:00,"Vàng SJC 1L, 10L, 1KG (Vàng miếng 99.99%)",TP. Hồ Chí Minh,182500000,185500000,18250000,18550000,184000000,18400000,3000000,Giavang Archive
2026-02-27,17:00,"Vàng SJC 1L, 10L, 1KG (Vàng miếng 99.99%)",TP. Hồ Chí Minh,181000000,184000000,18100000,18400000,182500000,18250000,3000000,Giavang Archive
2026-02-28,17:00,"Vàng SJC 1L, 10L, 1KG (Vàng miếng 99.99%)",TP. Hồ Chí Minh,184000000,187000000,18400000,18700000,185500000,18550000,3000000,Giavang Archive
2026-03-01,17:00,"Vàng SJC 1L, 10L, 1KG (Vàng miếng 99.99%)",TP. Hồ Chí Minh,184000000,187000000,18400000,18700000,185500000,18550000,3000000,Giavang Archive
2026-03-02,17:00,"Vàng SJC 1L, 10L, 1KG (Vàng miếng 99.99%)",TP. Hồ Chí Minh,186900000,189900000,18690000,18990000,188400000,18840000,3000000,Giavang Archive
2026-03-03,17:00,"Vàng SJC 1L, 10L, 1KG (Vàng miếng 99.99%)",TP. Hồ Chí Minh,185200000,188200000,18520000,18820000,186700000,18670000,3000000,Giavang Archive
2026-03-04,17:00,"Vàng SJC 1L, 10L, 1KG (Vàng miếng 99.99%)",TP. Hồ Chí Minh,181200000,184200000,18120000,18420000,182700000,18270000,3000000,Giavang Archive
2026-03-05,17:00,"Vàng SJC 1L, 10L, 1KG (Vàng miếng 99.99%)",TP. Hồ Chí Minh,181700000,184700000,18170000,18470000,183200000,18320000,3000000,Giavang Archive
2026-03-06,17:00,"Vàng SJC 1L, 10L, 1KG (Vàng miếng 99.99%)",TP. Hồ Chí Minh,180800000,183800000,18080000,18380000,182300000,18230000,3000000,Giavang Archive
2026-03-07,17:00,"Vàng SJC 1L, 10L, 1KG (Vàng miếng 99.99%)",TP. Hồ Chí Minh,182000000,185000000,18200000,18500000,183500000,18350000,3000000,Giavang Archive
2026-03-08,17:00,"Vàng SJC 1L, 10L, 1KG (Vàng miếng 99.99%)",TP. Hồ Chí Minh,182000000,185000000,18200000,18500000,183500000,18350000,3000000,Giavang Archive
2026-03-09,17:00,"Vàng SJC 1L, 10L, 1KG (Vàng miếng 99.99%)",TP. Hồ Chí Minh,181100000,184100000,18110000,18410000,182600000,18260000,3000000,Giavang Archive
2026-03-10,17:00,"Vàng SJC 1L, 10L, 1KG (Vàng miếng 99.99%)",TP. Hồ Chí Minh,183100000,186100000,18310000,18610000,184600000,18460000,3000000,Giavang Archive
2026-03-11,17:00,"Vàng SJC 1L, 10L, 1KG (Vàng miếng 99.99%)",TP. Hồ Chí Minh,184200000,187200000,18420000,18720000,185700000,18570000,3000000,Giavang Archive
2026-03-12,17:00,"Vàng SJC 1L, 10L, 1KG (Vàng miếng 99.99%)",TP. Hồ Chí Minh,183300000,186300000,18330000,18630000,184800000,18480000,3000000,Giavang Archive
2026-03-13,17:00,"Vàng SJC 1L, 10L, 1KG (Vàng miếng 99.99%)",TP. Hồ Chí Minh,181800000,184800000,18180000,18480000,183300000,18330000,3000000,Giavang Archive
2026-03-14,17:00,"Vàng SJC 1L, 10L, 1KG (Vàng miếng 99.99%)",TP. Hồ Chí Minh,179600000,182600000,17960000,18260000,181100000,18110000,3000000,Giavang Archive
2026-03-15,17:00,"Vàng SJC 1L, 10L, 1KG (Vàng miếng 99.99%)",TP. Hồ Chí Minh,179600000,182600000,17960000,18260000,181100000,18110000,3000000,Giavang Archive
2026-03-16,17:00,"Vàng SJC 1L, 10L, 1KG (Vàng miếng 99.99%)",TP. Hồ Chí Minh,180100000,183100000,18010000,18310000,181600000,18160000,3000000,Giavang Archive
2026-03-17,17:00,"Vàng SJC 1L, 10L, 1KG (Vàng miếng 99.99%)",TP. Hồ Chí Minh,180000000,183000000,18000000,18300000,181500000,18150000,3000000,Giavang Archive
2026-03-18,17:00,"Vàng SJC 1L, 10L, 1KG (Vàng miếng 99.99%)",TP. Hồ Chí Minh,180000000,183000000,18000000,18300000,181500000,18150000,3000000,Giavang Archive
2026-03-19,17:00,"Vàng SJC 1L, 10L, 1KG (Vàng miếng 99.99%)",TP. Hồ Chí Minh,175400000,178400000,17540000,17840000,176900000,17690000,3000000,Giavang Archive
2026-03-20,17:00,"Vàng SJC 1L, 10L, 1KG (Vàng miếng 99.99%)",TP. Hồ Chí Minh,173100000,176100000,17310000,17610000,174600000,17460000,3000000,Giavang Archive
2026-03-21,17:00,"Vàng SJC 1L, 10L, 1KG (Vàng miếng 99.99%)",TP. Hồ Chí Minh,168000000,171000000,16800000,17100000,169500000,16950000,3000000,Giavang Archive
2026-03-22,17:00,"Vàng SJC 1L, 10L, 1KG (Vàng miếng 99.99%)",TP. Hồ Chí Minh,168000000,171000000,16800000,17100000,169500000,16950000,3000000,Giavang Archive
2026-03-23,17:00,"Vàng SJC 1L, 10L, 1KG (Vàng miếng 99.99%)",TP. Hồ Chí Minh,162000000,165000000,16200000,16500000,163500000,16350000,3000000,Giavang Archive
2026-03-24,17:00,"Vàng SJC 1L, 10L, 1KG (Vàng miếng 99.99%)",TP. Hồ Chí Minh,166000000,169000000,16600000,16900000,167500000,16750000,3000000,Giavang Archive
2026-03-25,17:00,"Vàng SJC 1L, 10L, 1KG (Vàng miếng 99.99%)",TP. Hồ Chí Minh,170500000,173500000,17050000,17350000,172000000,17200000,3000000,Giavang Archive
2026-03-26,17:00,"Vàng SJC 1L, 10L, 1KG (Vàng miếng 99.99%)",TP. Hồ Chí Minh,168500000,171500000,16850000,17150000,170000000,17000000,3000000,Giavang Archive
2026-03-27,17:00,"Vàng SJC 1L, 10L, 1KG (Vàng miếng 99.99%)",TP. Hồ Chí Minh,168600000,171600000,16860000,17160000,170100000,17010000,3000000,Giavang Archive
2026-03-28,17:00,"Vàng SJC 1L, 10L, 1KG (Vàng miếng 99.99%)",TP. Hồ Chí Minh,169800000,172800000,16980000,17280000,171300000,17130000,3000000,Giavang Archive
2026-03-29,17:00,"Vàng SJC 1L, 10L, 1KG (Vàng miếng 99.99%)",TP. Hồ Chí Minh,169800000,172800000,16980000,17280000,171300000,17130000,3000000,Giavang Archive
2026-03-30,17:00,"Vàng SJC 1L, 10L, 1KG (Vàng miếng 99.99%)",TP. Hồ Chí Minh,170800000,173800000,17080000,17380000,172300000,17230000,3000000,Giavang Archive
2026-03-31,17:00,"Vàng SJC 1L, 10L, 1KG (Vàng miếng 99.99%)",TP. Hồ Chí Minh,171900000,174900000,17190000,17490000,173400000,17340000,3000000,Giavang Archive
2026-04-01,17:00,"Vàng SJC 1L, 10L, 1KG (Vàng miếng 99.99%)",TP. Hồ Chí Minh,173700000,176700000,17370000,17670000,175200000,17520000,3000000,Giavang Archive
2026-04-02,17:00,"Vàng SJC 1L, 10L, 1KG (Vàng miếng 99.99%)",TP. Hồ Chí Minh,168800000,172800000,16880000,17280000,170800000,17080000,4000000,Giavang Archive
2026-04-03,17:00,"Vàng SJC 1L, 10L, 1KG (Vàng miếng 99.99%)",TP. Hồ Chí Minh,171000000,174500000,17100000,17450000,172750000,17275000,3500000,Giavang Archive
2026-04-04,17:00,"Vàng SJC 1L, 10L, 1KG (Vàng miếng 99.99%)",TP. Hồ Chí Minh,171500000,174500000,17150000,17450000,173000000,17300000,3000000,Giavang Archive
2026-04-05,17:00,"Vàng SJC 1L, 10L, 1KG (Vàng miếng 99.99%)",TP. Hồ Chí Minh,171500000,174500000,17150000,17450000,173000000,17300000,3000000,Giavang Archive
2026-04-06,17:00,"Vàng SJC 1L, 10L, 1KG (Vàng miếng 99.99%)",TP. Hồ Chí Minh,170100000,173100000,17010000,17310000,171600000,17160000,3000000,Giavang Archive
2026-04-07,17:00,"Vàng SJC 1L, 10L, 1KG (Vàng miếng 99.99%)",TP. Hồ Chí Minh,169500000,172500000,16950000,17250000,171000000,17100000,3000000,Giavang Archive
2026-04-08,17:00,"Vàng SJC 1L, 10L, 1KG (Vàng miếng 99.99%)",TP. Hồ Chí Minh,171000000,175000000,17100000,17500000,173000000,17300000,4000000,Giavang Archive
2026-04-09,17:00,"Vàng SJC 1L, 10L, 1KG (Vàng miếng 99.99%)",TP. Hồ Chí Minh,168500000,171500000,16850000,17150000,170000000,17000000,3000000,Giavang Archive
2026-04-10,17:00,"Vàng SJC 1L, 10L, 1KG (Vàng miếng 99.99%)",TP. Hồ Chí Minh,169700000,172700000,16970000,17270000,171200000,17120000,3000000,Giavang Archive
2026-04-11,17:00,"Vàng SJC 1L, 10L, 1KG (Vàng miếng 99.99%)",TP. Hồ Chí Minh,169400000,172400000,16940000,17240000,170900000,17090000,3000000,Giavang Archive
2026-04-12,17:00,"Vàng SJC 1L, 10L, 1KG (Vàng miếng 99.99%)",TP. Hồ Chí Minh,169400000,172400000,16940000,17240000,170900000,17090000,3000000,Giavang Archive
2026-04-13,17:00,"Vàng SJC 1L, 10L, 1KG (Vàng miếng 99.99%)",TP. Hồ Chí Minh,168500000,171500000,16850000,17150000,170000000,17000000,3000000,Giavang Archive
2026-04-14,17:00,"Vàng SJC 1L, 10L, 1KG (Vàng miếng 99.99%)",TP. Hồ Chí Minh,170500000,173000000,17050000,17300000,171750000,17175000,2500000,Giavang Archive
2026-04-15,17:00,"Vàng SJC 1L, 10L, 1KG (Vàng miếng 99.99%)",TP. Hồ Chí Minh,170500000,174000000,17050000,17400000,172250000,17225000,3500000,Giavang Archive
2026-04-16,17:00,"Vàng SJC 1L, 10L, 1KG (Vàng miếng 99.99%)",TP. Hồ Chí Minh,168500000,172000000,16850000,17200000,170250000,17025000,3500000,Giavang Archive
2026-04-17,17:00,"Vàng SJC 1L, 10L, 1KG (Vàng miếng 99.99%)",TP. Hồ Chí Minh,167500000,171000000,16750000,17100000,169250000,16925000,3500000,Giavang Archive
2026-04-18,17:00,"Vàng SJC 1L, 10L, 1KG (Vàng miếng 99.99%)",TP. Hồ Chí Minh,168500000,172000000,16850000,17200000,170250000,17025000,3500000,Giavang Archive
2026-04-19,17:00,"Vàng SJC 1L, 10L, 1KG (Vàng miếng 99.99%)",TP. Hồ Chí Minh,168500000,172000000,16850000,17200000,170250000,17025000,3500000,Giavang Archive
2026-04-20,17:00,"Vàng SJC 1L, 10L, 1KG (Vàng miếng 99.99%)",TP. Hồ Chí Minh,168300000,171300000,16830000,17130000,169800000,16980000,3000000,Giavang Archive
2026-04-21,17:00,"Vàng SJC 1L, 10L, 1KG (Vàng miếng 99.99%)",TP. Hồ Chí Minh,168100000,170600000,16810000,17060000,169350000,16935000,2500000,Giavang Archive
2026-04-22,17:00,"Vàng SJC 1L, 10L, 1KG (Vàng miếng 99.99%)",TP. Hồ Chí Minh,167500000,170000000,16750000,17000000,168750000,16875000,2500000,Giavang Archive
2026-04-23,17:00,"Vàng SJC 1L, 10L, 1KG (Vàng miếng 99.99%)",TP. Hồ Chí Minh,166700000,169200000,16670000,16920000,167950000,16795000,2500000,Giavang Archive
2026-04-24,17:00,"Vàng SJC 1L, 10L, 1KG (Vàng miếng 99.99%)",TP. Hồ Chí Minh,166700000,169200000,16670000,16920000,167950000,16795000,2500000,Giavang Archive (Nghỉ lễ / Giữ nguyên giá)
2026-04-25,17:00,"Vàng SJC 1L, 10L, 1KG (Vàng miếng 99.99%)",TP. Hồ Chí Minh,166300000,168800000,16630000,16880000,167550000,16755000,2500000,Giavang Archive
2026-04-26,17:00,"Vàng SJC 1L, 10L, 1KG (Vàng miếng 99.99%)",TP. Hồ Chí Minh,166300000,168800000,16630000,16880000,167550000,16755000,2500000,Giavang Archive
2026-04-27,17:00,"Vàng SJC 1L, 10L, 1KG (Vàng miếng 99.99%)",TP. Hồ Chí Minh,166300000,168800000,16630000,16880000,167550000,16755000,2500000,Giavang Archive
2026-04-28,17:00,"Vàng SJC 1L, 10L, 1KG (Vàng miếng 99.99%)",TP. Hồ Chí Minh,166300000,168800000,16630000,16880000,167550000,16755000,2500000,Giavang Archive (Nghỉ lễ / Giữ nguyên giá)
2026-04-29,17:00,"Vàng SJC 1L, 10L, 1KG (Vàng miếng 99.99%)",TP. Hồ Chí Minh,166300000,168800000,16630000,16880000,167550000,16755000,2500000,Giavang Archive (Nghỉ lễ / Giữ nguyên giá)
2026-04-30,17:00,"Vàng SJC 1L, 10L, 1KG (Vàng miếng 99.99%)",TP. Hồ Chí Minh,166300000,168800000,16630000,16880000,167550000,16755000,2500000,Giavang Archive (Nghỉ lễ / Giữ nguyên giá)
2026-05-01,17:00,"Vàng SJC 1L, 10L, 1KG (Vàng miếng 99.99%)",TP. Hồ Chí Minh,166300000,168800000,16630000,16880000,167550000,16755000,2500000,Giavang Archive (Nghỉ lễ / Giữ nguyên giá)
2026-05-02,17:00,"Vàng SJC 1L, 10L, 1KG (Vàng miếng 99.99%)",TP. Hồ Chí Minh,166300000,168800000,16630000,16880000,167550000,16755000,2500000,Giavang Archive (Nghỉ lễ / Giữ nguyên giá)
2026-05-03,17:00,"Vàng SJC 1L, 10L, 1KG (Vàng miếng 99.99%)",TP. Hồ Chí Minh,166300000,168800000,16630000,16880000,167550000,16755000,2500000,Giavang Archive (Nghỉ lễ / Giữ nguyên giá)
2026-05-04,17:00,"Vàng SJC 1L, 10L, 1KG (Vàng miếng 99.99%)",TP. Hồ Chí Minh,166300000,168800000,16630000,16880000,167550000,16755000,2500000,Giavang Archive (Nghỉ lễ / Giữ nguyên giá)
2026-05-05,17:00,"Vàng SJC 1L, 10L, 1KG (Vàng miếng 99.99%)",TP. Hồ Chí Minh,166300000,168800000,16630000,16880000,167550000,16755000,2500000,Giavang Archive (Nghỉ lễ / Giữ nguyên giá)
2026-05-06,17:00,"Vàng SJC 1L, 10L, 1KG (Vàng miếng 99.99%)",TP. Hồ Chí Minh,166300000,168800000,16630000,16880000,167550000,16755000,2500000,Giavang Archive (Nghỉ lễ / Giữ nguyên giá)
2026-05-07,17:00,"Vàng SJC 1L, 10L, 1KG (Vàng miếng 99.99%)",TP. Hồ Chí Minh,166300000,168800000,16630000,16880000,167550000,16755000,2500000,Giavang Archive (Nghỉ lễ / Giữ nguyên giá)
2026-05-08,17:00,"Vàng SJC 1L, 10L, 1KG (Vàng miếng 99.99%)",TP. Hồ Chí Minh,164500000,167500000,16450000,16750000,166000000,16600000,3000000,Giavang Archive
2026-05-09,17:00,"Vàng SJC 1L, 10L, 1KG (Vàng miếng 99.99%)",TP. Hồ Chí Minh,164500000,167500000,16450000,16750000,166000000,16600000,3000000,Giavang Archive
2026-05-10,17:00,"Vàng SJC 1L, 10L, 1KG (Vàng miếng 99.99%)",TP. Hồ Chí Minh,164500000,167500000,16450000,16750000,166000000,16600000,3000000,Giavang Archive
2026-05-11,17:00,"Vàng SJC 1L, 10L, 1KG (Vàng miếng 99.99%)",TP. Hồ Chí Minh,162200000,165200000,16220000,16520000,163700000,16370000,3000000,Giavang Archive
2026-05-12,17:00,"Vàng SJC 1L, 10L, 1KG (Vàng miếng 99.99%)",TP. Hồ Chí Minh,162500000,165500000,16250000,16550000,164000000,16400000,3000000,Giavang Archive
2026-05-13,17:00,"Vàng SJC 1L, 10L, 1KG (Vàng miếng 99.99%)",TP. Hồ Chí Minh,162000000,165000000,16200000,16500000,163500000,16350000,3000000,Giavang Archive
2026-05-14,17:00,"Vàng SJC 1L, 10L, 1KG (Vàng miếng 99.99%)",TP. Hồ Chí Minh,162000000,165000000,16200000,16500000,163500000,16350000,3000000,Giavang Archive
2026-05-15,17:00,"Vàng SJC 1L, 10L, 1KG (Vàng miếng 99.99%)",TP. Hồ Chí Minh,161000000,164000000,16100000,16400000,162500000,16250000,3000000,Giavang Archive
2026-05-16,17:00,"Vàng SJC 1L, 10L, 1KG (Vàng miếng 99.99%)",TP. Hồ Chí Minh,160500000,163500000,16050000,16350000,162000000,16200000,3000000,Giavang Archive
2026-05-17,17:00,"Vàng SJC 1L, 10L, 1KG (Vàng miếng 99.99%)",TP. Hồ Chí Minh,160500000,163500000,16050000,16350000,162000000,16200000,3000000,Giavang Archive
2026-05-18,17:00,"Vàng SJC 1L, 10L, 1KG (Vàng miếng 99.99%)",TP. Hồ Chí Minh,161300000,163800000,16130000,16380000,162550000,16255000,2500000,Giavang Archive
2026-05-19,17:00,"Vàng SJC 1L, 10L, 1KG (Vàng miếng 99.99%)",TP. Hồ Chí Minh,161000000,163500000,16100000,16350000,162250000,16225000,2500000,Giavang Archive
2026-05-20,17:00,"Vàng SJC 1L, 10L, 1KG (Vàng miếng 99.99%)",TP. Hồ Chí Minh,159000000,162000000,15900000,16200000,160500000,16050000,3000000,Giavang Archive
2026-05-21,17:00,"Vàng SJC 1L, 10L, 1KG (Vàng miếng 99.99%)",TP. Hồ Chí Minh,159400000,162400000,15940000,16240000,160900000,16090000,3000000,Giavang Archive
2026-05-22,17:00,"Vàng SJC 1L, 10L, 1KG (Vàng miếng 99.99%)",TP. Hồ Chí Minh,159000000,162000000,15900000,16200000,160500000,16050000,3000000,Giavang Archive
2026-05-23,17:00,"Vàng SJC 1L, 10L, 1KG (Vàng miếng 99.99%)",TP. Hồ Chí Minh,158500000,161500000,15850000,16150000,160000000,16000000,3000000,Giavang Archive
2026-05-24,17:00,"Vàng SJC 1L, 10L, 1KG (Vàng miếng 99.99%)",TP. Hồ Chí Minh,158500000,161500000,15850000,16150000,160000000,16000000,3000000,Giavang Archive
2026-05-25,17:00,"Vàng SJC 1L, 10L, 1KG (Vàng miếng 99.99%)",TP. Hồ Chí Minh,159000000,162000000,15900000,16200000,160500000,16050000,3000000,Giavang Archive
2026-05-26,17:00,"Vàng SJC 1L, 10L, 1KG (Vàng miếng 99.99%)",TP. Hồ Chí Minh,158500000,161500000,15850000,16150000,160000000,16000000,3000000,Giavang Archive
2026-05-27,17:00,"Vàng SJC 1L, 10L, 1KG (Vàng miếng 99.99%)",TP. Hồ Chí Minh,157700000,160700000,15770000,16070000,159200000,15920000,3000000,Giavang Archive
2026-05-28,17:00,"Vàng SJC 1L, 10L, 1KG (Vàng miếng 99.99%)",TP. Hồ Chí Minh,154500000,157500000,15450000,15750000,156000000,15600000,3000000,Giavang Archive
2026-05-29,17:00,"Vàng SJC 1L, 10L, 1KG (Vàng miếng 99.99%)",TP. Hồ Chí Minh,155500000,158500000,15550000,15850000,157000000,15700000,3000000,Giavang Archive
2026-05-30,17:00,"Vàng SJC 1L, 10L, 1KG (Vàng miếng 99.99%)",TP. Hồ Chí Minh,156000000,159000000,15600000,15900000,157500000,15750000,3000000,Giavang Archive
2026-05-31,17:00,"Vàng SJC 1L, 10L, 1KG (Vàng miếng 99.99%)",TP. Hồ Chí Minh,156000000,159000000,15600000,15900000,157500000,15750000,3000000,Giavang Archive
2026-06-01,17:00,"Vàng SJC 1L, 10L, 1KG (Vàng miếng 99.99%)",TP. Hồ Chí Minh,155500000,158500000,15550000,15850000,157000000,15700000,3000000,Giavang Archive
2026-06-02,17:00,"Vàng SJC 1L, 10L, 1KG (Vàng miếng 99.99%)",TP. Hồ Chí Minh,154500000,157500000,15450000,15750000,156000000,15600000,3000000,Giavang Archive
2026-06-03,17:00,"Vàng SJC 1L, 10L, 1KG (Vàng miếng 99.99%)",TP. Hồ Chí Minh,154000000,157000000,15400000,15700000,155500000,15550000,3000000,Giavang Archive
2026-06-04,17:00,"Vàng SJC 1L, 10L, 1KG (Vàng miếng 99.99%)",TP. Hồ Chí Minh,153000000,156000000,15300000,15600000,154500000,15450000,3000000,Giavang Archive
2026-06-05,17:00,"Vàng SJC 1L, 10L, 1KG (Vàng miếng 99.99%)",TP. Hồ Chí Minh,149200000,153200000,14920000,15320000,151200000,15120000,4000000,Giavang Archive
2026-06-06,17:00,"Vàng SJC 1L, 10L, 1KG (Vàng miếng 99.99%)",TP. Hồ Chí Minh,146200000,150200000,14620000,15020000,148200000,14820000,4000000,Giavang Archive
2026-06-07,17:00,"Vàng SJC 1L, 10L, 1KG (Vàng miếng 99.99%)",TP. Hồ Chí Minh,146200000,150200000,14620000,15020000,148200000,14820000,4000000,Giavang Archive
2026-06-08,17:00,"Vàng SJC 1L, 10L, 1KG (Vàng miếng 99.99%)",TP. Hồ Chí Minh,138800000,143800000,13880000,14380000,141300000,14130000,5000000,Giavang Archive
2026-06-09,17:00,"Vàng SJC 1L, 10L, 1KG (Vàng miếng 99.99%)",TP. Hồ Chí Minh,138800000,143800000,13880000,14380000,141300000,14130000,5000000,Giavang Archive
2026-06-10,17:00,"Vàng SJC 1L, 10L, 1KG (Vàng miếng 99.99%)",TP. Hồ Chí Minh,133300000,138300000,13330000,13830000,135800000,13580000,5000000,Giavang Archive
2026-06-11,17:00,"Vàng SJC 1L, 10L, 1KG (Vàng miếng 99.99%)",TP. Hồ Chí Minh,133400000,138400000,13340000,13840000,135900000,13590000,5000000,Giavang Archive
2026-06-12,17:00,"Vàng SJC 1L, 10L, 1KG (Vàng miếng 99.99%)",TP. Hồ Chí Minh,142400000,145400000,14240000,14540000,143900000,14390000,3000000,Giavang Archive
2026-06-13,17:00,"Vàng SJC 1L, 10L, 1KG (Vàng miếng 99.99%)",TP. Hồ Chí Minh,144000000,147000000,14400000,14700000,145500000,14550000,3000000,Giavang Archive
2026-06-14,17:00,"Vàng SJC 1L, 10L, 1KG (Vàng miếng 99.99%)",TP. Hồ Chí Minh,144000000,147000000,14400000,14700000,145500000,14550000,3000000,Giavang Archive
2026-06-15,17:00,"Vàng SJC 1L, 10L, 1KG (Vàng miếng 99.99%)",TP. Hồ Chí Minh,148000000,150500000,14800000,15050000,149250000,14925000,2500000,Giavang Archive
2026-06-16,17:00,"Vàng SJC 1L, 10L, 1KG (Vàng miếng 99.99%)",TP. Hồ Chí Minh,149500000,151500000,14950000,15150000,150500000,15050000,2000000,Giavang Archive
2026-06-17,17:00,"Vàng SJC 1L, 10L, 1KG (Vàng miếng 99.99%)",TP. Hồ Chí Minh,148800000,151300000,14880000,15130000,150050000,15005000,2500000,Giavang Archive
2026-06-18,17:00,"Vàng SJC 1L, 10L, 1KG (Vàng miếng 99.99%)",TP. Hồ Chí Minh,148800000,151300000,14880000,15130000,150050000,15005000,2500000,Giavang Archive
2026-06-19,17:00,"Vàng SJC 1L, 10L, 1KG (Vàng miếng 99.99%)",TP. Hồ Chí Minh,143700000,146700000,14370000,14670000,145200000,14520000,3000000,Giavang Archive
2026-06-20,17:00,"Vàng SJC 1L, 10L, 1KG (Vàng miếng 99.99%)",TP. Hồ Chí Minh,144200000,147200000,14420000,14720000,145700000,14570000,3000000,Giavang Archive
2026-06-21,17:00,"Vàng SJC 1L, 10L, 1KG (Vàng miếng 99.99%)",TP. Hồ Chí Minh,144200000,147200000,14420000,14720000,145700000,14570000,3000000,Giavang Archive
2026-06-22,17:00,"Vàng SJC 1L, 10L, 1KG (Vàng miếng 99.99%)",TP. Hồ Chí Minh,145600000,148600000,14560000,14860000,147100000,14710000,3000000,Giavang Archive
2026-06-23,17:00,"Vàng SJC 1L, 10L, 1KG (Vàng miếng 99.99%)",TP. Hồ Chí Minh,144000000,147000000,14400000,14700000,145500000,14550000,3000000,Giavang Archive
2026-06-24,17:00,"Vàng SJC 1L, 10L, 1KG (Vàng miếng 99.99%)",TP. Hồ Chí Minh,144000000,147000000,14400000,14700000,145500000,14550000,3000000,Giavang Archive
2026-06-25,17:00,"Vàng SJC 1L, 10L, 1KG (Vàng miếng 99.99%)",TP. Hồ Chí Minh,143200000,146200000,14320000,14620000,144700000,14470000,3000000,Giavang Archive
2026-06-26,17:00,"Vàng SJC 1L, 10L, 1KG (Vàng miếng 99.99%)",TP. Hồ Chí Minh,144000000,147000000,14400000,14700000,145500000,14550000,3000000,Giavang Archive
2026-06-27,17:00,"Vàng SJC 1L, 10L, 1KG (Vàng miếng 99.99%)",TP. Hồ Chí Minh,145500000,148500000,14550000,14850000,147000000,14700000,3000000,Giavang Archive
2026-06-28,17:00,"Vàng SJC 1L, 10L, 1KG (Vàng miếng 99.99%)",TP. Hồ Chí Minh,145500000,148500000,14550000,14850000,147000000,14700000,3000000,Giavang Archive
2026-06-29,17:00,"Vàng SJC 1L, 10L, 1KG (Vàng miếng 99.99%)",TP. Hồ Chí Minh,145000000,148000000,14500000,14800000,146500000,14650000,3000000,Giavang Archive
2026-06-30,17:00,"Vàng SJC 1L, 10L, 1KG (Vàng miếng 99.99%)",TP. Hồ Chí Minh,144000000,147000000,14400000,14700000,145500000,14550000,3000000,Giavang Archive
2026-07-01,17:00,"Vàng SJC 1L, 10L, 1KG (Vàng miếng 99.99%)",TP. Hồ Chí Minh,143400000,146400000,14340000,14640000,144900000,14490000,3000000,Giavang Archive
2026-07-02,17:00,"Vàng SJC 1L, 10L, 1KG (Vàng miếng 99.99%)",TP. Hồ Chí Minh,145400000,148400000,14540000,14840000,146900000,14690000,3000000,Giavang Archive
2026-07-03,17:00,"Vàng SJC 1L, 10L, 1KG (Vàng miếng 99.99%)",TP. Hồ Chí Minh,148400000,151400000,14840000,15140000,149900000,14990000,3000000,Giavang Archive
2026-07-04,17:00,"Vàng SJC 1L, 10L, 1KG (Vàng miếng 99.99%)",TP. Hồ Chí Minh,148400000,151400000,14840000,15140000,149900000,14990000,3000000,Giavang Archive
2026-07-05,17:00,"Vàng SJC 1L, 10L, 1KG (Vàng miếng 99.99%)",TP. Hồ Chí Minh,148400000,151400000,14840000,15140000,149900000,14990000,3000000,Giavang Archive
2026-07-06,17:00,"Vàng SJC 1L, 10L, 1KG (Vàng miếng 99.99%)",TP. Hồ Chí Minh,148400000,151400000,14840000,15140000,149900000,14990000,3000000,Giavang Archive (Nghỉ lễ / Giữ nguyên giá)
2026-07-07,17:00,"Vàng SJC 1L, 10L, 1KG (Vàng miếng 99.99%)",TP. Hồ Chí Minh,147000000,150000000,14700000,15000000,148500000,14850000,3000000,Giavang Archive
2026-07-08,17:00,"Vàng SJC 1L, 10L, 1KG (Vàng miếng 99.99%)",TP. Hồ Chí Minh,146500000,149500000,14650000,14950000,148000000,14800000,3000000,Giavang Archive
2026-07-09,17:00,"Vàng SJC 1L, 10L, 1KG (Vàng miếng 99.99%)",TP. Hồ Chí Minh,146000000,149000000,14600000,14900000,147500000,14750000,3000000,Giavang Archive
2026-07-10,17:00,"Vàng SJC 1L, 10L, 1KG (Vàng miếng 99.99%)",TP. Hồ Chí Minh,146900000,149900000,14690000,14990000,148400000,14840000,3000000,Giavang Archive
2026-07-11,17:00,"Vàng SJC 1L, 10L, 1KG (Vàng miếng 99.99%)",TP. Hồ Chí Minh,146900000,149900000,14690000,14990000,148400000,14840000,3000000,Giavang Archive
2026-07-12,17:00,"Vàng SJC 1L, 10L, 1KG (Vàng miếng 99.99%)",TP. Hồ Chí Minh,146900000,149900000,14690000,14990000,148400000,14840000,3000000,Giavang Archive
2026-07-13,17:00,"Vàng SJC 1L, 10L, 1KG (Vàng miếng 99.99%)",TP. Hồ Chí Minh,145400000,148400000,14540000,14840000,146900000,14690000,3000000,Giavang Archive
2026-07-14,17:00,"Vàng SJC 1L, 10L, 1KG (Vàng miếng 99.99%)",TP. Hồ Chí Minh,144500000,147500000,14450000,14750000,146000000,14600000,3000000,Giavang Archive
2026-07-15,17:00,"Vàng SJC 1L, 10L, 1KG (Vàng miếng 99.99%)",TP. Hồ Chí Minh,145500000,148500000,14550000,14850000,147000000,14700000,3000000,Giavang Archive
2026-07-16,17:00,"Vàng SJC 1L, 10L, 1KG (Vàng miếng 99.99%)",TP. Hồ Chí Minh,145200000,148200000,14520000,14820000,146700000,14670000,3000000,Giavang Archive
2026-07-17,17:00,"Vàng SJC 1L, 10L, 1KG (Vàng miếng 99.99%)",TP. Hồ Chí Minh,143600000,146600000,14360000,14660000,145100000,14510000,3000000,Giavang Archive
2026-07-18,17:00,"Vàng SJC 1L, 10L, 1KG (Vàng miếng 99.99%)",TP. Hồ Chí Minh,144500000,147500000,14450000,14750000,146000000,14600000,3000000,Giavang Archive
2026-07-19,17:00,"Vàng SJC 1L, 10L, 1KG (Vàng miếng 99.99%)",TP. Hồ Chí Minh,144500000,147500000,14450000,14750000,146000000,14600000,3000000,Giavang Archive
2026-07-20,17:00,"Vàng SJC 1L, 10L, 1KG (Vàng miếng 99.99%)",TP. Hồ Chí Minh,143000000,146000000,14300000,14600000,144500000,14450000,3000000,Giavang Archive
2026-07-21,17:00,"Vàng SJC 1L, 10L, 1KG (Vàng miếng 99.99%)",TP. Hồ Chí Minh,143400000,146400000,14340000,14640000,144900000,14490000,3000000,Giavang Archive
2026-07-22,17:00,"Vàng SJC 1L, 10L, 1KG (Vàng miếng 99.99%)",TP. Hồ Chí Minh,142000000,146000000,14200000,14600000,144000000,14400000,4000000,Giavang Archive
2026-07-23,17:00,"Vàng SJC 1L, 10L, 1KG (Vàng miếng 99.99%)",TP. Hồ Chí Minh,135000000,140000000,13500000,14000000,137500000,13750000,5000000,Giavang Archive
2026-07-24,17:00,"Vàng SJC 1L, 10L, 1KG (Vàng miếng 99.99%)",TP. Hồ Chí Minh,135500000,140500000,13550000,14050000,138000000,13800000,5000000,Giavang Archive
2026-07-25,17:00,"Vàng SJC 1L, 10L, 1KG (Vàng miếng 99.99%)",TP. Hồ Chí Minh,137500000,141500000,13750000,14150000,139500000,13950000,4000000,Giavang Archive
2026-07-26,17:00,"Vàng SJC 1L, 10L, 1KG (Vàng miếng 99.99%)",TP. Hồ Chí Minh,137500000,141500000,13750000,14150000,139500000,13950000,4000000,Giavang Archive
2026-07-27,17:00,"Vàng SJC 1L, 10L, 1KG (Vàng miếng 99.99%)",TP. Hồ Chí Minh,139000000,143000000,13900000,14300000,141000000,14100000,4000000,Giavang Archive
2026-07-28,17:00,"Vàng SJC 1L, 10L, 1KG (Vàng miếng 99.99%)",TP. Hồ Chí Minh,137500000,141500000,13750000,14150000,139500000,13950000,4000000,Giavang Archive
2026-07-29,17:00,"Vàng SJC 1L, 10L, 1KG (Vàng miếng 99.99%)",TP. Hồ Chí Minh,137500000,141500000,13750000,14150000,139500000,13950000,4000000,Giavang Archive
2026-07-30,17:00,"Vàng SJC 1L, 10L, 1KG (Vàng miếng 99.99%)",TP. Hồ Chí Minh,137700000,141700000,13770000,14170000,139700000,13970000,4000000,Giavang Archive
2026-07-31,17:00,"Vàng SJC 1L, 10L, 1KG (Vàng miếng 99.99%)",TP. Hồ Chí Minh,137900000,141900000,13790000,14190000,139900000,13990000,4000000,Giavang Archive
2026-08-01,17:00,"Vàng SJC 1L, 10L, 1KG (Vàng miếng 99.99%)",TP. Hồ Chí Minh,137000000,141000000,13700000,14100000,139000000,13900000,4000000,Giavang Archive
2026-08-02,17:00,"Vàng SJC 1L, 10L, 1KG (Vàng miếng 99.99%)",TP. Hồ Chí Minh,137000000,141000000,13700000,14100000,139000000,13900000,4000000,Giavang Archive
2026-08-03,17:00,"Vàng SJC 1L, 10L, 1KG (Vàng miếng 99.99%)",TP. Hồ Chí Minh,137500000,141000000,13750000,14100000,139250000,13925000,3500000,Giavang Archive
2026-08-04,17:00,"Vàng SJC 1L, 10L, 1KG (Vàng miếng 99.99%)",TP. Hồ Chí Minh,137500000,140500000,13750000,14050000,139000000,13900000,3000000,Giavang Archive
2026-08-05,17:00,"Vàng SJC 1L, 10L, 1KG (Vàng miếng 99.99%)",TP. Hồ Chí Minh,138800000,141800000,13880000,14180000,140300000,14030000,3000000,Giavang Archive
2026-08-06,17:00,"Vàng SJC 1L, 10L, 1KG (Vàng miếng 99.99%)",TP. Hồ Chí Minh,139700000,142700000,13970000,14270000,141200000,14120000,3000000,Giavang Archive
2026-08-07,17:00,"Vàng SJC 1L, 10L, 1KG (Vàng miếng 99.99%)",TP. Hồ Chí Minh,139200000,142200000,13920000,14220000,140700000,14070000,3000000,Giavang Archive
2026-08-08,17:00,"Vàng SJC 1L, 10L, 1KG (Vàng miếng 99.99%)",TP. Hồ Chí Minh,141000000,144000000,14100000,14400000,142500000,14250000,3000000,Giavang Archive
2026-08-09,17:00,"Vàng SJC 1L, 10L, 1KG (Vàng miếng 99.99%)",TP. Hồ Chí Minh,141000000,144000000,14100000,14400000,142500000,14250000,3000000,Giavang Archive
2026-08-10,17:00,"Vàng SJC 1L, 10L, 1KG (Vàng miếng 99.99%)",TP. Hồ Chí Minh,141100000,144100000,14110000,14410000,142600000,14260000,3000000,Giavang Archive
2026-08-11,17:00,"Vàng SJC 1L, 10L, 1KG (Vàng miếng 99.99%)",TP. Hồ Chí Minh,140800000,143800000,14080000,14380000,142300000,14230000,3000000,Giavang Archive
2026-08-12,17:00,"Vàng SJC 1L, 10L, 1KG (Vàng miếng 99.99%)",TP. Hồ Chí Minh,141300000,144300000,14130000,14430000,142800000,14280000,3000000,Giavang Archive
2026-08-13,17:00,"Vàng SJC 1L, 10L, 1KG (Vàng miếng 99.99%)",TP. Hồ Chí Minh,141300000,144300000,14130000,14430000,142800000,14280000,3000000,Giavang Archive
2026-08-14,17:00,"Vàng SJC 1L, 10L, 1KG (Vàng miếng 99.99%)",TP. Hồ Chí Minh,140300000,143300000,14030000,14330000,141800000,14180000,3000000,Giavang Archive
2026-08-15,17:00,"Vàng SJC 1L, 10L, 1KG (Vàng miếng 99.99%)",TP. Hồ Chí Minh,141000000,144000000,14100000,14400000,142500000,14250000,3000000,Giavang Archive
2026-08-16,17:00,"Vàng SJC 1L, 10L, 1KG (Vàng miếng 99.99%)",TP. Hồ Chí Minh,141000000,144000000,14100000,14400000,142500000,14250000,3000000,Giavang Archive
2026-08-17,17:00,"Vàng SJC 1L, 10L, 1KG (Vàng miếng 99.99%)",TP. Hồ Chí Minh,141200000,144200000,14120000,14420000,142700000,14270000,3000000,Giavang Archive
2026-08-18,17:00,"Vàng SJC 1L, 10L, 1KG (Vàng miếng 99.99%)",TP. Hồ Chí Minh,141300000,144300000,14130000,14430000,142800000,14280000,3000000,Giavang Archive
2026-08-19,17:00,"Vàng SJC 1L, 10L, 1KG (Vàng miếng 99.99%)",TP. Hồ Chí Minh,139700000,142700000,13970000,14270000,141200000,14120000,3000000,Giavang Archive
2026-08-20,17:00,"Vàng SJC 1L, 10L, 1KG (Vàng miếng 99.99%)",TP. Hồ Chí Minh,143000000,146000000,14300000,14600000,144500000,14450000,3000000,Giavang Archive
2026-08-21,17:00,"Vàng SJC 1L, 10L, 1KG (Vàng miếng 99.99%)",TP. Hồ Chí Minh,143600000,146600000,14360000,14660000,145100000,14510000,3000000,Giavang Archive
2026-08-22,17:00,"Vàng SJC 1L, 10L, 1KG (Vàng miếng 99.99%)",TP. Hồ Chí Minh,144600000,147600000,14460000,14760000,146100000,14610000,3000000,Giavang Archive
2026-08-23,17:00,"Vàng SJC 1L, 10L, 1KG (Vàng miếng 99.99%)",TP. Hồ Chí Minh,144600000,147600000,14460000,14760000,146100000,14610000,3000000,Giavang Archive
2026-08-24,17:00,"Vàng SJC 1L, 10L, 1KG (Vàng miếng 99.99%)",TP. Hồ Chí Minh,147000000,150000000,14700000,15000000,148500000,14850000,3000000,Giavang Archive
2026-08-25,17:00,"Vàng SJC 1L, 10L, 1KG (Vàng miếng 99.99%)",TP. Hồ Chí Minh,147600000,150600000,14760000,15060000,149100000,14910000,3000000,Giavang Archive
2026-08-26,17:00,"Vàng SJC 1L, 10L, 1KG (Vàng miếng 99.99%)",TP. Hồ Chí Minh,147300000,150300000,14730000,15030000,148800000,14880000,3000000,Giavang Archive
2026-08-27,17:00,"Vàng SJC 1L, 10L, 1KG (Vàng miếng 99.99%)",TP. Hồ Chí Minh,147000000,150000000,14700000,15000000,148500000,14850000,3000000,Giavang Archive
2026-08-28,17:00,"Vàng SJC 1L, 10L, 1KG (Vàng miếng 99.99%)",TP. Hồ Chí Minh,147200000,150200000,14720000,15020000,148700000,14870000,3000000,Giavang Archive
2026-08-29,17:00,"Vàng SJC 1L, 10L, 1KG (Vàng miếng 99.99%)",TP. Hồ Chí Minh,145700000,148700000,14570000,14870000,147200000,14720000,3000000,Giavang Archive
2026-08-30,17:00,"Vàng SJC 1L, 10L, 1KG (Vàng miếng 99.99%)",TP. Hồ Chí Minh,145700000,148700000,14570000,14870000,147200000,14720000,3000000,Giavang Archive
2026-08-31,17:00,"Vàng SJC 1L, 10L, 1KG (Vàng miếng 99.99%)",TP. Hồ Chí Minh,145700000,148700000,14570000,14870000,147200000,14720000,3000000,Giavang Archive
2026-09-01,17:00,"Vàng SJC 1L, 10L, 1KG (Vàng miếng 99.99%)",TP. Hồ Chí Minh,145700000,148700000,14570000,14870000,147200000,14720000,3000000,Giavang Archive
2026-09-02,17:00,"Vàng SJC 1L, 10L, 1KG (Vàng miếng 99.99%)",TP. Hồ Chí Minh,145700000,148700000,14570000,14870000,147200000,14720000,3000000,Giavang Archive
2026-09-03,17:00,"Vàng SJC 1L, 10L, 1KG (Vàng miếng 99.99%)",TP. Hồ Chí Minh,145400000,148400000,14540000,14840000,146900000,14690000,3000000,Giavang Archive
2026-09-04,17:00,"Vàng SJC 1L, 10L, 1KG (Vàng miếng 99.99%)",TP. Hồ Chí Minh,145600000,148600000,14560000,14860000,147100000,14710000,3000000,Giavang Archive
2026-09-05,17:00,"Vàng SJC 1L, 10L, 1KG (Vàng miếng 99.99%)",TP. Hồ Chí Minh,144600000,147600000,14460000,14760000,146100000,14610000,3000000,Giavang Archive
2026-09-06,17:00,"Vàng SJC 1L, 10L, 1KG (Vàng miếng 99.99%)",TP. Hồ Chí Minh,144600000,147600000,14460000,14760000,146100000,14610000,3000000,Giavang Archive
2026-09-07,17:00,"Vàng SJC 1L, 10L, 1KG (Vàng miếng 99.99%)",TP. Hồ Chí Minh,143500000,146500000,14350000,14650000,145000000,14500000,3000000,Giavang Archive
2026-09-08,17:00,"Vàng SJC 1L, 10L, 1KG (Vàng miếng 99.99%)",TP. Hồ Chí Minh,143600000,146600000,14360000,14660000,145100000,14510000,3000000,Giavang Archive
2026-09-09,17:00,"Vàng SJC 1L, 10L, 1KG (Vàng miếng 99.99%)",TP. Hồ Chí Minh,143600000,146600000,14360000,14660000,145100000,14510000,3000000,Giavang Archive
2026-09-10,17:00,"Vàng SJC 1L, 10L, 1KG (Vàng miếng 99.99%)",TP. Hồ Chí Minh,143600000,146600000,14360000,14660000,145100000,14510000,3000000,Giavang Archive
2026-09-11,17:00,"Vàng SJC 1L, 10L, 1KG (Vàng miếng 99.99%)",TP. Hồ Chí Minh,142400000,145400000,14240000,14540000,143900000,14390000,3000000,Giavang Archive
2026-09-12,17:00,"Vàng SJC 1L, 10L, 1KG (Vàng miếng 99.99%)",TP. Hồ Chí Minh,143000000,146000000,14300000,14600000,144500000,14450000,3000000,Giavang Archive
2026-09-13,17:00,"Vàng SJC 1L, 10L, 1KG (Vàng miếng 99.99%)",TP. Hồ Chí Minh,143000000,146000000,14300000,14600000,144500000,14450000,3000000,Giavang Archive
2026-09-14,17:00,"Vàng SJC 1L, 10L, 1KG (Vàng miếng 99.99%)",TP. Hồ Chí Minh,142600000,145600000,14260000,14560000,144100000,14410000,3000000,Giavang Archive
2026-09-15,17:00,"Vàng SJC 1L, 10L, 1KG (Vàng miếng 99.99%)",TP. Hồ Chí Minh,142300000,145300000,14230000,14530000,143800000,14380000,3000000,Giavang Archive
2026-09-16,17:00,"Vàng SJC 1L, 10L, 1KG (Vàng miếng 99.99%)",TP. Hồ Chí Minh,143500000,146500000,14350000,14650000,145000000,14500000,3000000,Giavang Archive
2026-09-17,17:00,"Vàng SJC 1L, 10L, 1KG (Vàng miếng 99.99%)",TP. Hồ Chí Minh,142800000,145800000,14280000,14580000,144300000,14430000,3000000,Giavang Archive
2026-09-18,17:00,"Vàng SJC 1L, 10L, 1KG (Vàng miếng 99.99%)",TP. Hồ Chí Minh,144600000,147600000,14460000,14760000,146100000,14610000,3000000,Giavang Archive
2026-09-19,17:00,"Vàng SJC 1L, 10L, 1KG (Vàng miếng 99.99%)",TP. Hồ Chí Minh,144600000,147600000,14460000,14760000,146100000,14610000,3000000,Giavang Archive
2026-09-20,17:00,"Vàng SJC 1L, 10L, 1KG (Vàng miếng 99.99%)",TP. Hồ Chí Minh,144600000,147600000,14460000,14760000,146100000,14610000,3000000,Giavang Archive (Nghỉ lễ / Giữ nguyên giá)
2026-09-21,17:00,"Vàng SJC 1L, 10L, 1KG (Vàng miếng 99.99%)",TP. Hồ Chí Minh,144600000,147600000,14460000,14760000,146100000,14610000,3000000,Giavang Archive (Nghỉ lễ / Giữ nguyên giá)
2026-09-22,17:00,"Vàng SJC 1L, 10L, 1KG (Vàng miếng 99.99%)",TP. Hồ Chí Minh,141900000,144900000,14190000,14490000,143400000,14340000,3000000,Giavang Archive
2026-09-23,17:00,"Vàng SJC 1L, 10L, 1KG (Vàng miếng 99.99%)",TP. Hồ Chí Minh,142500000,145500000,14250000,14550000,144000000,14400000,3000000,Giavang Archive
2026-09-24,17:00,"Vàng SJC 1L, 10L, 1KG (Vàng miếng 99.99%)",TP. Hồ Chí Minh,141400000,144400000,14140000,14440000,142900000,14290000,3000000,Giavang Archive
2026-09-25,17:00,"Vàng SJC 1L, 10L, 1KG (Vàng miếng 99.99%)",TP. Hồ Chí Minh,141400000,144400000,14140000,14440000,142900000,14290000,3000000,Giavang Archive (Nghỉ lễ / Giữ nguyên giá)
2026-09-26,17:00,"Vàng SJC 1L, 10L, 1KG (Vàng miếng 99.99%)",TP. Hồ Chí Minh,141400000,144400000,14140000,14440000,142900000,14290000,3000000,Giavang Archive (Nghỉ lễ / Giữ nguyên giá)
2026-09-27,17:00,"Vàng SJC 1L, 10L, 1KG (Vàng miếng 99.99%)",TP. Hồ Chí Minh,141400000,144400000,14140000,14440000,142900000,14290000,3000000,Giavang Archive
